time	V(vi)	V(vo)
0.000000000000000e+00	-1.000000e+00	-4.699904e-13
9.999999960041972e-12	-9.800000e-01	1.999998e-02
1.124836818562559e-11	-9.775032e-01	2.249672e-02
1.374510463679281e-11	-9.725098e-01	2.749019e-02
1.873857753912727e-11	-9.625229e-01	3.747712e-02
2.872552334379618e-11	-9.425489e-01	5.745100e-02
1.321110120855097e-10	-7.357780e-01	2.642218e-01
2.502658563617536e-10	-4.994683e-01	5.005313e-01
4.865755449142415e-10	-2.684891e-02	9.731504e-01
9.591949220192174e-10	9.183899e-01	1.918388e+00
1.000000000000000e-09	1.000000e+00	1.999999e+00
1.004080507798078e-09	1.000000e+00	1.999999e+00
1.012241523394235e-09	1.000000e+00	1.999999e+00
1.028563554586548e-09	1.000000e+00	1.999999e+00
1.061207616971174e-09	1.000000e+00	1.999999e+00
1.126495741740426e-09	1.000000e+00	1.999999e+00
1.257071991278931e-09	1.000000e+00	1.999999e+00
1.518224490355940e-09	1.000000e+00	1.999999e+00
2.040529488509957e-09	1.000000e+00	1.999999e+00
3.085139484817993e-09	1.000000e+00	1.999999e+00
5.174359477434064e-09	1.000000e+00	1.999999e+00
9.352799462666206e-09	1.000000e+00	1.999999e+00
1.770967943313049e-08	1.000000e+00	1.999999e+00
3.442343937405905e-08	1.000000e+00	1.999998e+00
6.785095925591618e-08	1.000000e+00	1.999998e+00
1.347059990196305e-07	1.000000e+00	1.999998e+00
2.684160785470590e-07	1.000000e+00	1.999997e+00
5.358362376019161e-07	1.000000e+00	1.999996e+00
1.070676555711630e-06	1.000000e+00	1.999994e+00
2.140357191931059e-06	1.000000e+00	1.999990e+00
4.279718464369915e-06	1.000000e+00	1.999980e+00
8.558441009247629e-06	1.000000e+00	1.999962e+00
1.711588609900306e-05	1.000000e+00	1.999926e+00
3.423077627851391e-05	1.000000e+00	1.999853e+00
6.846055663753562e-05	1.000000e+00	1.999707e+00
1.369201173555790e-04	1.000000e+00	1.999416e+00
2.738392387916659e-04	1.000000e+00	1.998834e+00
5.476774816638396e-04	1.000000e+00	1.997669e+00
1.095353967408187e-03	1.000000e+00	1.995343e+00
2.190706938896881e-03	1.000000e+00	1.990698e+00
4.381412881874271e-03	1.000000e+00	1.981441e+00
5.000001000000000e-03	1.000000e+00	1.978835e+00
5.000001100000000e-03	8.000000e-01	1.778835e+00
5.000001300000000e-03	4.000000e-01	1.378835e+00
5.000001700000000e-03	-4.000000e-01	5.788357e-01
5.000002000000001e-03	-1.000000e+00	-2.116382e-02
5.000002001538687e-03	-1.000000e+00	-2.116382e-02
5.000002004616059e-03	-1.000000e+00	-2.116382e-02
5.000002008782337e-03	-1.000000e+00	-2.116382e-02
5.000002012870229e-03	-1.000000e+00	-2.116382e-02
5.000002017345189e-03	-1.000000e+00	-2.116382e-02
5.000002026295107e-03	-1.000000e+00	-2.116382e-02
5.000002044194943e-03	-1.000000e+00	-2.116382e-02
5.000002079994615e-03	-1.000000e+00	-2.116382e-02
5.000002151593960e-03	-1.000000e+00	-2.116382e-02
5.000002294792649e-03	-1.000000e+00	-2.116382e-02
5.000002581190029e-03	-1.000000e+00	-2.116382e-02
5.000003153984788e-03	-1.000000e+00	-2.116382e-02
5.000004299574306e-03	-1.000000e+00	-2.116382e-02
5.000006590753342e-03	-1.000000e+00	-2.116382e-02
5.000011173111414e-03	-1.000000e+00	-2.116382e-02
5.000020337827558e-03	-1.000000e+00	-2.116382e-02
5.000038667259846e-03	-1.000000e+00	-2.116382e-02
5.000075326124421e-03	-1.000000e+00	-2.116382e-02
5.000148643853571e-03	-1.000000e+00	-2.116382e-02
5.000295279311871e-03	-1.000000e+00	-2.116381e-02
5.000588550228473e-03	-1.000000e+00	-2.116380e-02
5.001175092061677e-03	-1.000000e+00	-2.116377e-02
5.002348175728083e-03	-1.000000e+00	-2.116372e-02
5.004694343060896e-03	-1.000000e+00	-2.116361e-02
5.009386677726523e-03	-1.000000e+00	-2.116340e-02
5.018771347057775e-03	-1.000000e+00	-2.116298e-02
5.037540685720280e-03	-1.000000e+00	-2.116213e-02
5.075079363045290e-03	-1.000000e+00	-2.116044e-02
5.150156717695309e-03	-1.000000e+00	-2.115706e-02
5.300311426995348e-03	-1.000000e+00	-2.115030e-02
5.600620845595427e-03	-1.000000e+00	-2.113679e-02
6.201239682795583e-03	-1.000000e+00	-2.110980e-02
7.402477357195895e-03	-1.000000e+00	-2.105591e-02
9.804952705996520e-03	-1.000000e+00	-2.094855e-02
1.000000000000000e-02	-1.000000e+00	-2.093986e-02
1.000000010000000e-02	-8.000000e-01	1.790600e-01
1.000000030000000e-02	-4.000000e-01	5.790597e-01
1.000000070000000e-02	4.000000e-01	1.379059e+00
1.000000100000000e-02	1.000000e+00	1.979059e+00
1.000000103000000e-02	1.000000e+00	1.979059e+00
1.000000109000000e-02	1.000000e+00	1.979059e+00
1.000000121000000e-02	1.000000e+00	1.979059e+00
1.000000145000000e-02	1.000000e+00	1.979059e+00
1.000000193000000e-02	1.000000e+00	1.979059e+00
1.000000289000000e-02	1.000000e+00	1.979059e+00
1.000000481000001e-02	1.000000e+00	1.979059e+00
1.000000865000001e-02	1.000000e+00	1.979059e+00
1.000001633000003e-02	1.000000e+00	1.979059e+00
1.000003169000005e-02	1.000000e+00	1.979059e+00
1.000006241000011e-02	1.000000e+00	1.979059e+00
1.000012385000022e-02	1.000000e+00	1.979058e+00
1.000024673000044e-02	1.000000e+00	1.979058e+00
1.000049249000088e-02	1.000000e+00	1.979057e+00
1.000098401000176e-02	1.000000e+00	1.979055e+00
1.000196705000351e-02	1.000000e+00	1.979051e+00
1.000393313000703e-02	1.000000e+00	1.979042e+00
1.000786529001405e-02	1.000000e+00	1.979026e+00
1.001572961002810e-02	1.000000e+00	1.978993e+00
1.003145825005620e-02	1.000000e+00	1.978926e+00
1.006291553011240e-02	1.000000e+00	1.978794e+00
1.012583009022481e-02	1.000000e+00	1.978529e+00
1.025165921044961e-02	1.000000e+00	1.977999e+00
1.050331745089923e-02	1.000000e+00	1.976941e+00
1.100663393179846e-02	1.000000e+00	1.974825e+00
1.201326689359692e-02	1.000000e+00	1.970600e+00
1.402653281719384e-02	1.000000e+00	1.962176e+00
1.500000100000000e-02	1.000000e+00	1.958117e+00
1.500000110000000e-02	8.000000e-01	1.758117e+00
1.500000130000000e-02	4.000000e-01	1.358117e+00
1.500000170000000e-02	-4.000000e-01	5.581174e-01
1.500000200000000e-02	-1.000000e+00	-4.188209e-02
1.500000200154006e-02	-1.000000e+00	-4.188210e-02
1.500000200462019e-02	-1.000000e+00	-4.188210e-02
1.500000201078044e-02	-1.000000e+00	-4.188210e-02
1.500000201665039e-02	-1.000000e+00	-4.188210e-02
1.500000202343488e-02	-1.000000e+00	-4.188210e-02
1.500000203700385e-02	-1.000000e+00	-4.188210e-02
1.500000206414181e-02	-1.000000e+00	-4.188210e-02
1.500000211841773e-02	-1.000000e+00	-4.188210e-02
1.500000222696957e-02	-1.000000e+00	-4.188210e-02
1.500000244407324e-02	-1.000000e+00	-4.188210e-02
1.500000287828058e-02	-1.000000e+00	-4.188210e-02
1.500000374669527e-02	-1.000000e+00	-4.188210e-02
1.500000548352464e-02	-1.000000e+00	-4.188210e-02
1.500000895718339e-02	-1.000000e+00	-4.188210e-02
1.500001590450089e-02	-1.000000e+00	-4.188210e-02
1.500002979913589e-02	-1.000000e+00	-4.188209e-02
1.500005758840589e-02	-1.000000e+00	-4.188209e-02
1.500011316694588e-02	-1.000000e+00	-4.188209e-02
1.500022432402586e-02	-1.000000e+00	-4.188208e-02
1.500044663818582e-02	-1.000000e+00	-4.188206e-02
1.500089126650574e-02	-1.000000e+00	-4.188202e-02
1.500178052314558e-02	-1.000000e+00	-4.188194e-02
1.500355903642527e-02	-1.000000e+00	-4.188178e-02
1.500711606298464e-02	-1.000000e+00	-4.188146e-02
1.501423011610339e-02	-1.000000e+00	-4.188083e-02
1.502845822234089e-02	-1.000000e+00	-4.187956e-02
1.505691443481589e-02	-1.000000e+00	-4.187703e-02
1.511382685976588e-02	-1.000000e+00	-4.187195e-02
1.522765170966587e-02	-1.000000e+00	-4.186182e-02
1.545530140946584e-02	-1.000000e+00	-4.184154e-02
1.591060080906578e-02	-1.000000e+00	-4.180103e-02
1.682119960826566e-02	-1.000000e+00	-4.172012e-02
1.864239720666542e-02	-1.000000e+00	-4.155876e-02
2.000000000000000e-02	-1.000000e+00	-4.143889e-02
2.000000010000000e-02	-8.000000e-01	1.585609e-01
2.000000030000000e-02	-4.000000e-01	5.585607e-01
2.000000070000000e-02	4.000000e-01	1.358560e+00
2.000000100000000e-02	1.000000e+00	1.958560e+00
2.000000103000000e-02	1.000000e+00	1.958560e+00
2.000000109000000e-02	1.000000e+00	1.958560e+00
2.000000121000000e-02	1.000000e+00	1.958560e+00
2.000000145000000e-02	1.000000e+00	1.958560e+00
2.000000193000000e-02	1.000000e+00	1.958560e+00
2.000000289000000e-02	1.000000e+00	1.958560e+00
2.000000481000001e-02	1.000000e+00	1.958560e+00
2.000000865000001e-02	1.000000e+00	1.958560e+00
2.000001633000003e-02	1.000000e+00	1.958560e+00
2.000003169000006e-02	1.000000e+00	1.958560e+00
2.000006241000011e-02	1.000000e+00	1.958560e+00
2.000012385000022e-02	1.000000e+00	1.958559e+00
2.000024673000044e-02	1.000000e+00	1.958559e+00
2.000049249000088e-02	1.000000e+00	1.958558e+00
2.000098401000176e-02	1.000000e+00	1.958556e+00
2.000196705000351e-02	1.000000e+00	1.958552e+00
2.000393313000702e-02	1.000000e+00	1.958543e+00
2.000786529001405e-02	1.000000e+00	1.958527e+00
2.001572961002810e-02	1.000000e+00	1.958494e+00
2.003145825005620e-02	1.000000e+00	1.958429e+00
2.006291553011240e-02	1.000000e+00	1.958298e+00
2.012583009022481e-02	1.000000e+00	1.958035e+00
2.025165921044961e-02	1.000000e+00	1.957511e+00
2.050331745089923e-02	1.000000e+00	1.956463e+00
2.100663393179846e-02	1.000000e+00	1.954369e+00
2.201326689359692e-02	1.000000e+00	1.950188e+00
2.402653281719384e-02	1.000000e+00	1.941852e+00
2.500000100000000e-02	1.000000e+00	1.937834e+00
2.500000110000000e-02	8.000000e-01	1.737835e+00
2.500000130000000e-02	4.000000e-01	1.337835e+00
2.500000170000000e-02	-4.000000e-01	5.378353e-01
2.500000200000000e-02	-1.000000e+00	-6.216421e-02
2.500000200156945e-02	-1.000000e+00	-6.216421e-02
2.500000200470835e-02	-1.000000e+00	-6.216421e-02
2.500000201098615e-02	-1.000000e+00	-6.216420e-02
2.500000201816178e-02	-1.000000e+00	-6.216421e-02
2.500000202605392e-02	-1.000000e+00	-6.216420e-02
2.500000204183818e-02	-1.000000e+00	-6.216421e-02
2.500000207340671e-02	-1.000000e+00	-6.216420e-02
2.500000213654377e-02	-1.000000e+00	-6.216420e-02
2.500000226281789e-02	-1.000000e+00	-6.216420e-02
2.500000251536613e-02	-1.000000e+00	-6.216420e-02
2.500000302046260e-02	-1.000000e+00	-6.216420e-02
2.500000403065555e-02	-1.000000e+00	-6.216420e-02
2.500000605104144e-02	-1.000000e+00	-6.216420e-02
2.500001009181323e-02	-1.000000e+00	-6.216420e-02
2.500001817335681e-02	-1.000000e+00	-6.216420e-02
2.500003433644398e-02	-1.000000e+00	-6.216420e-02
2.500006666261830e-02	-1.000000e+00	-6.216419e-02
2.500013131496695e-02	-1.000000e+00	-6.216419e-02
2.500026061966425e-02	-1.000000e+00	-6.216417e-02
2.500051922905885e-02	-1.000000e+00	-6.216414e-02
2.500103644784804e-02	-1.000000e+00	-6.216407e-02
2.500207088542643e-02	-1.000000e+00	-6.216393e-02
2.500413976058321e-02	-1.000000e+00	-6.216366e-02
2.500827751089676e-02	-1.000000e+00	-6.216311e-02
2.501655301152387e-02	-1.000000e+00	-6.216202e-02
2.503310401277809e-02	-1.000000e+00	-6.215983e-02
2.506620601528652e-02	-1.000000e+00	-6.215545e-02
2.513241002030340e-02	-1.000000e+00	-6.214669e-02
2.526481803033714e-02	-1.000000e+00	-6.212919e-02
2.552963405040463e-02	-1.000000e+00	-6.209419e-02
2.605926609053961e-02	-1.000000e+00	-6.202425e-02
2.711853017080956e-02	-1.000000e+00	-6.188462e-02
2.923705833134948e-02	-1.000000e+00	-6.160628e-02
3.000000000000000e-02	-1.000000e+00	-6.150635e-02
3.000000010000000e-02	-8.000000e-01	1.384935e-01
3.000000030000000e-02	-4.000000e-01	5.384932e-01
3.000000070000000e-02	4.000000e-01	1.338493e+00
3.000000100000000e-02	1.000000e+00	1.938492e+00
3.000000103000000e-02	1.000000e+00	1.938492e+00
3.000000109000000e-02	1.000000e+00	1.938492e+00
3.000000121000000e-02	1.000000e+00	1.938492e+00
3.000000145000000e-02	1.000000e+00	1.938492e+00
3.000000193000000e-02	1.000000e+00	1.938492e+00
3.000000289000000e-02	1.000000e+00	1.938492e+00
3.000000481000000e-02	1.000000e+00	1.938492e+00
3.000000865000001e-02	1.000000e+00	1.938492e+00
3.000001633000002e-02	1.000000e+00	1.938492e+00
3.000003169000005e-02	1.000000e+00	1.938492e+00
3.000006241000011e-02	1.000000e+00	1.938492e+00
3.000012385000022e-02	1.000000e+00	1.938492e+00
3.000024673000044e-02	1.000000e+00	1.938491e+00
3.000049249000088e-02	1.000000e+00	1.938490e+00
3.000098401000175e-02	1.000000e+00	1.938488e+00
3.000196705000351e-02	1.000000e+00	1.938484e+00
3.000393313000702e-02	1.000000e+00	1.938476e+00
3.000786529001405e-02	1.000000e+00	1.938460e+00
3.001572961002810e-02	1.000000e+00	1.938427e+00
3.003145825005620e-02	1.000000e+00	1.938362e+00
3.006291553011240e-02	1.000000e+00	1.938233e+00
3.012583009022481e-02	1.000000e+00	1.937973e+00
3.025165921044961e-02	1.000000e+00	1.937455e+00
3.050331745089923e-02	1.000000e+00	1.936417e+00
3.100663393179846e-02	1.000000e+00	1.934345e+00
3.201326689359692e-02	1.000000e+00	1.930206e+00
3.402653281719384e-02	1.000000e+00	1.921956e+00
3.500000100000000e-02	1.000000e+00	1.917979e+00
3.500000110000000e-02	8.000000e-01	1.717979e+00
3.500000130000000e-02	4.000000e-01	1.317980e+00
3.500000170000000e-02	-4.000000e-01	5.179802e-01
3.500000200000000e-02	-1.000000e+00	-8.201931e-02
3.500000200206951e-02	-1.000000e+00	-8.201932e-02
3.500000200620853e-02	-1.000000e+00	-8.201931e-02
3.500000201448657e-02	-1.000000e+00	-8.201931e-02
3.500000202319586e-02	-1.000000e+00	-8.201931e-02
3.500000203442215e-02	-1.000000e+00	-8.201931e-02
3.500000205687474e-02	-1.000000e+00	-8.201931e-02
3.500000210177991e-02	-1.000000e+00	-8.201931e-02
3.500000219159025e-02	-1.000000e+00	-8.201931e-02
3.500000237121092e-02	-1.000000e+00	-8.201931e-02
3.500000273045227e-02	-1.000000e+00	-8.201931e-02
3.500000344893497e-02	-1.000000e+00	-8.201931e-02
3.500000488590038e-02	-1.000000e+00	-8.201931e-02
3.500000775983118e-02	-1.000000e+00	-8.201931e-02
3.500001350769280e-02	-1.000000e+00	-8.201931e-02
3.500002500341604e-02	-1.000000e+00	-8.201931e-02
3.500004799486250e-02	-1.000000e+00	-8.201931e-02
3.500009397775544e-02	-1.000000e+00	-8.201930e-02
3.500018594354132e-02	-1.000000e+00	-8.201928e-02
3.500036987511306e-02	-1.000000e+00	-8.201925e-02
3.500073773825655e-02	-1.000000e+00	-8.201919e-02
3.500147346454353e-02	-1.000000e+00	-8.201906e-02
3.500294491711748e-02	-1.000000e+00	-8.201881e-02
3.500588782226539e-02	-1.000000e+00	-8.201829e-02
3.501177363256122e-02	-1.000000e+00	-8.201727e-02
3.502354525315287e-02	-1.000000e+00	-8.201521e-02
3.504708849433617e-02	-1.000000e+00	-8.201110e-02
3.509417497670278e-02	-1.000000e+00	-8.200289e-02
3.518834794143599e-02	-1.000000e+00	-8.198646e-02
3.537669387090240e-02	-1.000000e+00	-8.195360e-02
3.575338572983523e-02	-1.000000e+00	-8.188794e-02
3.650676944770090e-02	-1.000000e+00	-8.175678e-02
3.801353688343223e-02	-1.000000e+00	-8.149507e-02
4.000000000000000e-02	-1.000000e+00	-8.115134e-02
4.000000010000000e-02	-8.000000e-01	1.188485e-01
4.000000030000000e-02	-4.000000e-01	5.188482e-01
4.000000070000000e-02	4.000000e-01	1.318848e+00
4.000000100000000e-02	1.000000e+00	1.918847e+00
4.000000103000000e-02	1.000000e+00	1.918847e+00
4.000000109000000e-02	1.000000e+00	1.918847e+00
4.000000121000000e-02	1.000000e+00	1.918847e+00
4.000000145000000e-02	1.000000e+00	1.918847e+00
4.000000192999999e-02	1.000000e+00	1.918847e+00
4.000000288999998e-02	1.000000e+00	1.918847e+00
4.000000480999996e-02	1.000000e+00	1.918847e+00
4.000000864999993e-02	1.000000e+00	1.918847e+00
4.000001632999985e-02	1.000000e+00	1.918847e+00
4.000003168999970e-02	1.000000e+00	1.918847e+00
4.000006240999940e-02	1.000000e+00	1.918847e+00
4.000012384999880e-02	1.000000e+00	1.918847e+00
4.000024672999760e-02	1.000000e+00	1.918846e+00
4.000049248999520e-02	1.000000e+00	1.918845e+00
4.000098400999039e-02	1.000000e+00	1.918843e+00
4.000196704998078e-02	1.000000e+00	1.918839e+00
4.000393312996155e-02	1.000000e+00	1.918831e+00
4.000786528992310e-02	1.000000e+00	1.918815e+00
4.001572960984620e-02	1.000000e+00	1.918783e+00
4.003145824969240e-02	1.000000e+00	1.918719e+00
4.006291552938481e-02	1.000000e+00	1.918590e+00
4.012583008876962e-02	1.000000e+00	1.918334e+00
4.025165920753923e-02	1.000000e+00	1.917820e+00
4.050331744507846e-02	1.000000e+00	1.916793e+00
4.100663392015693e-02	1.000000e+00	1.914742e+00
4.201326687031386e-02	1.000000e+00	1.910645e+00
4.402653277062771e-02	1.000000e+00	1.902479e+00
4.500000100000000e-02	1.000000e+00	1.898542e+00
4.500000110000000e-02	8.000000e-01	1.698542e+00
4.500000130000000e-02	4.000000e-01	1.298542e+00
4.500000170000000e-02	-4.000000e-01	4.985431e-01
4.500000200000000e-02	-1.000000e+00	-1.014564e-01
4.500000200255802e-02	-1.000000e+00	-1.014564e-01
4.500000200767406e-02	-1.000000e+00	-1.014564e-01
4.500000201790614e-02	-1.000000e+00	-1.014564e-01
4.500000202827153e-02	-1.000000e+00	-1.014564e-01
4.500000204315760e-02	-1.000000e+00	-1.014564e-01
4.500000207292974e-02	-1.000000e+00	-1.014564e-01
4.500000213205903e-02	-1.000000e+00	-1.014564e-01
4.500000225031761e-02	-1.000000e+00	-1.014564e-01
4.500000248683477e-02	-1.000000e+00	-1.014564e-01
4.500000295986908e-02	-1.000000e+00	-1.014564e-01
4.500000390593771e-02	-1.000000e+00	-1.014564e-01
4.500000579807496e-02	-1.000000e+00	-1.014564e-01
4.500000958234947e-02	-1.000000e+00	-1.014564e-01
4.500001715089848e-02	-1.000000e+00	-1.014564e-01
4.500003228799652e-02	-1.000000e+00	-1.014564e-01
4.500006256219258e-02	-1.000000e+00	-1.014564e-01
4.500012311058470e-02	-1.000000e+00	-1.014564e-01
4.500024420736894e-02	-1.000000e+00	-1.014564e-01
4.500048640093743e-02	-1.000000e+00	-1.014563e-01
4.500097078807440e-02	-1.000000e+00	-1.014562e-01
4.500193956234835e-02	-1.000000e+00	-1.014560e-01
4.500387711089624e-02	-1.000000e+00	-1.014556e-01
4.500775220799202e-02	-1.000000e+00	-1.014547e-01
4.501550240218359e-02	-1.000000e+00	-1.014531e-01
4.503100279056673e-02	-1.000000e+00	-1.014497e-01
4.506200356733301e-02	-1.000000e+00	-1.014430e-01
4.512400512086556e-02	-1.000000e+00	-1.014296e-01
4.524800822793067e-02	-1.000000e+00	-1.014029e-01
4.549601444206090e-02	-1.000000e+00	-1.013494e-01
4.599202687032134e-02	-1.000000e+00	-1.012425e-01
4.698405172684222e-02	-1.000000e+00	-1.010290e-01
4.896810143988400e-02	-1.000000e+00	-1.006034e-01
5.000000000000000e-02	-1.000000e+00	-1.003827e-01
5.000000010000000e-02	-8.000000e-01	9.961714e-02
5.000000030000001e-02	-4.000000e-01	4.996168e-01
5.000000070000001e-02	4.000000e-01	1.299616e+00
5.000000100000000e-02	1.000000e+00	1.899616e+00
5.000000103000000e-02	1.000000e+00	1.899616e+00
5.000000109000000e-02	1.000000e+00	1.899616e+00
5.000000121000000e-02	1.000000e+00	1.899616e+00
5.000000145000000e-02	1.000000e+00	1.899616e+00
5.000000193000000e-02	1.000000e+00	1.899616e+00
5.000000288999999e-02	1.000000e+00	1.899616e+00
5.000000480999996e-02	1.000000e+00	1.899616e+00
5.000000864999993e-02	1.000000e+00	1.899616e+00
5.000001632999986e-02	1.000000e+00	1.899616e+00
5.000003168999970e-02	1.000000e+00	1.899616e+00
5.000006240999940e-02	1.000000e+00	1.899616e+00
5.000012384999880e-02	1.000000e+00	1.899615e+00
5.000024672999760e-02	1.000000e+00	1.899615e+00
5.000049248999520e-02	1.000000e+00	1.899614e+00
5.000098400999039e-02	1.000000e+00	1.899612e+00
5.000196704998078e-02	1.000000e+00	1.899608e+00
5.000393312996156e-02	1.000000e+00	1.899600e+00
5.000786528992310e-02	1.000000e+00	1.899584e+00
5.001572960984620e-02	1.000000e+00	1.899552e+00
5.003145824969241e-02	1.000000e+00	1.899489e+00
5.006291552938481e-02	1.000000e+00	1.899362e+00
5.012583008876962e-02	1.000000e+00	1.899107e+00
5.025165920753923e-02	1.000000e+00	1.898599e+00
5.050331744507847e-02	1.000000e+00	1.897583e+00
5.100663392015693e-02	1.000000e+00	1.895552e+00
5.201326687031386e-02	1.000000e+00	1.891496e+00
5.402653277062771e-02	1.000000e+00	1.883411e+00
5.500000100000000e-02	1.000000e+00	1.879514e+00
5.500000110000000e-02	8.000000e-01	1.679514e+00
5.500000130000000e-02	4.000000e-01	1.279515e+00
5.500000170000000e-02	-4.000000e-01	4.795152e-01
5.500000200000000e-02	-1.000000e+00	-1.204843e-01
5.500000200303555e-02	-1.000000e+00	-1.204843e-01
5.500000200910665e-02	-1.000000e+00	-1.204843e-01
5.500000202124884e-02	-1.000000e+00	-1.204843e-01
5.500000203335182e-02	-1.000000e+00	-1.204843e-01
5.500000205219089e-02	-1.000000e+00	-1.204843e-01
5.500000208986902e-02	-1.000000e+00	-1.204843e-01
5.500000215243158e-02	-1.000000e+00	-1.204843e-01
5.500000227755670e-02	-1.000000e+00	-1.204843e-01
5.500000252780693e-02	-1.000000e+00	-1.204843e-01
5.500000302830740e-02	-1.000000e+00	-1.204843e-01
5.500000402930832e-02	-1.000000e+00	-1.204843e-01
5.500000603131018e-02	-1.000000e+00	-1.204843e-01
5.500001003531390e-02	-1.000000e+00	-1.204843e-01
5.500001804332133e-02	-1.000000e+00	-1.204843e-01
5.500003405933620e-02	-1.000000e+00	-1.204843e-01
5.500006609136593e-02	-1.000000e+00	-1.204843e-01
5.500013015542539e-02	-1.000000e+00	-1.204842e-01
5.500025828354432e-02	-1.000000e+00	-1.204842e-01
5.500051453978217e-02	-1.000000e+00	-1.204841e-01
5.500102705225787e-02	-1.000000e+00	-1.204840e-01
5.500205207720928e-02	-1.000000e+00	-1.204837e-01
5.500410212711209e-02	-1.000000e+00	-1.204832e-01
5.500820222691772e-02	-1.000000e+00	-1.204822e-01
5.501640242652898e-02	-1.000000e+00	-1.204801e-01
5.503280282575149e-02	-1.000000e+00	-1.204759e-01
5.506560362419652e-02	-1.000000e+00	-1.204675e-01
5.513120522108657e-02	-1.000000e+00	-1.204506e-01
5.526240841486667e-02	-1.000000e+00	-1.204170e-01
5.552481480242687e-02	-1.000000e+00	-1.203498e-01
5.604962757754729e-02	-1.000000e+00	-1.202155e-01
5.709925312778811e-02	-1.000000e+00	-1.199473e-01
5.919850422826976e-02	-1.000000e+00	-1.194126e-01
6.000000000000000e-02	-1.000000e+00	-1.192091e-01
6.000000010000001e-02	-8.000000e-01	8.079071e-02
6.000000030000000e-02	-4.000000e-01	4.807904e-01
6.000000070000000e-02	4.000000e-01	1.280790e+00
6.000000100000000e-02	1.000000e+00	1.880790e+00
6.000000103000000e-02	1.000000e+00	1.880790e+00
6.000000109000000e-02	1.000000e+00	1.880790e+00
6.000000120999999e-02	1.000000e+00	1.880789e+00
6.000000144999999e-02	1.000000e+00	1.880789e+00
6.000000192999999e-02	1.000000e+00	1.880789e+00
6.000000288999998e-02	1.000000e+00	1.880789e+00
6.000000480999996e-02	1.000000e+00	1.880789e+00
6.000000864999992e-02	1.000000e+00	1.880789e+00
6.000001632999985e-02	1.000000e+00	1.880789e+00
6.000003168999970e-02	1.000000e+00	1.880789e+00
6.000006240999940e-02	1.000000e+00	1.880789e+00
6.000012384999880e-02	1.000000e+00	1.880789e+00
6.000024672999760e-02	1.000000e+00	1.880788e+00
6.000049248999519e-02	1.000000e+00	1.880787e+00
6.000098400999038e-02	1.000000e+00	1.880786e+00
6.000196704998077e-02	1.000000e+00	1.880782e+00
6.000393312996155e-02	1.000000e+00	1.880774e+00
6.000786528992310e-02	1.000000e+00	1.880758e+00
6.001572960984620e-02	1.000000e+00	1.880727e+00
6.003145824969240e-02	1.000000e+00	1.880664e+00
6.006291552938481e-02	1.000000e+00	1.880538e+00
6.012583008876961e-02	1.000000e+00	1.880286e+00
6.025165920753923e-02	1.000000e+00	1.879783e+00
6.050331744507846e-02	1.000000e+00	1.878776e+00
6.100663392015693e-02	1.000000e+00	1.876765e+00
6.201326687031385e-02	1.000000e+00	1.872750e+00
6.402653277062771e-02	1.000000e+00	1.864745e+00
6.500000100000000e-02	1.000000e+00	1.860887e+00
6.500000110000000e-02	8.000000e-01	1.660887e+00
6.500000130000000e-02	4.000000e-01	1.260888e+00
6.500000170000000e-02	-4.000000e-01	4.608880e-01
6.500000200000000e-02	-1.000000e+00	-1.391115e-01
6.500000200350282e-02	-1.000000e+00	-1.391115e-01
6.500000201050847e-02	-1.000000e+00	-1.391115e-01
6.500000202451978e-02	-1.000000e+00	-1.391115e-01
6.500000203840497e-02	-1.000000e+00	-1.391115e-01
6.500000206144722e-02	-1.000000e+00	-1.391115e-01
6.500000210640858e-02	-1.000000e+00	-1.391115e-01
6.500000217610895e-02	-1.000000e+00	-1.391115e-01
6.500000231550970e-02	-1.000000e+00	-1.391115e-01
6.500000259431121e-02	-1.000000e+00	-1.391115e-01
6.500000312258090e-02	-1.000000e+00	-1.391115e-01
6.500000417912030e-02	-1.000000e+00	-1.391115e-01
6.500000629219910e-02	-1.000000e+00	-1.391115e-01
6.500001050648434e-02	-1.000000e+00	-1.391115e-01
6.500001893505482e-02	-1.000000e+00	-1.391115e-01
6.500003579219578e-02	-1.000000e+00	-1.391115e-01
6.500006950647771e-02	-1.000000e+00	-1.391115e-01
6.500013693504159e-02	-1.000000e+00	-1.391114e-01
6.500027179216933e-02	-1.000000e+00	-1.391114e-01
6.500054150642480e-02	-1.000000e+00	-1.391113e-01
6.500108093493576e-02	-1.000000e+00	-1.391112e-01
6.500215979195766e-02	-1.000000e+00	-1.391108e-01
6.500431750600145e-02	-1.000000e+00	-1.391102e-01
6.500863293408907e-02	-1.000000e+00	-1.391089e-01
6.501726379026428e-02	-1.000000e+00	-1.391064e-01
6.503452550261471e-02	-1.000000e+00	-1.391013e-01
6.506904892731558e-02	-1.000000e+00	-1.390910e-01
6.513809577671731e-02	-1.000000e+00	-1.390706e-01
6.527618947552076e-02	-1.000000e+00	-1.390298e-01
6.555237687312766e-02	-1.000000e+00	-1.389481e-01
6.610475166834148e-02	-1.000000e+00	-1.387848e-01
6.720950125876912e-02	-1.000000e+00	-1.384589e-01
6.941900043962439e-02	-1.000000e+00	-1.378094e-01
6.999999999999999e-02	-1.000000e+00	-1.376391e-01
7.000000009999999e-02	-8.000000e-01	6.236067e-02
7.000000029999999e-02	-4.000000e-01	4.623604e-01
7.000000070000000e-02	4.000000e-01	1.262360e+00
7.000000099999999e-02	1.000000e+00	1.862359e+00
7.000000102999999e-02	1.000000e+00	1.862360e+00
7.000000109000000e-02	1.000000e+00	1.862360e+00
7.000000121000001e-02	1.000000e+00	1.862360e+00
7.000000145000002e-02	1.000000e+00	1.862360e+00
7.000000193000003e-02	1.000000e+00	1.862360e+00
7.000000289000007e-02	1.000000e+00	1.862360e+00
7.000000481000014e-02	1.000000e+00	1.862360e+00
7.000000865000028e-02	1.000000e+00	1.862359e+00
7.000001633000055e-02	1.000000e+00	1.862359e+00
7.000003169000112e-02	1.000000e+00	1.862359e+00
7.000006241000224e-02	1.000000e+00	1.862359e+00
7.000012385000448e-02	1.000000e+00	1.862359e+00
7.000024673000896e-02	1.000000e+00	1.862358e+00
7.000049249001793e-02	1.000000e+00	1.862357e+00
7.000098401003586e-02	1.000000e+00	1.862356e+00
7.000196705007172e-02	1.000000e+00	1.862352e+00
7.000393313014344e-02	1.000000e+00	1.862344e+00
7.000786529028689e-02	1.000000e+00	1.862328e+00
7.001572961057380e-02	1.000000e+00	1.862297e+00
7.003145825114759e-02	1.000000e+00	1.862235e+00
7.006291553229518e-02	1.000000e+00	1.862110e+00
7.012583009459038e-02	1.000000e+00	1.861861e+00
7.025165921918076e-02	1.000000e+00	1.861363e+00
7.050331746836153e-02	1.000000e+00	1.860366e+00
7.100663396672305e-02	1.000000e+00	1.858375e+00
7.201326696344611e-02	1.000000e+00	1.854399e+00
7.402653295689222e-02	1.000000e+00	1.846473e+00
7.500000100000001e-02	1.000000e+00	1.842652e+00
7.500000110000000e-02	8.000000e-01	1.642652e+00
7.500000130000001e-02	4.000000e-01	1.242653e+00
7.500000170000001e-02	-4.000000e-01	4.426531e-01
7.500000200000001e-02	-1.000000e+00	-1.573464e-01
7.500000200396083e-02	-1.000000e+00	-1.573464e-01
7.500000201188246e-02	-1.000000e+00	-1.573464e-01
7.500000202772573e-02	-1.000000e+00	-1.573464e-01
7.500000204342799e-02	-1.000000e+00	-1.573464e-01
7.500000207087895e-02	-1.000000e+00	-1.573464e-01
7.500000212105544e-02	-1.000000e+00	-1.573464e-01
7.500000220030449e-02	-1.000000e+00	-1.573464e-01
7.500000235880258e-02	-1.000000e+00	-1.573464e-01
7.500000265874691e-02	-1.000000e+00	-1.573464e-01
7.500000322291998e-02	-1.000000e+00	-1.573464e-01
7.500000434862925e-02	-1.000000e+00	-1.573464e-01
7.500000648559632e-02	-1.000000e+00	-1.573464e-01
7.500001068526595e-02	-1.000000e+00	-1.573464e-01
7.500001908460521e-02	-1.000000e+00	-1.573464e-01
7.500003588328373e-02	-1.000000e+00	-1.573464e-01
7.500006948064077e-02	-1.000000e+00	-1.573464e-01
7.500013667535484e-02	-1.000000e+00	-1.573464e-01
7.500027106478298e-02	-1.000000e+00	-1.573464e-01
7.500053984363926e-02	-1.000000e+00	-1.573463e-01
7.500107740135183e-02	-1.000000e+00	-1.573461e-01
7.500215251677697e-02	-1.000000e+00	-1.573457e-01
7.500430274762726e-02	-1.000000e+00	-1.573450e-01
7.500860320932784e-02	-1.000000e+00	-1.573436e-01
7.501720413272900e-02	-1.000000e+00	-1.573407e-01
7.503440597953130e-02	-1.000000e+00	-1.573349e-01
7.506880967313591e-02	-1.000000e+00	-1.573234e-01
7.513761706034514e-02	-1.000000e+00	-1.573004e-01
7.527523183476358e-02	-1.000000e+00	-1.572543e-01
7.555046138360046e-02	-1.000000e+00	-1.571622e-01
7.610092048127423e-02	-1.000000e+00	-1.569782e-01
7.720183867662178e-02	-1.000000e+00	-1.566108e-01
7.940367506731688e-02	-1.000000e+00	-1.558786e-01
8.000000000000000e-02	-1.000000e+00	-1.556809e-01
8.000000010000000e-02	-8.000000e-01	4.431891e-02
8.000000030000000e-02	-4.000000e-01	4.443186e-01
8.000000070000000e-02	4.000000e-01	1.244318e+00
8.000000100000000e-02	1.000000e+00	1.844318e+00
8.000000103000000e-02	1.000000e+00	1.844318e+00
8.000000109000001e-02	1.000000e+00	1.844318e+00
8.000000121000000e-02	1.000000e+00	1.844318e+00
8.000000145000000e-02	1.000000e+00	1.844318e+00
8.000000192999999e-02	1.000000e+00	1.844318e+00
8.000000288999999e-02	1.000000e+00	1.844318e+00
8.000000480999997e-02	1.000000e+00	1.844318e+00
8.000000864999993e-02	1.000000e+00	1.844318e+00
8.000001632999985e-02	1.000000e+00	1.844318e+00
8.000003168999971e-02	1.000000e+00	1.844318e+00
8.000006240999941e-02	1.000000e+00	1.844317e+00
8.000012384999880e-02	1.000000e+00	1.844317e+00
8.000024672999760e-02	1.000000e+00	1.844317e+00
8.000049248999520e-02	1.000000e+00	1.844316e+00
8.000098400999039e-02	1.000000e+00	1.844314e+00
8.000196704998078e-02	1.000000e+00	1.844310e+00
8.000393312996155e-02	1.000000e+00	1.844302e+00
8.000786528992311e-02	1.000000e+00	1.844287e+00
8.001572960984621e-02	1.000000e+00	1.844256e+00
8.003145824969241e-02	1.000000e+00	1.844194e+00
8.006291552938481e-02	1.000000e+00	1.844071e+00
8.012583008876963e-02	1.000000e+00	1.843824e+00
8.025165920753924e-02	1.000000e+00	1.843330e+00
8.050331744507846e-02	1.000000e+00	1.842344e+00
8.100663392015693e-02	1.000000e+00	1.840372e+00
8.201326687031386e-02	1.000000e+00	1.836434e+00
8.402653277062772e-02	1.000000e+00	1.828585e+00
8.500000100000001e-02	1.000000e+00	1.824801e+00
8.500000110000000e-02	8.000000e-01	1.624801e+00
8.500000130000000e-02	4.000000e-01	1.224802e+00
8.500000170000001e-02	-4.000000e-01	4.248022e-01
8.500000200000001e-02	-1.000000e+00	-1.751973e-01
8.500000200441085e-02	-1.000000e+00	-1.751973e-01
8.500000201323256e-02	-1.000000e+00	-1.751973e-01
8.500000203087597e-02	-1.000000e+00	-1.751973e-01
8.500000204841796e-02	-1.000000e+00	-1.751973e-01
8.500000208042854e-02	-1.000000e+00	-1.751973e-01
8.500000213640810e-02	-1.000000e+00	-1.751973e-01
8.500000222636617e-02	-1.000000e+00	-1.751973e-01
8.500000240628230e-02	-1.000000e+00	-1.751973e-01
8.500000273129323e-02	-1.000000e+00	-1.751973e-01
8.500000334858342e-02	-1.000000e+00	-1.751973e-01
8.500000453906387e-02	-1.000000e+00	-1.751973e-01
8.500000676996372e-02	-1.000000e+00	-1.751973e-01
8.500001108350173e-02	-1.000000e+00	-1.751973e-01
8.500001971057775e-02	-1.000000e+00	-1.751973e-01
8.500003696472977e-02	-1.000000e+00	-1.751973e-01
8.500007147303382e-02	-1.000000e+00	-1.751973e-01
8.500014048964191e-02	-1.000000e+00	-1.751973e-01
8.500027852285810e-02	-1.000000e+00	-1.751972e-01
8.500055458929048e-02	-1.000000e+00	-1.751971e-01
8.500110672215526e-02	-1.000000e+00	-1.751969e-01
8.500221098788480e-02	-1.000000e+00	-1.751965e-01
8.500441951934389e-02	-1.000000e+00	-1.751957e-01
8.500883658226206e-02	-1.000000e+00	-1.751940e-01
8.501767070809842e-02	-1.000000e+00	-1.751907e-01
8.503533895977111e-02	-1.000000e+00	-1.751841e-01
8.507067546311650e-02	-1.000000e+00	-1.751710e-01
8.514134846980730e-02	-1.000000e+00	-1.751446e-01
8.528269448318888e-02	-1.000000e+00	-1.750919e-01
8.556538650995205e-02	-1.000000e+00	-1.749866e-01
8.613077056347837e-02	-1.000000e+00	-1.747761e-01
8.726153867053102e-02	-1.000000e+00	-1.743559e-01
8.952307488463632e-02	-1.000000e+00	-1.735186e-01
9.000000000000000e-02	-1.000000e+00	-1.733426e-01
9.000000009999999e-02	-8.000000e-01	2.665728e-02
9.000000029999999e-02	-4.000000e-01	4.266570e-01
9.000000070000000e-02	4.000000e-01	1.226656e+00
9.000000100000000e-02	1.000000e+00	1.826656e+00
9.000000103000000e-02	1.000000e+00	1.826656e+00
9.000000109000000e-02	1.000000e+00	1.826656e+00
9.000000121000000e-02	1.000000e+00	1.826656e+00
9.000000144999999e-02	1.000000e+00	1.826656e+00
9.000000192999999e-02	1.000000e+00	1.826656e+00
9.000000288999999e-02	1.000000e+00	1.826656e+00
9.000000480999996e-02	1.000000e+00	1.826656e+00
9.000000864999992e-02	1.000000e+00	1.826656e+00
9.000001632999985e-02	1.000000e+00	1.826656e+00
9.000003168999970e-02	1.000000e+00	1.826656e+00
9.000006240999940e-02	1.000000e+00	1.826656e+00
9.000012384999879e-02	1.000000e+00	1.826656e+00
9.000024672999760e-02	1.000000e+00	1.826655e+00
9.000049248999520e-02	1.000000e+00	1.826654e+00
9.000098400999039e-02	1.000000e+00	1.826652e+00
9.000196704998077e-02	1.000000e+00	1.826648e+00
9.000393312996155e-02	1.000000e+00	1.826641e+00
9.000786528992311e-02	1.000000e+00	1.826625e+00
9.001572960984620e-02	1.000000e+00	1.826595e+00
9.003145824969240e-02	1.000000e+00	1.826534e+00
9.006291552938481e-02	1.000000e+00	1.826411e+00
9.012583008876962e-02	1.000000e+00	1.826167e+00
9.025165920753923e-02	1.000000e+00	1.825678e+00
9.050331744507846e-02	1.000000e+00	1.824701e+00
9.100663392015693e-02	1.000000e+00	1.822748e+00
9.201326687031386e-02	1.000000e+00	1.818848e+00
9.402653277062771e-02	1.000000e+00	1.811074e+00
9.500000100000000e-02	1.000000e+00	1.807327e+00
9.500000109999999e-02	8.000000e-01	1.607327e+00
9.500000130000000e-02	4.000000e-01	1.207327e+00
9.500000170000000e-02	-4.000000e-01	4.073274e-01
9.500000200000000e-02	-1.000000e+00	-1.926721e-01
9.500000200485478e-02	-1.000000e+00	-1.926721e-01
9.500000201456436e-02	-1.000000e+00	-1.926721e-01
9.500000203398352e-02	-1.000000e+00	-1.926721e-01
9.500000205337679e-02	-1.000000e+00	-1.926721e-01
9.500000209002868e-02	-1.000000e+00	-1.926721e-01
9.500000215218432e-02	-1.000000e+00	-1.926721e-01
9.500000225362154e-02	-1.000000e+00	-1.926721e-01
9.500000245649597e-02	-1.000000e+00	-1.926721e-01
9.500000281227611e-02	-1.000000e+00	-1.926721e-01
9.500000349310884e-02	-1.000000e+00	-1.926721e-01
9.500000477706495e-02	-1.000000e+00	-1.926721e-01
9.500000716509585e-02	-1.000000e+00	-1.926721e-01
9.500001173418272e-02	-1.000000e+00	-1.926721e-01
9.500002087235647e-02	-1.000000e+00	-1.926721e-01
9.500003914870396e-02	-1.000000e+00	-1.926721e-01
9.500007570139894e-02	-1.000000e+00	-1.926720e-01
9.500014880678889e-02	-1.000000e+00	-1.926720e-01
9.500029501756879e-02	-1.000000e+00	-1.926720e-01
9.500058743912859e-02	-1.000000e+00	-1.926718e-01
9.500117228224819e-02	-1.000000e+00	-1.926716e-01
9.500234196848741e-02	-1.000000e+00	-1.926711e-01
9.500468134096583e-02	-1.000000e+00	-1.926702e-01
9.500936008592267e-02	-1.000000e+00	-1.926682e-01
9.501871757583637e-02	-1.000000e+00	-1.926644e-01
9.503743255566376e-02	-1.000000e+00	-1.926567e-01
9.507486251531853e-02	-1.000000e+00	-1.926414e-01
9.514972243462809e-02	-1.000000e+00	-1.926107e-01
9.529944227324719e-02	-1.000000e+00	-1.925493e-01
9.559888195048540e-02	-1.000000e+00	-1.924266e-01
9.619776130496181e-02	-1.000000e+00	-1.921813e-01
9.739552001391465e-02	-1.000000e+00	-1.916919e-01
9.979103743182030e-02	-1.000000e+00	-1.907167e-01
9.999999999999999e-02	-1.000000e+00	-1.906319e-01
1.000000001000000e-01	-8.000000e-01	9.367883e-03
1.000000003000000e-01	-4.000000e-01	4.093676e-01
1.000000007000000e-01	4.000000e-01	1.209367e+00
1.000000010000000e-01	1.000000e+00	1.809367e+00
1.000000010300000e-01	1.000000e+00	1.809367e+00
1.000000010900000e-01	1.000000e+00	1.809367e+00
1.000000012100000e-01	1.000000e+00	1.809367e+00
1.000000014500000e-01	1.000000e+00	1.809367e+00
1.000000019300000e-01	1.000000e+00	1.809367e+00
1.000000028900001e-01	1.000000e+00	1.809367e+00
1.000000048100001e-01	1.000000e+00	1.809367e+00
1.000000086500003e-01	1.000000e+00	1.809367e+00
1.000000163300006e-01	1.000000e+00	1.809367e+00
1.000000316900011e-01	1.000000e+00	1.809367e+00
1.000000624100022e-01	1.000000e+00	1.809366e+00
1.000001238500045e-01	1.000000e+00	1.809366e+00
1.000002467300090e-01	1.000000e+00	1.809366e+00
1.000004924900179e-01	1.000000e+00	1.809365e+00
1.000009840100359e-01	1.000000e+00	1.809363e+00
1.000019670500717e-01	1.000000e+00	1.809359e+00
1.000039331301434e-01	1.000000e+00	1.809352e+00
1.000078652902869e-01	1.000000e+00	1.809336e+00
1.000157296105738e-01	1.000000e+00	1.809306e+00
1.000314582511476e-01	1.000000e+00	1.809246e+00
1.000629155322952e-01	1.000000e+00	1.809124e+00
1.001258300945904e-01	1.000000e+00	1.808882e+00
1.002516592191808e-01	1.000000e+00	1.808398e+00
1.005033174683615e-01	1.000000e+00	1.807430e+00
1.010066339667230e-01	1.000000e+00	1.805496e+00
1.020132669634461e-01	1.000000e+00	1.801633e+00
1.040265329568922e-01	1.000000e+00	1.793932e+00
1.050000010000000e-01	1.000000e+00	1.790220e+00
1.050000011000000e-01	8.000000e-01	1.590220e+00
1.050000013000000e-01	4.000000e-01	1.190220e+00
1.050000017000000e-01	-4.000000e-01	3.902210e-01
1.050000020000000e-01	-1.000000e+00	-2.097785e-01
1.050000020052953e-01	-1.000000e+00	-2.097785e-01
1.050000020158859e-01	-1.000000e+00	-2.097785e-01
1.050000020370670e-01	-1.000000e+00	-2.097785e-01
1.050000020583117e-01	-1.000000e+00	-2.097785e-01
1.050000020995958e-01	-1.000000e+00	-2.097785e-01
1.050000021681279e-01	-1.000000e+00	-2.097785e-01
1.050000022814385e-01	-1.000000e+00	-2.097785e-01
1.050000025080598e-01	-1.000000e+00	-2.097785e-01
1.050000028980455e-01	-1.000000e+00	-2.097785e-01
1.050000036486927e-01	-1.000000e+00	-2.097785e-01
1.050000050436541e-01	-1.000000e+00	-2.097785e-01
1.050000076271959e-01	-1.000000e+00	-2.097785e-01
1.050000125373894e-01	-1.000000e+00	-2.097785e-01
1.050000223577764e-01	-1.000000e+00	-2.097784e-01
1.050000419985504e-01	-1.000000e+00	-2.097784e-01
1.050000812800985e-01	-1.000000e+00	-2.097784e-01
1.050001598431947e-01	-1.000000e+00	-2.097784e-01
1.050003169693870e-01	-1.000000e+00	-2.097783e-01
1.050006312217716e-01	-1.000000e+00	-2.097782e-01
1.050012597265408e-01	-1.000000e+00	-2.097779e-01
1.050025167360793e-01	-1.000000e+00	-2.097773e-01
1.050050307551562e-01	-1.000000e+00	-2.097762e-01
1.050100587933100e-01	-1.000000e+00	-2.097740e-01
1.050201148696176e-01	-1.000000e+00	-2.097695e-01
1.050402270222329e-01	-1.000000e+00	-2.097605e-01
1.050804513274634e-01	-1.000000e+00	-2.097425e-01
1.051608999379245e-01	-1.000000e+00	-2.097066e-01
1.053217971588466e-01	-1.000000e+00	-2.096347e-01
1.056435916006909e-01	-1.000000e+00	-2.094911e-01
1.062871804843793e-01	-1.000000e+00	-2.092042e-01
1.075743582517563e-01	-1.000000e+00	-2.086315e-01
1.100000000000000e-01	-1.000000e+00	-2.075565e-01
1.100000001000000e-01	-8.000000e-01	-7.556677e-03
1.100000003000000e-01	-4.000000e-01	3.924430e-01
1.100000007000000e-01	4.000000e-01	1.192442e+00
1.100000010000000e-01	1.000000e+00	1.792442e+00
1.100000010300000e-01	1.000000e+00	1.792442e+00
1.100000010900000e-01	1.000000e+00	1.792442e+00
1.100000012100000e-01	1.000000e+00	1.792442e+00
1.100000014500000e-01	1.000000e+00	1.792442e+00
1.100000019300000e-01	1.000000e+00	1.792442e+00
1.100000028900000e-01	1.000000e+00	1.792442e+00
1.100000048100000e-01	1.000000e+00	1.792442e+00
1.100000086499999e-01	1.000000e+00	1.792442e+00
1.100000163299999e-01	1.000000e+00	1.792442e+00
1.100000316899997e-01	1.000000e+00	1.792442e+00
1.100000624099994e-01	1.000000e+00	1.792442e+00
1.100001238499988e-01	1.000000e+00	1.792442e+00
1.100002467299976e-01	1.000000e+00	1.792441e+00
1.100004924899952e-01	1.000000e+00	1.792440e+00
1.100009840099904e-01	1.000000e+00	1.792438e+00
1.100019670499808e-01	1.000000e+00	1.792435e+00
1.100039331299616e-01	1.000000e+00	1.792427e+00
1.100078652899231e-01	1.000000e+00	1.792412e+00
1.100157296098462e-01	1.000000e+00	1.792382e+00
1.100314582496924e-01	1.000000e+00	1.792322e+00
1.100629155293848e-01	1.000000e+00	1.792202e+00
1.101258300887696e-01	1.000000e+00	1.791962e+00
1.102516592075392e-01	1.000000e+00	1.791483e+00
1.105033174450785e-01	1.000000e+00	1.790524e+00
1.110066339201569e-01	1.000000e+00	1.788607e+00
1.120132668703139e-01	1.000000e+00	1.784781e+00
1.140265327706277e-01	1.000000e+00	1.777152e+00
1.150000010000000e-01	1.000000e+00	1.773475e+00
1.150000011000000e-01	8.000000e-01	1.573475e+00
1.150000013000000e-01	4.000000e-01	1.173475e+00
1.150000017000000e-01	-4.000000e-01	3.734755e-01
1.150000020000000e-01	-1.000000e+00	-2.265240e-01
1.150000020023719e-01	-1.000000e+00	-2.265240e-01
1.150000020071157e-01	-1.000000e+00	-2.265240e-01
1.150000020166034e-01	-1.000000e+00	-2.265240e-01
1.150000020319479e-01	-1.000000e+00	-2.265240e-01
1.150000020497205e-01	-1.000000e+00	-2.265240e-01
1.150000020852656e-01	-1.000000e+00	-2.265240e-01
1.150000021563560e-01	-1.000000e+00	-2.265240e-01
1.150000022985366e-01	-1.000000e+00	-2.265240e-01
1.150000025828979e-01	-1.000000e+00	-2.265240e-01
1.150000031516205e-01	-1.000000e+00	-2.265240e-01
1.150000042890657e-01	-1.000000e+00	-2.265240e-01
1.150000065639561e-01	-1.000000e+00	-2.265240e-01
1.150000111137369e-01	-1.000000e+00	-2.265240e-01
1.150000202132984e-01	-1.000000e+00	-2.265240e-01
1.150000384124215e-01	-1.000000e+00	-2.265239e-01
1.150000748106677e-01	-1.000000e+00	-2.265239e-01
1.150001476071601e-01	-1.000000e+00	-2.265239e-01
1.150002932001448e-01	-1.000000e+00	-2.265238e-01
1.150005843861144e-01	-1.000000e+00	-2.265237e-01
1.150011667580535e-01	-1.000000e+00	-2.265234e-01
1.150023315019317e-01	-1.000000e+00	-2.265228e-01
1.150046609896880e-01	-1.000000e+00	-2.265217e-01
1.150093199652007e-01	-1.000000e+00	-2.265195e-01
1.150186379162261e-01	-1.000000e+00	-2.265150e-01
1.150372738182770e-01	-1.000000e+00	-2.265060e-01
1.150745456223786e-01	-1.000000e+00	-2.264880e-01
1.151490892305820e-01	-1.000000e+00	-2.264520e-01
1.152981764469886e-01	-1.000000e+00	-2.263801e-01
1.155963508798019e-01	-1.000000e+00	-2.262363e-01
1.161926997454285e-01	-1.000000e+00	-2.259490e-01
1.173853974766816e-01	-1.000000e+00	-2.253756e-01
1.197707929391880e-01	-1.000000e+00	-2.242331e-01
1.200000000000000e-01	-1.000000e+00	-2.241236e-01
1.200000001000000e-01	-8.000000e-01	-2.412379e-02
1.200000003000000e-01	-4.000000e-01	3.758759e-01
1.200000007000000e-01	4.000000e-01	1.175875e+00
1.200000010000000e-01	1.000000e+00	1.775875e+00
1.200000010310660e-01	1.000000e+00	1.775875e+00
1.200000010931979e-01	1.000000e+00	1.775875e+00
1.200000012174618e-01	1.000000e+00	1.775875e+00
1.200000014659895e-01	1.000000e+00	1.775875e+00
1.200000019630450e-01	1.000000e+00	1.775875e+00
1.200000029571559e-01	1.000000e+00	1.775875e+00
1.200000049453777e-01	1.000000e+00	1.775875e+00
1.200000089218214e-01	1.000000e+00	1.775875e+00
1.200000168747088e-01	1.000000e+00	1.775875e+00
1.200000327804836e-01	1.000000e+00	1.775875e+00
1.200000645920331e-01	1.000000e+00	1.775875e+00
1.200001282151322e-01	1.000000e+00	1.775874e+00
1.200002554613303e-01	1.000000e+00	1.775874e+00
1.200005099537266e-01	1.000000e+00	1.775873e+00
1.200010189385192e-01	1.000000e+00	1.775871e+00
1.200020369081043e-01	1.000000e+00	1.775867e+00
1.200040728472745e-01	1.000000e+00	1.775860e+00
1.200081447256151e-01	1.000000e+00	1.775844e+00
1.200162884822961e-01	1.000000e+00	1.775813e+00
1.200325759956582e-01	1.000000e+00	1.775752e+00
1.200651510223823e-01	1.000000e+00	1.775629e+00
1.201303010758305e-01	1.000000e+00	1.775383e+00
1.202606011827270e-01	1.000000e+00	1.774891e+00
1.205212013965200e-01	1.000000e+00	1.773907e+00
1.210424018241060e-01	1.000000e+00	1.771941e+00
1.220848026792779e-01	1.000000e+00	1.768015e+00
1.241696043896218e-01	1.000000e+00	1.760190e+00
1.250000010000000e-01	1.000000e+00	1.757083e+00
1.250000011000000e-01	8.000000e-01	1.557083e+00
1.250000013000000e-01	4.000000e-01	1.157083e+00
1.250000017000000e-01	-4.000000e-01	3.570837e-01
1.250000020000000e-01	-1.000000e+00	-2.429158e-01
1.250000020025511e-01	-1.000000e+00	-2.429158e-01
1.250000020076533e-01	-1.000000e+00	-2.429158e-01
1.250000020178576e-01	-1.000000e+00	-2.429158e-01
1.250000020342388e-01	-1.000000e+00	-2.429158e-01
1.250000020534930e-01	-1.000000e+00	-2.429158e-01
1.250000020920015e-01	-1.000000e+00	-2.429158e-01
1.250000021690184e-01	-1.000000e+00	-2.429158e-01
1.250000023230523e-01	-1.000000e+00	-2.429158e-01
1.250000026311200e-01	-1.000000e+00	-2.429158e-01
1.250000032472554e-01	-1.000000e+00	-2.429158e-01
1.250000044795263e-01	-1.000000e+00	-2.429158e-01
1.250000069440680e-01	-1.000000e+00	-2.429157e-01
1.250000118731515e-01	-1.000000e+00	-2.429157e-01
1.250000217313184e-01	-1.000000e+00	-2.429157e-01
1.250000414476522e-01	-1.000000e+00	-2.429157e-01
1.250000808803198e-01	-1.000000e+00	-2.429157e-01
1.250001597456551e-01	-1.000000e+00	-2.429157e-01
1.250003174763255e-01	-1.000000e+00	-2.429156e-01
1.250006329376665e-01	-1.000000e+00	-2.429154e-01
1.250012638603484e-01	-1.000000e+00	-2.429151e-01
1.250025257057122e-01	-1.000000e+00	-2.429145e-01
1.250050493964398e-01	-1.000000e+00	-2.429131e-01
1.250100967778950e-01	-1.000000e+00	-2.429105e-01
1.250201915408055e-01	-1.000000e+00	-2.429053e-01
1.250403810666263e-01	-1.000000e+00	-2.428948e-01
1.250807601182681e-01	-1.000000e+00	-2.428739e-01
1.251615182215517e-01	-1.000000e+00	-2.428321e-01
1.253230344281188e-01	-1.000000e+00	-2.427485e-01
1.256460668412530e-01	-1.000000e+00	-2.425814e-01
1.262921316675215e-01	-1.000000e+00	-2.422475e-01
1.275842613200584e-01	-1.000000e+00	-2.415811e-01
1.300000000000000e-01	-1.000000e+00	-2.403401e-01
1.300000001000000e-01	-8.000000e-01	-4.034030e-02
1.300000003000000e-01	-4.000000e-01	3.596593e-01
1.300000007000000e-01	4.000000e-01	1.159659e+00
1.300000010000000e-01	1.000000e+00	1.759658e+00
1.300000010347903e-01	1.000000e+00	1.759658e+00
1.300000011043709e-01	1.000000e+00	1.759658e+00
1.300000012435322e-01	1.000000e+00	1.759658e+00
1.300000015218546e-01	1.000000e+00	1.759658e+00
1.300000020784996e-01	1.000000e+00	1.759658e+00
1.300000031917894e-01	1.000000e+00	1.759658e+00
1.300000054183692e-01	1.000000e+00	1.759658e+00
1.300000098715286e-01	1.000000e+00	1.759658e+00
1.300000187778475e-01	1.000000e+00	1.759658e+00
1.300000365904854e-01	1.000000e+00	1.759658e+00
1.300000722157610e-01	1.000000e+00	1.759658e+00
1.300001434663124e-01	1.000000e+00	1.759658e+00
1.300002859674150e-01	1.000000e+00	1.759657e+00
1.300005709696203e-01	1.000000e+00	1.759656e+00
1.300011409740310e-01	1.000000e+00	1.759654e+00
1.300022809828523e-01	1.000000e+00	1.759650e+00
1.300045610004948e-01	1.000000e+00	1.759641e+00
1.300091210357799e-01	1.000000e+00	1.759624e+00
1.300182411063502e-01	1.000000e+00	1.759590e+00
1.300364812474906e-01	1.000000e+00	1.759522e+00
1.300729615297716e-01	1.000000e+00	1.759385e+00
1.301459220943334e-01	1.000000e+00	1.759112e+00
1.302918432234572e-01	1.000000e+00	1.758566e+00
1.305836854817046e-01	1.000000e+00	1.757474e+00
1.311673699981995e-01	1.000000e+00	1.755293e+00
1.323347390311892e-01	1.000000e+00	1.750939e+00
1.346694770971688e-01	1.000000e+00	1.742263e+00
1.350000010000000e-01	1.000000e+00	1.741038e+00
1.350000011000000e-01	8.000000e-01	1.541038e+00
1.350000013000000e-01	4.000000e-01	1.141038e+00
1.350000017000000e-01	-4.000000e-01	3.410388e-01
1.350000020000000e-01	-1.000000e+00	-2.589607e-01
1.350000020027327e-01	-1.000000e+00	-2.589607e-01
1.350000020081980e-01	-1.000000e+00	-2.589607e-01
1.350000020191286e-01	-1.000000e+00	-2.589607e-01
1.350000020366183e-01	-1.000000e+00	-2.589607e-01
1.350000020572270e-01	-1.000000e+00	-2.589607e-01
1.350000020984445e-01	-1.000000e+00	-2.589607e-01
1.350000021808793e-01	-1.000000e+00	-2.589607e-01
1.350000023457491e-01	-1.000000e+00	-2.589607e-01
1.350000026754887e-01	-1.000000e+00	-2.589607e-01
1.350000033349679e-01	-1.000000e+00	-2.589607e-01
1.350000046539262e-01	-1.000000e+00	-2.589607e-01
1.350000072918429e-01	-1.000000e+00	-2.589607e-01
1.350000125676763e-01	-1.000000e+00	-2.589607e-01
1.350000231193431e-01	-1.000000e+00	-2.589607e-01
1.350000442226766e-01	-1.000000e+00	-2.589607e-01
1.350000864293436e-01	-1.000000e+00	-2.589607e-01
1.350001708426777e-01	-1.000000e+00	-2.589606e-01
1.350003396693458e-01	-1.000000e+00	-2.589605e-01
1.350006773226821e-01	-1.000000e+00	-2.589603e-01
1.350013526293546e-01	-1.000000e+00	-2.589599e-01
1.350027032426996e-01	-1.000000e+00	-2.589592e-01
1.350054044693897e-01	-1.000000e+00	-2.589577e-01
1.350108069227698e-01	-1.000000e+00	-2.589547e-01
1.350216118295300e-01	-1.000000e+00	-2.589488e-01
1.350432216430504e-01	-1.000000e+00	-2.589368e-01
1.350864412700911e-01	-1.000000e+00	-2.589130e-01
1.351728805241728e-01	-1.000000e+00	-2.588652e-01
1.353457590323359e-01	-1.000000e+00	-2.587697e-01
1.356915160486624e-01	-1.000000e+00	-2.585789e-01
1.363830300813152e-01	-1.000000e+00	-2.581976e-01
1.377660581466208e-01	-1.000000e+00	-2.574367e-01
1.400000000000000e-01	-1.000000e+00	-2.562126e-01
1.400000001000000e-01	-8.000000e-01	-5.621278e-02
1.400000003000000e-01	-4.000000e-01	3.437869e-01
1.400000006375649e-01	2.751299e-01	1.018916e+00
1.400000009771536e-01	9.543072e-01	1.698093e+00
1.400000010000000e-01	1.000000e+00	1.743786e+00
1.400000010062415e-01	1.000000e+00	1.743786e+00
1.400000010187246e-01	1.000000e+00	1.743786e+00
1.400000010436908e-01	1.000000e+00	1.743786e+00
1.400000010936232e-01	1.000000e+00	1.743786e+00
1.400000011934879e-01	1.000000e+00	1.743786e+00
1.400000013932174e-01	1.000000e+00	1.743786e+00
1.400000017926764e-01	1.000000e+00	1.743786e+00
1.400000025915943e-01	1.000000e+00	1.743786e+00
1.400000041894301e-01	1.000000e+00	1.743786e+00
1.400000073851017e-01	1.000000e+00	1.743786e+00
1.400000137764449e-01	1.000000e+00	1.743786e+00
1.400000265591313e-01	1.000000e+00	1.743786e+00
1.400000521245041e-01	1.000000e+00	1.743786e+00
1.400001032552497e-01	1.000000e+00	1.743786e+00
1.400002055167409e-01	1.000000e+00	1.743785e+00
1.400004100397233e-01	1.000000e+00	1.743784e+00
1.400008190856881e-01	1.000000e+00	1.743783e+00
1.400016371776178e-01	1.000000e+00	1.743780e+00
1.400032733614772e-01	1.000000e+00	1.743774e+00
1.400065457291960e-01	1.000000e+00	1.743762e+00
1.400130904646336e-01	1.000000e+00	1.743737e+00
1.400261799355088e-01	1.000000e+00	1.743689e+00
1.400523588772591e-01	1.000000e+00	1.743592e+00
1.401047167607597e-01	1.000000e+00	1.743397e+00
1.402094325277609e-01	1.000000e+00	1.743009e+00
1.404188640617634e-01	1.000000e+00	1.742233e+00
1.408377271297684e-01	1.000000e+00	1.740681e+00
1.416754532657784e-01	1.000000e+00	1.737581e+00
1.433509055377982e-01	1.000000e+00	1.731398e+00
1.450000010000000e-01	1.000000e+00	1.725333e+00
1.450000011000000e-01	8.000000e-01	1.525333e+00
1.450000013000000e-01	4.000000e-01	1.125334e+00
1.450000017000000e-01	-4.000000e-01	3.253343e-01
1.450000020000000e-01	-1.000000e+00	-2.746652e-01
1.450000020029195e-01	-1.000000e+00	-2.746652e-01
1.450000020087584e-01	-1.000000e+00	-2.746652e-01
1.450000020204363e-01	-1.000000e+00	-2.746652e-01
1.450000020391478e-01	-1.000000e+00	-2.746652e-01
1.450000020609429e-01	-1.000000e+00	-2.746652e-01
1.450000021045330e-01	-1.000000e+00	-2.746652e-01
1.450000021917132e-01	-1.000000e+00	-2.746652e-01
1.450000023660738e-01	-1.000000e+00	-2.746652e-01
1.450000027147948e-01	-1.000000e+00	-2.746652e-01
1.450000034122369e-01	-1.000000e+00	-2.746652e-01
1.450000048071211e-01	-1.000000e+00	-2.746652e-01
1.450000075968896e-01	-1.000000e+00	-2.746652e-01
1.450000131764264e-01	-1.000000e+00	-2.746652e-01
1.450000243355000e-01	-1.000000e+00	-2.746652e-01
1.450000466536474e-01	-1.000000e+00	-2.746651e-01
1.450000912899420e-01	-1.000000e+00	-2.746651e-01
1.450001805625313e-01	-1.000000e+00	-2.746651e-01
1.450003591077099e-01	-1.000000e+00	-2.746650e-01
1.450007161980671e-01	-1.000000e+00	-2.746648e-01
1.450014303787815e-01	-1.000000e+00	-2.746643e-01
1.450028587402102e-01	-1.000000e+00	-2.746635e-01
1.450057154630677e-01	-1.000000e+00	-2.746618e-01
1.450114289087827e-01	-1.000000e+00	-2.746585e-01
1.450228558002127e-01	-1.000000e+00	-2.746518e-01
1.450457095830726e-01	-1.000000e+00	-2.746384e-01
1.450914171487924e-01	-1.000000e+00	-2.746115e-01
1.451828322802320e-01	-1.000000e+00	-2.745579e-01
1.453656625431112e-01	-1.000000e+00	-2.744507e-01
1.457313230688697e-01	-1.000000e+00	-2.742363e-01
1.464626441203867e-01	-1.000000e+00	-2.738082e-01
1.479252862234207e-01	-1.000000e+00	-2.729539e-01
1.500000000000000e-01	-9.999999e-01	-2.717468e-01
1.500000001000000e-01	-8.000000e-01	-7.174695e-02
1.500000003000000e-01	-3.999999e-01	3.282527e-01
1.500000005877097e-01	1.754194e-01	9.036716e-01
1.500000008771201e-01	7.542402e-01	1.482492e+00
1.500000010000000e-01	1.000000e+00	1.728252e+00
1.500000010125697e-01	1.000000e+00	1.728252e+00
1.500000010377092e-01	1.000000e+00	1.728252e+00
1.500000010879883e-01	1.000000e+00	1.728252e+00
1.500000011885463e-01	1.000000e+00	1.728252e+00
1.500000013896624e-01	1.000000e+00	1.728252e+00
1.500000017918946e-01	1.000000e+00	1.728252e+00
1.500000025963590e-01	1.000000e+00	1.728252e+00
1.500000042052878e-01	1.000000e+00	1.728252e+00
1.500000074231453e-01	1.000000e+00	1.728252e+00
1.500000138588603e-01	1.000000e+00	1.728252e+00
1.500000267302904e-01	1.000000e+00	1.728252e+00
1.500000524731505e-01	1.000000e+00	1.728251e+00
1.500001039588708e-01	1.000000e+00	1.728251e+00
1.500002069303113e-01	1.000000e+00	1.728251e+00
1.500004128731923e-01	1.000000e+00	1.728250e+00
1.500008247589543e-01	1.000000e+00	1.728249e+00
1.500016485304785e-01	1.000000e+00	1.728246e+00
1.500032960735267e-01	1.000000e+00	1.728240e+00
1.500065911596232e-01	1.000000e+00	1.728227e+00
1.500131813318162e-01	1.000000e+00	1.728203e+00
1.500263616762021e-01	1.000000e+00	1.728155e+00
1.500527223649741e-01	1.000000e+00	1.728058e+00
1.501054437425179e-01	1.000000e+00	1.727864e+00
1.502108864976056e-01	1.000000e+00	1.727476e+00
1.504217720077810e-01	1.000000e+00	1.726701e+00
1.508435430281318e-01	1.000000e+00	1.725153e+00
1.516870850688334e-01	1.000000e+00	1.722059e+00
1.533741691502366e-01	1.000000e+00	1.715889e+00
1.550000010000000e-01	1.000000e+00	1.709963e+00
1.550000011000000e-01	8.000000e-01	1.509964e+00
1.550000013000000e-01	4.000000e-01	1.109964e+00
1.550000017000000e-01	-4.000000e-01	3.099644e-01
1.550000020000000e-01	-1.000000e+00	-2.900351e-01
1.550000020031158e-01	-1.000000e+00	-2.900351e-01
1.550000020093473e-01	-1.000000e+00	-2.900350e-01
1.550000020218104e-01	-1.000000e+00	-2.900350e-01
1.550000020419046e-01	-1.000000e+00	-2.900350e-01
1.550000020646778e-01	-1.000000e+00	-2.900350e-01
1.550000021102240e-01	-1.000000e+00	-2.900350e-01
1.550000022013166e-01	-1.000000e+00	-2.900350e-01
1.550000023835016e-01	-1.000000e+00	-2.900350e-01
1.550000027478718e-01	-1.000000e+00	-2.900350e-01
1.550000034766121e-01	-1.000000e+00	-2.900350e-01
1.550000049340927e-01	-1.000000e+00	-2.900350e-01
1.550000078490540e-01	-1.000000e+00	-2.900350e-01
1.550000136789766e-01	-1.000000e+00	-2.900350e-01
1.550000253388216e-01	-1.000000e+00	-2.900350e-01
1.550000486585117e-01	-1.000000e+00	-2.900350e-01
1.550000952978920e-01	-1.000000e+00	-2.900350e-01
1.550001885766526e-01	-1.000000e+00	-2.900349e-01
1.550003751341736e-01	-1.000000e+00	-2.900348e-01
1.550007482492158e-01	-1.000000e+00	-2.900346e-01
1.550014944793001e-01	-1.000000e+00	-2.900341e-01
1.550029869394688e-01	-1.000000e+00	-2.900332e-01
1.550059718598061e-01	-1.000000e+00	-2.900313e-01
1.550119417004807e-01	-1.000000e+00	-2.900276e-01
1.550238813818299e-01	-1.000000e+00	-2.900202e-01
1.550477607445283e-01	-1.000000e+00	-2.900054e-01
1.550955194699252e-01	-1.000000e+00	-2.899758e-01
1.551910369207189e-01	-1.000000e+00	-2.899165e-01
1.553820718223063e-01	-1.000000e+00	-2.897980e-01
1.557641416254811e-01	-1.000000e+00	-2.895611e-01
1.565282812318307e-01	-1.000000e+00	-2.890879e-01
1.580565604445299e-01	-1.000000e+00	-2.881439e-01
1.600000000000000e-01	-1.000000e+00	-2.869481e-01
1.600000001000000e-01	-8.000000e-01	-8.694828e-02
1.600000003000000e-01	-4.000000e-01	3.130514e-01
1.600000005430745e-01	8.614904e-02	7.992000e-01
1.600000007871458e-01	5.742916e-01	1.287342e+00
1.600000010000000e-01	1.000000e+00	1.713050e+00
1.600000010212013e-01	1.000000e+00	1.713050e+00
1.600000010636041e-01	1.000000e+00	1.713050e+00
1.600000011484095e-01	1.000000e+00	1.713050e+00
1.600000013180203e-01	1.000000e+00	1.713050e+00
1.600000016572420e-01	1.000000e+00	1.713050e+00
1.600000023356854e-01	1.000000e+00	1.713050e+00
1.600000036925721e-01	1.000000e+00	1.713050e+00
1.600000064063456e-01	1.000000e+00	1.713050e+00
1.600000118338925e-01	1.000000e+00	1.713050e+00
1.600000226889864e-01	1.000000e+00	1.713050e+00
1.600000443991741e-01	1.000000e+00	1.713050e+00
1.600000878195495e-01	1.000000e+00	1.713050e+00
1.600001746603004e-01	1.000000e+00	1.713050e+00
1.600003483418021e-01	1.000000e+00	1.713049e+00
1.600006957048056e-01	1.000000e+00	1.713048e+00
1.600013904308126e-01	1.000000e+00	1.713045e+00
1.600027798828266e-01	1.000000e+00	1.713040e+00
1.600055587868546e-01	1.000000e+00	1.713030e+00
1.600111165949106e-01	1.000000e+00	1.713010e+00
1.600222322110226e-01	1.000000e+00	1.712969e+00
1.600444634432466e-01	1.000000e+00	1.712888e+00
1.600889259076946e-01	1.000000e+00	1.712726e+00
1.601778508365906e-01	1.000000e+00	1.712402e+00
1.603557006943826e-01	1.000000e+00	1.711754e+00
1.607114004099665e-01	1.000000e+00	1.710459e+00
1.614227998411344e-01	1.000000e+00	1.707873e+00
1.628455987034702e-01	1.000000e+00	1.702710e+00
1.650000010000000e-01	1.000000e+00	1.694923e+00
1.650000011000000e-01	8.000000e-01	1.494923e+00
1.650000013000000e-01	4.000000e-01	1.094923e+00
1.650000017000000e-01	-4.000000e-01	2.949240e-01
1.650000020000000e-01	-1.000000e+00	-3.050755e-01
1.650000020033266e-01	-1.000000e+00	-3.050755e-01
1.650000020099797e-01	-1.000000e+00	-3.050755e-01
1.650000020232859e-01	-1.000000e+00	-3.050755e-01
1.650000020450559e-01	-1.000000e+00	-3.050755e-01
1.650000020686294e-01	-1.000000e+00	-3.050755e-01
1.650000021157764e-01	-1.000000e+00	-3.050755e-01
1.650000022100704e-01	-1.000000e+00	-3.050755e-01
1.650000023986584e-01	-1.000000e+00	-3.050755e-01
1.650000027758343e-01	-1.000000e+00	-3.050755e-01
1.650000035301862e-01	-1.000000e+00	-3.050755e-01
1.650000050388899e-01	-1.000000e+00	-3.050755e-01
1.650000080562974e-01	-1.000000e+00	-3.050754e-01
1.650000140911123e-01	-1.000000e+00	-3.050754e-01
1.650000261607422e-01	-1.000000e+00	-3.050754e-01
1.650000503000019e-01	-1.000000e+00	-3.050754e-01
1.650000985785214e-01	-1.000000e+00	-3.050754e-01
1.650001951355603e-01	-1.000000e+00	-3.050753e-01
1.650003882496382e-01	-1.000000e+00	-3.050752e-01
1.650007744777940e-01	-1.000000e+00	-3.050750e-01
1.650015469341056e-01	-1.000000e+00	-3.050745e-01
1.650030918467288e-01	-1.000000e+00	-3.050734e-01
1.650061816719751e-01	-1.000000e+00	-3.050714e-01
1.650123613224678e-01	-1.000000e+00	-3.050674e-01
1.650247206234532e-01	-1.000000e+00	-3.050593e-01
1.650494392254239e-01	-1.000000e+00	-3.050431e-01
1.650988764293654e-01	-1.000000e+00	-3.050107e-01
1.651977508372485e-01	-1.000000e+00	-3.049460e-01
1.653954996530145e-01	-1.000000e+00	-3.048167e-01
1.657909972845466e-01	-1.000000e+00	-3.045581e-01
1.665819925476108e-01	-1.000000e+00	-3.040416e-01
1.681639830737391e-01	-1.000000e+00	-3.030115e-01
1.700000000000000e-01	-1.000000e+00	-3.018206e-01
1.700000001000000e-01	-8.000000e-01	-1.018208e-01
1.700000003000000e-01	-4.000000e-01	2.981789e-01
1.700000005041215e-01	8.243024e-03	7.064216e-01
1.700000007089776e-01	4.179552e-01	1.116134e+00
1.700000010000000e-01	1.000000e+00	1.698178e+00
1.700000010315863e-01	1.000000e+00	1.698178e+00
1.700000010947589e-01	1.000000e+00	1.698178e+00
1.700000012211041e-01	1.000000e+00	1.698178e+00
1.700000014737945e-01	1.000000e+00	1.698178e+00
1.700000019791753e-01	1.000000e+00	1.698178e+00
1.700000029899368e-01	1.000000e+00	1.698178e+00
1.700000050114598e-01	1.000000e+00	1.698178e+00
1.700000090545060e-01	1.000000e+00	1.698178e+00
1.700000171405983e-01	1.000000e+00	1.698178e+00
1.700000333127828e-01	1.000000e+00	1.698178e+00
1.700000656571519e-01	1.000000e+00	1.698178e+00
1.700001303458900e-01	1.000000e+00	1.698177e+00
1.700002597233663e-01	1.000000e+00	1.698177e+00
1.700005184783190e-01	1.000000e+00	1.698176e+00
1.700010359882242e-01	1.000000e+00	1.698174e+00
1.700020710080347e-01	1.000000e+00	1.698170e+00
1.700041410476558e-01	1.000000e+00	1.698163e+00
1.700082811268979e-01	1.000000e+00	1.698148e+00
1.700165612853820e-01	1.000000e+00	1.698118e+00
1.700331216023503e-01	1.000000e+00	1.698058e+00
1.700662422362870e-01	1.000000e+00	1.697939e+00
1.701324835041602e-01	1.000000e+00	1.697699e+00
1.702649660399067e-01	1.000000e+00	1.697221e+00
1.705299311113998e-01	1.000000e+00	1.696264e+00
1.710598612543859e-01	1.000000e+00	1.694353e+00
1.721197215403580e-01	1.000000e+00	1.690536e+00
1.742394421123023e-01	1.000000e+00	1.682929e+00
1.750000010000000e-01	1.000000e+00	1.680208e+00
1.750000011000000e-01	8.000000e-01	1.480208e+00
1.750000013000000e-01	4.000000e-01	1.080208e+00
1.750000017000000e-01	-4.000000e-01	2.802088e-01
1.750000020000000e-01	-1.000000e+00	-3.197906e-01
1.750000020035598e-01	-1.000000e+00	-3.197906e-01
1.750000020106794e-01	-1.000000e+00	-3.197906e-01
1.750000020249185e-01	-1.000000e+00	-3.197906e-01
1.750000020487958e-01	-1.000000e+00	-3.197906e-01
1.750000020730291e-01	-1.000000e+00	-3.197906e-01
1.750000021214957e-01	-1.000000e+00	-3.197906e-01
1.750000022184289e-01	-1.000000e+00	-3.197906e-01
1.750000024122952e-01	-1.000000e+00	-3.197906e-01
1.750000028000279e-01	-1.000000e+00	-3.197906e-01
1.750000035754934e-01	-1.000000e+00	-3.197906e-01
1.750000051264242e-01	-1.000000e+00	-3.197906e-01
1.750000082282858e-01	-1.000000e+00	-3.197906e-01
1.750000144320091e-01	-1.000000e+00	-3.197906e-01
1.750000268394556e-01	-1.000000e+00	-3.197905e-01
1.750000516543487e-01	-1.000000e+00	-3.197905e-01
1.750001012841349e-01	-1.000000e+00	-3.197905e-01
1.750002005437073e-01	-1.000000e+00	-3.197904e-01
1.750003990628521e-01	-1.000000e+00	-3.197903e-01
1.750007961011416e-01	-1.000000e+00	-3.197900e-01
1.750015901777206e-01	-1.000000e+00	-3.197895e-01
1.750031783308786e-01	-1.000000e+00	-3.197884e-01
1.750063546371947e-01	-1.000000e+00	-3.197862e-01
1.750127072498269e-01	-1.000000e+00	-3.197818e-01
1.750254124750912e-01	-1.000000e+00	-3.197731e-01
1.750508229256198e-01	-1.000000e+00	-3.197556e-01
1.751016438266771e-01	-1.000000e+00	-3.197206e-01
1.752032856287917e-01	-1.000000e+00	-3.196506e-01
1.754065692330208e-01	-1.000000e+00	-3.195107e-01
1.758131364414790e-01	-1.000000e+00	-3.192311e-01
1.766262708583955e-01	-1.000000e+00	-3.186727e-01
1.782525396922285e-01	-1.000000e+00	-3.175592e-01
1.800000000000000e-01	-9.999999e-01	-3.163673e-01
1.800000001000000e-01	-8.000000e-01	-1.163675e-01
1.800000003000000e-01	-3.999999e-01	2.836322e-01
1.800000004707845e-01	-5.843103e-02	6.252009e-01
1.800000006427077e-01	2.854155e-01	9.690471e-01
1.800000009865542e-01	9.731085e-01	1.656740e+00
1.800000010000000e-01	1.000000e+00	1.683631e+00
1.800000010057792e-01	1.000000e+00	1.683631e+00
1.800000010173375e-01	1.000000e+00	1.683631e+00
1.800000010404543e-01	1.000000e+00	1.683631e+00
1.800000010866877e-01	1.000000e+00	1.683631e+00
1.800000011791546e-01	1.000000e+00	1.683631e+00
1.800000013640884e-01	1.000000e+00	1.683631e+00
1.800000017339559e-01	1.000000e+00	1.683631e+00
1.800000024736910e-01	1.000000e+00	1.683631e+00
1.800000039531611e-01	1.000000e+00	1.683631e+00
1.800000069121014e-01	1.000000e+00	1.683631e+00
1.800000128299821e-01	1.000000e+00	1.683631e+00
1.800000246657433e-01	1.000000e+00	1.683631e+00
1.800000483372658e-01	1.000000e+00	1.683631e+00
1.800000956803108e-01	1.000000e+00	1.683631e+00
1.800001903664007e-01	1.000000e+00	1.683630e+00
1.800003797385805e-01	1.000000e+00	1.683630e+00
1.800007584829402e-01	1.000000e+00	1.683628e+00
1.800015159716596e-01	1.000000e+00	1.683626e+00
1.800030309490983e-01	1.000000e+00	1.683620e+00
1.800060609039759e-01	1.000000e+00	1.683609e+00
1.800121208137309e-01	1.000000e+00	1.683588e+00
1.800242406332410e-01	1.000000e+00	1.683544e+00
1.800484802722611e-01	1.000000e+00	1.683457e+00
1.800969595503015e-01	1.000000e+00	1.683284e+00
1.801939181063821e-01	1.000000e+00	1.682937e+00
1.803878352185435e-01	1.000000e+00	1.682242e+00
1.807756694428661e-01	1.000000e+00	1.680855e+00
1.815513378915114e-01	1.000000e+00	1.678083e+00
1.831026747888020e-01	1.000000e+00	1.672553e+00
1.850000010000000e-01	1.000000e+00	1.665815e+00
1.850000011000000e-01	8.000000e-01	1.465815e+00
1.850000013000000e-01	4.000000e-01	1.065815e+00
1.850000017000000e-01	-4.000000e-01	2.658160e-01
1.850000020000000e-01	-1.000000e+00	-3.341834e-01
1.850000020038256e-01	-1.000000e+00	-3.341834e-01
1.850000020114768e-01	-1.000000e+00	-3.341834e-01
1.850000020267791e-01	-1.000000e+00	-3.341834e-01
1.850000020534516e-01	-1.000000e+00	-3.341834e-01
1.850000020783135e-01	-1.000000e+00	-3.341834e-01
1.850000021280374e-01	-1.000000e+00	-3.341834e-01
1.850000022274851e-01	-1.000000e+00	-3.341834e-01
1.850000024263804e-01	-1.000000e+00	-3.341834e-01
1.850000028241711e-01	-1.000000e+00	-3.341834e-01
1.850000036197526e-01	-1.000000e+00	-3.341834e-01
1.850000052109154e-01	-1.000000e+00	-3.341834e-01
1.850000083932411e-01	-1.000000e+00	-3.341834e-01
1.850000147578924e-01	-1.000000e+00	-3.341833e-01
1.850000274871952e-01	-1.000000e+00	-3.341833e-01
1.850000529458006e-01	-1.000000e+00	-3.341833e-01
1.850001038630115e-01	-1.000000e+00	-3.341833e-01
1.850002056974334e-01	-1.000000e+00	-3.341832e-01
1.850004093662770e-01	-1.000000e+00	-3.341831e-01
1.850008167039644e-01	-1.000000e+00	-3.341828e-01
1.850016313793391e-01	-1.000000e+00	-3.341822e-01
1.850032607300885e-01	-1.000000e+00	-3.341810e-01
1.850065194315873e-01	-1.000000e+00	-3.341787e-01
1.850130368345849e-01	-1.000000e+00	-3.341739e-01
1.850260716405801e-01	-1.000000e+00	-3.341645e-01
1.850521412525704e-01	-1.000000e+00	-3.341457e-01
1.851042804765512e-01	-1.000000e+00	-3.341080e-01
1.852085589245127e-01	-1.000000e+00	-3.340326e-01
1.854171158204357e-01	-1.000000e+00	-3.338819e-01
1.858342296122817e-01	-1.000000e+00	-3.335807e-01
1.866684571959737e-01	-1.000000e+00	-3.329793e-01
1.883369123633576e-01	-1.000000e+00	-3.317801e-01
1.900000000000000e-01	-1.000000e+00	-3.305896e-01
1.900000001000000e-01	-8.000000e-01	-1.305898e-01
1.900000003000000e-01	-4.000000e-01	2.694098e-01
1.900000004426559e-01	-1.146882e-01	5.547215e-01
1.900000005874000e-01	1.748000e-01	8.442095e-01
1.900000008768882e-01	7.537764e-01	1.423185e+00
1.900000010000000e-01	1.000000e+00	1.669409e+00
1.900000010118978e-01	1.000000e+00	1.669409e+00
1.900000010356934e-01	1.000000e+00	1.669409e+00
1.900000010832847e-01	1.000000e+00	1.669409e+00
1.900000011784672e-01	1.000000e+00	1.669409e+00
1.900000013688323e-01	1.000000e+00	1.669409e+00
1.900000017495624e-01	1.000000e+00	1.669409e+00
1.900000025110227e-01	1.000000e+00	1.669409e+00
1.900000040339432e-01	1.000000e+00	1.669409e+00
1.900000070797842e-01	1.000000e+00	1.669409e+00
1.900000131714661e-01	1.000000e+00	1.669409e+00
1.900000253548301e-01	1.000000e+00	1.669409e+00
1.900000497215580e-01	1.000000e+00	1.669409e+00
1.900000984550138e-01	1.000000e+00	1.669409e+00
1.900001959219255e-01	1.000000e+00	1.669408e+00
1.900003908557487e-01	1.000000e+00	1.669407e+00
1.900007807233953e-01	1.000000e+00	1.669406e+00
1.900015604586884e-01	1.000000e+00	1.669403e+00
1.900031199292747e-01	1.000000e+00	1.669398e+00
1.900062388704473e-01	1.000000e+00	1.669387e+00
1.900124767527923e-01	1.000000e+00	1.669365e+00
1.900249525174825e-01	1.000000e+00	1.669320e+00
1.900499040468628e-01	1.000000e+00	1.669232e+00
1.900998071056235e-01	1.000000e+00	1.669054e+00
1.901996132231448e-01	1.000000e+00	1.668700e+00
1.903992254581874e-01	1.000000e+00	1.667992e+00
1.907984499282726e-01	1.000000e+00	1.666575e+00
1.915968988684429e-01	1.000000e+00	1.663746e+00
1.931937967487837e-01	1.000000e+00	1.658103e+00
1.950000010000000e-01	1.000000e+00	1.651743e+00
1.950000011000000e-01	8.000000e-01	1.451743e+00
1.950000013000000e-01	4.000000e-01	1.051744e+00
1.950000017000000e-01	-4.000000e-01	2.517443e-01
1.950000020000000e-01	-1.000000e+00	-3.482551e-01
1.950000020041387e-01	-1.000000e+00	-3.482551e-01
1.950000020124161e-01	-1.000000e+00	-3.482551e-01
1.950000020289709e-01	-1.000000e+00	-3.482551e-01
1.950000020545504e-01	-1.000000e+00	-3.482551e-01
1.950000020813575e-01	-1.000000e+00	-3.482551e-01
1.950000021349717e-01	-1.000000e+00	-3.482551e-01
1.950000022422001e-01	-1.000000e+00	-3.482551e-01
1.950000024566568e-01	-1.000000e+00	-3.482551e-01
1.950000028855703e-01	-1.000000e+00	-3.482551e-01
1.950000037433973e-01	-1.000000e+00	-3.482551e-01
1.950000054590514e-01	-1.000000e+00	-3.482551e-01
1.950000088903594e-01	-1.000000e+00	-3.482551e-01
1.950000157529755e-01	-1.000000e+00	-3.482551e-01
1.950000294782077e-01	-1.000000e+00	-3.482551e-01
1.950000569286721e-01	-1.000000e+00	-3.482551e-01
1.950001118296008e-01	-1.000000e+00	-3.482550e-01
1.950002216314582e-01	-1.000000e+00	-3.482549e-01
1.950004412351731e-01	-1.000000e+00	-3.482548e-01
1.950008804426029e-01	-1.000000e+00	-3.482544e-01
1.950017588574625e-01	-1.000000e+00	-3.482538e-01
1.950035156871818e-01	-1.000000e+00	-3.482524e-01
1.950070293466202e-01	-1.000000e+00	-3.482498e-01
1.950140566654971e-01	-1.000000e+00	-3.482444e-01
1.950281113032509e-01	-1.000000e+00	-3.482338e-01
1.950562205787585e-01	-1.000000e+00	-3.482125e-01
1.951124391297737e-01	-1.000000e+00	-3.481698e-01
1.952248762318040e-01	-1.000000e+00	-3.480846e-01
1.954497504358647e-01	-1.000000e+00	-3.479141e-01
1.958994988439861e-01	-1.000000e+00	-3.475735e-01
1.967989956602288e-01	-1.000000e+00	-3.468935e-01
1.985979892927142e-01	-1.000000e+00	-3.455383e-01
2.000000000000000e-01	-1.000000e+00	-3.444865e-01
2.000000001000000e-01	-8.000000e-01	-1.444867e-01
2.000000003000000e-01	-4.000000e-01	2.555130e-01
2.000000004207006e-01	-1.585988e-01	4.969140e-01
2.000000005429537e-01	8.590746e-02	7.414201e-01
2.000000007874601e-01	5.749201e-01	1.230432e+00
2.000000010000000e-01	1.000000e+00	1.655512e+00
2.000000010199161e-01	1.000000e+00	1.655512e+00
2.000000010597484e-01	1.000000e+00	1.655512e+00
2.000000011394129e-01	1.000000e+00	1.655512e+00
2.000000012987420e-01	1.000000e+00	1.655512e+00
2.000000016174001e-01	1.000000e+00	1.655512e+00
2.000000022547163e-01	1.000000e+00	1.655512e+00
2.000000035293487e-01	1.000000e+00	1.655512e+00
2.000000060786136e-01	1.000000e+00	1.655512e+00
2.000000111771432e-01	1.000000e+00	1.655512e+00
2.000000213742026e-01	1.000000e+00	1.655512e+00
2.000000417683213e-01	1.000000e+00	1.655512e+00
2.000000825565588e-01	1.000000e+00	1.655512e+00
2.000001641330338e-01	1.000000e+00	1.655511e+00
2.000003272859837e-01	1.000000e+00	1.655511e+00
2.000006535918834e-01	1.000000e+00	1.655510e+00
2.000013062036830e-01	1.000000e+00	1.655507e+00
2.000026114272821e-01	1.000000e+00	1.655503e+00
2.000052218744803e-01	1.000000e+00	1.655494e+00
2.000104427688768e-01	1.000000e+00	1.655475e+00
2.000208845576696e-01	1.000000e+00	1.655438e+00
2.000417681352554e-01	1.000000e+00	1.655365e+00
2.000835352904269e-01	1.000000e+00	1.655218e+00
2.001670696007699e-01	1.000000e+00	1.654924e+00
2.003341382214560e-01	1.000000e+00	1.654335e+00
2.006682754628281e-01	1.000000e+00	1.653160e+00
2.013365499455724e-01	1.000000e+00	1.650811e+00
2.026730989110609e-01	1.000000e+00	1.646123e+00
2.050000010000000e-01	1.000000e+00	1.637993e+00
2.050000011000000e-01	8.000000e-01	1.437994e+00
2.050000013000000e-01	4.000000e-01	1.037994e+00
2.050000017000000e-01	-4.000000e-01	2.379944e-01
2.050000020000000e-01	-1.000000e+00	-3.620049e-01
2.050000020045187e-01	-1.000000e+00	-3.620049e-01
2.050000020135560e-01	-1.000000e+00	-3.620049e-01
2.050000020316306e-01	-1.000000e+00	-3.620049e-01
2.050000020581576e-01	-1.000000e+00	-3.620049e-01
2.050000020870380e-01	-1.000000e+00	-3.620049e-01
2.050000021447989e-01	-1.000000e+00	-3.620049e-01
2.050000022603205e-01	-1.000000e+00	-3.620049e-01
2.050000024913638e-01	-1.000000e+00	-3.620049e-01
2.050000029534504e-01	-1.000000e+00	-3.620049e-01
2.050000038776237e-01	-1.000000e+00	-3.620049e-01
2.050000057259701e-01	-1.000000e+00	-3.620049e-01
2.050000094226630e-01	-1.000000e+00	-3.620049e-01
2.050000168160488e-01	-1.000000e+00	-3.620049e-01
2.050000316028205e-01	-1.000000e+00	-3.620049e-01
2.050000611763638e-01	-1.000000e+00	-3.620048e-01
2.050001203234504e-01	-1.000000e+00	-3.620048e-01
2.050002386176237e-01	-1.000000e+00	-3.620047e-01
2.050004752059702e-01	-1.000000e+00	-3.620045e-01
2.050009483826633e-01	-1.000000e+00	-3.620041e-01
2.050018947360494e-01	-1.000000e+00	-3.620034e-01
2.050037874428216e-01	-1.000000e+00	-3.620019e-01
2.050075728563659e-01	-1.000000e+00	-3.619989e-01
2.050151436834547e-01	-1.000000e+00	-3.619928e-01
2.050302853376322e-01	-1.000000e+00	-3.619808e-01
2.050605686459871e-01	-1.000000e+00	-3.619567e-01
2.051211352626970e-01	-1.000000e+00	-3.619085e-01
2.052422684961168e-01	-1.000000e+00	-3.618122e-01
2.054845349629565e-01	-1.000000e+00	-3.616196e-01
2.059690678966357e-01	-1.000000e+00	-3.612349e-01
2.069381337639943e-01	-1.000000e+00	-3.604669e-01
2.088762654987114e-01	-1.000000e+00	-3.589372e-01
2.100000000000000e-01	-9.999999e-01	-3.580540e-01
2.100000001000000e-01	-8.000000e-01	-1.580543e-01
2.100000003000000e-01	-3.999999e-01	2.419454e-01
2.100000004084805e-01	-1.830389e-01	4.589062e-01
2.100000005112357e-01	2.247143e-02	6.644164e-01
2.100000007167460e-01	4.334921e-01	1.075437e+00
2.100000010000000e-01	1.000000e+00	1.641944e+00
2.100000010322576e-01	1.000000e+00	1.641944e+00
2.100000010967729e-01	1.000000e+00	1.641944e+00
2.100000012258035e-01	1.000000e+00	1.641944e+00
2.100000014838646e-01	1.000000e+00	1.641944e+00
2.100000019999868e-01	1.000000e+00	1.641944e+00
2.100000030322313e-01	1.000000e+00	1.641944e+00
2.100000050967203e-01	1.000000e+00	1.641944e+00
2.100000092256981e-01	1.000000e+00	1.641944e+00
2.100000174836539e-01	1.000000e+00	1.641944e+00
2.100000339995655e-01	1.000000e+00	1.641944e+00
2.100000670313886e-01	1.000000e+00	1.641944e+00
2.100001330950349e-01	1.000000e+00	1.641944e+00
2.100002652223274e-01	1.000000e+00	1.641943e+00
2.100005294769125e-01	1.000000e+00	1.641943e+00
2.100010579860826e-01	1.000000e+00	1.641941e+00
2.100021150044228e-01	1.000000e+00	1.641937e+00
2.100042290411033e-01	1.000000e+00	1.641930e+00
2.100084571144642e-01	1.000000e+00	1.641915e+00
2.100169132611860e-01	1.000000e+00	1.641885e+00
2.100338255546297e-01	1.000000e+00	1.641826e+00
2.100676501415170e-01	1.000000e+00	1.641708e+00
2.101352993152917e-01	1.000000e+00	1.641472e+00
2.102705976628410e-01	1.000000e+00	1.640999e+00
2.105411943579396e-01	1.000000e+00	1.640055e+00
2.110823877481369e-01	1.000000e+00	1.638167e+00
2.121647745285315e-01	1.000000e+00	1.634399e+00
2.143295480893206e-01	1.000000e+00	1.626889e+00
2.150000010000000e-01	1.000000e+00	1.624569e+00
2.150000011000000e-01	8.000000e-01	1.424569e+00
2.150000013000000e-01	4.000000e-01	1.024570e+00
2.150000017000000e-01	-4.000000e-01	2.245704e-01
2.150000020000000e-01	-1.000000e+00	-3.754289e-01
2.150000020049953e-01	-1.000000e+00	-3.754289e-01
2.150000020149858e-01	-1.000000e+00	-3.754289e-01
2.150000020349669e-01	-1.000000e+00	-3.754289e-01
2.150000020633895e-01	-1.000000e+00	-3.754289e-01
2.150000020949098e-01	-1.000000e+00	-3.754289e-01
2.150000021579503e-01	-1.000000e+00	-3.754289e-01
2.150000022840313e-01	-1.000000e+00	-3.754289e-01
2.150000025361934e-01	-1.000000e+00	-3.754289e-01
2.150000030405176e-01	-1.000000e+00	-3.754289e-01
2.150000040491659e-01	-1.000000e+00	-3.754289e-01
2.150000060664625e-01	-1.000000e+00	-3.754289e-01
2.150000101010558e-01	-1.000000e+00	-3.754289e-01
2.150000181702423e-01	-1.000000e+00	-3.754289e-01
2.150000343086154e-01	-1.000000e+00	-3.754289e-01
2.150000665853614e-01	-1.000000e+00	-3.754289e-01
2.150001311388536e-01	-1.000000e+00	-3.754288e-01
2.150002602458380e-01	-1.000000e+00	-3.754287e-01
2.150005184598067e-01	-1.000000e+00	-3.754285e-01
2.150010348877442e-01	-1.000000e+00	-3.754281e-01
2.150020677436191e-01	-1.000000e+00	-3.754272e-01
2.150041334553689e-01	-1.000000e+00	-3.754255e-01
2.150082648788686e-01	-1.000000e+00	-3.754220e-01
2.150165277258679e-01	-1.000000e+00	-3.754151e-01
2.150330534198664e-01	-1.000000e+00	-3.754013e-01
2.150661048078636e-01	-1.000000e+00	-3.753737e-01
2.151322075838580e-01	-1.000000e+00	-3.753185e-01
2.152644131358466e-01	-1.000000e+00	-3.752082e-01
2.155288242398240e-01	-1.000000e+00	-3.749876e-01
2.160576464477787e-01	-1.000000e+00	-3.745470e-01
2.171152908636882e-01	-1.000000e+00	-3.736680e-01
2.192305796955070e-01	-1.000000e+00	-3.719184e-01
2.200000000000000e-01	-1.000000e+00	-3.712847e-01
2.200000001000000e-01	-8.000000e-01	-1.712850e-01
2.200000003000000e-01	-4.000000e-01	2.287146e-01
2.200000003864615e-01	-2.270770e-01	4.016374e-01
2.200000004752667e-01	-4.946655e-02	5.792477e-01
2.200000006528771e-01	3.057542e-01	9.344683e-01
2.200000008772384e-01	7.544768e-01	1.383191e+00
2.200000010000000e-01	1.000000e+00	1.628714e+00
2.200000010169436e-01	1.000000e+00	1.628714e+00
2.200000010508306e-01	1.000000e+00	1.628714e+00
2.200000011186048e-01	1.000000e+00	1.628714e+00
2.200000012522705e-01	1.000000e+00	1.628714e+00
2.200000015196019e-01	1.000000e+00	1.628714e+00
2.200000020542646e-01	1.000000e+00	1.628714e+00
2.200000031235901e-01	1.000000e+00	1.628714e+00
2.200000052622410e-01	1.000000e+00	1.628714e+00
2.200000095395428e-01	1.000000e+00	1.628714e+00
2.200000180941465e-01	1.000000e+00	1.628714e+00
2.200000352033538e-01	1.000000e+00	1.628713e+00
2.200000694217684e-01	1.000000e+00	1.628713e+00
2.200001378585976e-01	1.000000e+00	1.628713e+00
2.200002747322560e-01	1.000000e+00	1.628713e+00
2.200005484795728e-01	1.000000e+00	1.628712e+00
2.200010959742064e-01	1.000000e+00	1.628710e+00
2.200021909634737e-01	1.000000e+00	1.628706e+00
2.200043809420083e-01	1.000000e+00	1.628698e+00
2.200087608990774e-01	1.000000e+00	1.628683e+00
2.200175208132156e-01	1.000000e+00	1.628653e+00
2.200350406414921e-01	1.000000e+00	1.628592e+00
2.200700802980451e-01	1.000000e+00	1.628471e+00
2.201401596111510e-01	1.000000e+00	1.628228e+00
2.202803182373628e-01	1.000000e+00	1.627743e+00
2.205606354897864e-01	1.000000e+00	1.626772e+00
2.211212699946337e-01	1.000000e+00	1.624833e+00
2.222425390043284e-01	1.000000e+00	1.620961e+00
2.244850770237176e-01	1.000000e+00	1.613245e+00
2.250000010000000e-01	1.000000e+00	1.611479e+00
2.250000011000000e-01	8.000000e-01	1.411479e+00
2.250000013000000e-01	4.000000e-01	1.011479e+00
2.250000017000000e-01	-4.000000e-01	2.114797e-01
2.250000019547991e-01	-9.095981e-01	-2.981180e-01
2.250000020000000e-01	-1.000000e+00	-3.885197e-01
2.250000020015684e-01	-1.000000e+00	-3.885197e-01
2.250000020047053e-01	-1.000000e+00	-3.885196e-01
2.250000020109790e-01	-1.000000e+00	-3.885196e-01
2.250000020235264e-01	-1.000000e+00	-3.885196e-01
2.250000020395615e-01	-1.000000e+00	-3.885196e-01
2.250000020622953e-01	-1.000000e+00	-3.885196e-01
2.250000020936603e-01	-1.000000e+00	-3.885196e-01
2.250000021512450e-01	-1.000000e+00	-3.885196e-01
2.250000022664146e-01	-1.000000e+00	-3.885196e-01
2.250000024967537e-01	-1.000000e+00	-3.885196e-01
2.250000029574319e-01	-1.000000e+00	-3.885196e-01
2.250000038787884e-01	-1.000000e+00	-3.885196e-01
2.250000057215012e-01	-1.000000e+00	-3.885196e-01
2.250000094069269e-01	-1.000000e+00	-3.885196e-01
2.250000167777783e-01	-1.000000e+00	-3.885196e-01
2.250000315194810e-01	-1.000000e+00	-3.885196e-01
2.250000610028865e-01	-1.000000e+00	-3.885195e-01
2.250001199696975e-01	-1.000000e+00	-3.885195e-01
2.250002379033196e-01	-1.000000e+00	-3.885194e-01
2.250004737705637e-01	-1.000000e+00	-3.885192e-01
2.250009455050519e-01	-1.000000e+00	-3.885188e-01
2.250018889740284e-01	-1.000000e+00	-3.885179e-01
2.250037759119813e-01	-1.000000e+00	-3.885163e-01
2.250075497878870e-01	-1.000000e+00	-3.885130e-01
2.250150975396986e-01	-1.000000e+00	-3.885063e-01
2.250301930433217e-01	-1.000000e+00	-3.884931e-01
2.250603840505679e-01	-1.000000e+00	-3.884666e-01
2.251207660650603e-01	-1.000000e+00	-3.884135e-01
2.252415300940450e-01	-1.000000e+00	-3.883075e-01
2.254830581520145e-01	-1.000000e+00	-3.880957e-01
2.259661142679536e-01	-1.000000e+00	-3.876725e-01
2.269322264998317e-01	-1.000000e+00	-3.868283e-01
2.288644509635878e-01	-1.000000e+00	-3.851482e-01
2.300000000000000e-01	-1.000000e+00	-3.841660e-01
2.300000001000000e-01	-8.000000e-01	-1.841664e-01
2.300000003000000e-01	-4.000000e-01	2.158333e-01
2.300000003728203e-01	-2.543594e-01	3.614737e-01
2.300000004493813e-01	-1.012375e-01	5.145956e-01
2.300000006025032e-01	2.050064e-01	8.208393e-01
2.300000007517573e-01	5.035146e-01	1.119347e+00
2.300000010000000e-01	1.000000e+00	1.615832e+00
2.300000010275444e-01	1.000000e+00	1.615832e+00
2.300000010826330e-01	1.000000e+00	1.615832e+00
2.300000011928104e-01	1.000000e+00	1.615832e+00
2.300000013858418e-01	1.000000e+00	1.615832e+00
2.300000017719045e-01	1.000000e+00	1.615832e+00
2.300000025440299e-01	1.000000e+00	1.615832e+00
2.300000040882808e-01	1.000000e+00	1.615832e+00
2.300000071767825e-01	1.000000e+00	1.615832e+00
2.300000133537859e-01	1.000000e+00	1.615832e+00
2.300000257077927e-01	1.000000e+00	1.615832e+00
2.300000504158063e-01	1.000000e+00	1.615832e+00
2.300000998318336e-01	1.000000e+00	1.615832e+00
2.300001986638881e-01	1.000000e+00	1.615832e+00
2.300003963279971e-01	1.000000e+00	1.615831e+00
2.300007916562151e-01	1.000000e+00	1.615830e+00
2.300015823126511e-01	1.000000e+00	1.615827e+00
2.300031636255232e-01	1.000000e+00	1.615821e+00
2.300063262512674e-01	1.000000e+00	1.615811e+00
2.300126515027557e-01	1.000000e+00	1.615789e+00
2.300253020057323e-01	1.000000e+00	1.615745e+00
2.300506030116856e-01	1.000000e+00	1.615658e+00
2.301012050235921e-01	1.000000e+00	1.615484e+00
2.302024090474052e-01	1.000000e+00	1.615137e+00
2.304048170950313e-01	1.000000e+00	1.614441e+00
2.308096331902835e-01	1.000000e+00	1.613051e+00
2.316192653807879e-01	1.000000e+00	1.610275e+00
2.332385297617968e-01	1.000000e+00	1.604737e+00
2.350000010000000e-01	1.000000e+00	1.598734e+00
2.350000011000000e-01	8.000000e-01	1.398734e+00
2.350000013000000e-01	4.000000e-01	9.987341e-01
2.350000017000000e-01	-4.000000e-01	1.987346e-01
2.350000019382711e-01	-8.765422e-01	-2.778071e-01
2.350000020000000e-01	-1.000000e+00	-4.012646e-01
2.350000020022290e-01	-1.000000e+00	-4.012646e-01
2.350000020066869e-01	-1.000000e+00	-4.012645e-01
2.350000020156028e-01	-1.000000e+00	-4.012645e-01
2.350000020334345e-01	-1.000000e+00	-4.012645e-01
2.350000020527835e-01	-1.000000e+00	-4.012645e-01
2.350000020826266e-01	-1.000000e+00	-4.012645e-01
2.350000021212286e-01	-1.000000e+00	-4.012645e-01
2.350000021971413e-01	-1.000000e+00	-4.012645e-01
2.350000023306908e-01	-1.000000e+00	-4.012645e-01
2.350000025977897e-01	-1.000000e+00	-4.012645e-01
2.350000031319877e-01	-1.000000e+00	-4.012645e-01
2.350000042003835e-01	-1.000000e+00	-4.012645e-01
2.350000063371752e-01	-1.000000e+00	-4.012645e-01
2.350000106107586e-01	-1.000000e+00	-4.012645e-01
2.350000191579253e-01	-1.000000e+00	-4.012645e-01
2.350000362522588e-01	-1.000000e+00	-4.012644e-01
2.350000704409259e-01	-1.000000e+00	-4.012644e-01
2.350001388182600e-01	-1.000000e+00	-4.012643e-01
2.350002755729282e-01	-1.000000e+00	-4.012642e-01
2.350005490822645e-01	-1.000000e+00	-4.012640e-01
2.350010961009373e-01	-1.000000e+00	-4.012634e-01
2.350021901382827e-01	-1.000000e+00	-4.012624e-01
2.350043782129736e-01	-1.000000e+00	-4.012604e-01
2.350087543623554e-01	-1.000000e+00	-4.012564e-01
2.350175066611190e-01	-1.000000e+00	-4.012482e-01
2.350350112586461e-01	-1.000000e+00	-4.012320e-01
2.350700204537004e-01	-1.000000e+00	-4.011996e-01
2.351400388438090e-01	-1.000000e+00	-4.011348e-01
2.352800756240263e-01	-1.000000e+00	-4.010052e-01
2.355601491844607e-01	-1.000000e+00	-4.007462e-01
2.361202963053296e-01	-1.000000e+00	-4.002291e-01
2.372405905470674e-01	-1.000000e+00	-3.991984e-01
2.394811790305431e-01	-1.000000e+00	-3.971506e-01
2.400000000000000e-01	-9.999999e-01	-3.966789e-01
2.400000001000000e-01	-8.000000e-01	-1.966793e-01
2.400000003000000e-01	-4.000000e-01	2.033203e-01
2.400000003664418e-01	-2.671163e-01	3.362039e-01
2.400000004315573e-01	-1.368853e-01	4.664348e-01
2.400000005360622e-01	7.212448e-02	6.754444e-01
2.400000006391157e-01	2.782314e-01	8.815511e-01
2.400000008029738e-01	6.059477e-01	1.209267e+00
2.400000010000000e-01	1.000000e+00	1.603319e+00
2.400000010240997e-01	1.000000e+00	1.603319e+00
2.400000010722990e-01	1.000000e+00	1.603319e+00
2.400000011686977e-01	1.000000e+00	1.603319e+00
2.400000013614950e-01	1.000000e+00	1.603319e+00
2.400000017470897e-01	1.000000e+00	1.603319e+00
2.400000025182790e-01	1.000000e+00	1.603319e+00
2.400000040606578e-01	1.000000e+00	1.603319e+00
2.400000071454153e-01	1.000000e+00	1.603319e+00
2.400000133149303e-01	1.000000e+00	1.603319e+00
2.400000256539603e-01	1.000000e+00	1.603319e+00
2.400000503320202e-01	1.000000e+00	1.603319e+00
2.400000996881400e-01	1.000000e+00	1.603319e+00
2.400001984003798e-01	1.000000e+00	1.603319e+00
2.400003958248592e-01	1.000000e+00	1.603318e+00
2.400007906738181e-01	1.000000e+00	1.603317e+00
2.400015803717359e-01	1.000000e+00	1.603314e+00
2.400031597675716e-01	1.000000e+00	1.603309e+00
2.400063185592429e-01	1.000000e+00	1.603298e+00
2.400126361425854e-01	1.000000e+00	1.603276e+00
2.400252713092706e-01	1.000000e+00	1.603233e+00
2.400505416426408e-01	1.000000e+00	1.603147e+00
2.401010823093814e-01	1.000000e+00	1.602975e+00
2.402021636428624e-01	1.000000e+00	1.602630e+00
2.404043263098246e-01	1.000000e+00	1.601941e+00
2.408086516437488e-01	1.000000e+00	1.600563e+00
2.416173023115973e-01	1.000000e+00	1.597812e+00
2.432346036472943e-01	1.000000e+00	1.592323e+00
2.450000010000000e-01	1.000000e+00	1.586353e+00
2.450000011000000e-01	8.000000e-01	1.386353e+00
2.450000013000000e-01	4.000000e-01	9.863535e-01
2.450000017000000e-01	-4.000000e-01	1.863540e-01
2.450000019251460e-01	-8.502920e-01	-2.639375e-01
2.450000020000000e-01	-1.000000e+00	-4.136451e-01
2.450000020031214e-01	-1.000000e+00	-4.136451e-01
2.450000020093643e-01	-1.000000e+00	-4.136451e-01
2.450000020218500e-01	-1.000000e+00	-4.136450e-01
2.450000020468215e-01	-1.000000e+00	-4.136450e-01
2.450000020698330e-01	-1.000000e+00	-4.136450e-01
2.450000021092427e-01	-1.000000e+00	-4.136450e-01
2.450000021560530e-01	-1.000000e+00	-4.136450e-01
2.450000022496737e-01	-1.000000e+00	-4.136450e-01
2.450000024043905e-01	-1.000000e+00	-4.136450e-01
2.450000027138242e-01	-1.000000e+00	-4.136450e-01
2.450000033326915e-01	-1.000000e+00	-4.136450e-01
2.450000045704260e-01	-1.000000e+00	-4.136450e-01
2.450000070458952e-01	-1.000000e+00	-4.136450e-01
2.450000119968336e-01	-1.000000e+00	-4.136450e-01
2.450000218987103e-01	-1.000000e+00	-4.136449e-01
2.450000417024637e-01	-1.000000e+00	-4.136449e-01
2.450000813099706e-01	-1.000000e+00	-4.136449e-01
2.450001605249844e-01	-1.000000e+00	-4.136448e-01
2.450003189550119e-01	-1.000000e+00	-4.136447e-01
2.450006358150669e-01	-1.000000e+00	-4.136443e-01
2.450012695351769e-01	-1.000000e+00	-4.136437e-01
2.450025369753970e-01	-1.000000e+00	-4.136425e-01
2.450050718558371e-01	-1.000000e+00	-4.136400e-01
2.450101416167173e-01	-1.000000e+00	-4.136350e-01
2.450202811384778e-01	-1.000000e+00	-4.136251e-01
2.450405601819987e-01	-1.000000e+00	-4.136052e-01
2.450811182690405e-01	-1.000000e+00	-4.135654e-01
2.451622344431242e-01	-1.000000e+00	-4.134859e-01
2.453244667912916e-01	-1.000000e+00	-4.133269e-01
2.456489314876262e-01	-1.000000e+00	-4.130094e-01
2.462978608802956e-01	-1.000000e+00	-4.123758e-01
2.475957196656344e-01	-1.000000e+00	-4.111143e-01
2.500000000000000e-01	-1.000000e+00	-4.087973e-01
2.500000001000000e-01	-8.000000e-01	-2.087979e-01
2.500000003000000e-01	-3.999999e-01	1.912018e-01
2.500000003625162e-01	-2.749675e-01	3.162342e-01
2.500000004235670e-01	-1.528660e-01	4.383356e-01
2.500000005040004e-01	8.000791e-03	5.992023e-01
2.500000005833947e-01	1.667894e-01	7.579907e-01
2.500000006946871e-01	3.893743e-01	9.805755e-01
2.500000008391787e-01	6.783574e-01	1.269558e+00
2.500000010000000e-01	1.000000e+00	1.591201e+00
2.500000010200781e-01	1.000000e+00	1.591201e+00
2.500000010602342e-01	1.000000e+00	1.591201e+00
2.500000011405464e-01	1.000000e+00	1.591201e+00
2.500000012654253e-01	1.000000e+00	1.591201e+00
2.500000015151831e-01	1.000000e+00	1.591201e+00
2.500000020146989e-01	1.000000e+00	1.591201e+00
2.500000030137302e-01	1.000000e+00	1.591201e+00
2.500000050117929e-01	1.000000e+00	1.591201e+00
2.500000090079184e-01	1.000000e+00	1.591201e+00
2.500000170001694e-01	1.000000e+00	1.591201e+00
2.500000329846713e-01	1.000000e+00	1.591201e+00
2.500000649536752e-01	1.000000e+00	1.591201e+00
2.500001288916830e-01	1.000000e+00	1.591200e+00
2.500002567676985e-01	1.000000e+00	1.591200e+00
2.500005125197295e-01	1.000000e+00	1.591199e+00
2.500010240237915e-01	1.000000e+00	1.591197e+00
2.500020470319156e-01	1.000000e+00	1.591194e+00
2.500040930481638e-01	1.000000e+00	1.591187e+00
2.500081850806602e-01	1.000000e+00	1.591173e+00
2.500163691456530e-01	1.000000e+00	1.591145e+00
2.500327372756385e-01	1.000000e+00	1.591090e+00
2.500654735356095e-01	1.000000e+00	1.590979e+00
2.501309460555515e-01	1.000000e+00	1.590757e+00
2.502618910954356e-01	1.000000e+00	1.590314e+00
2.505237811752038e-01	1.000000e+00	1.589429e+00
2.510475613347401e-01	1.000000e+00	1.587658e+00
2.520951216538127e-01	1.000000e+00	1.584123e+00
2.541902422919580e-01	1.000000e+00	1.577078e+00
2.550000010000000e-01	9.999999e-01	1.574363e+00
2.550000011000000e-01	7.999999e-01	1.374363e+00
2.550000013000001e-01	3.999999e-01	9.743631e-01
2.550000017000001e-01	-4.000002e-01	1.743636e-01
2.550000019148309e-01	-8.296617e-01	-2.552975e-01
2.550000020000001e-01	-1.000000e+00	-4.256353e-01
2.550000020045045e-01	-1.000000e+00	-4.256353e-01
2.550000020135134e-01	-1.000000e+00	-4.256352e-01
2.550000020315312e-01	-1.000000e+00	-4.256351e-01
2.550000020589951e-01	-1.000000e+00	-4.256351e-01
2.550000020894618e-01	-1.000000e+00	-4.256351e-01
2.550000021347640e-01	-1.000000e+00	-4.256350e-01
2.550000021961223e-01	-1.000000e+00	-4.256350e-01
2.550000023017210e-01	-1.000000e+00	-4.256350e-01
2.550000024765994e-01	-1.000000e+00	-4.256350e-01
2.550000028263563e-01	-1.000000e+00	-4.256350e-01
2.550000035258700e-01	-1.000000e+00	-4.256350e-01
2.550000049248974e-01	-1.000000e+00	-4.256350e-01
2.550000077229523e-01	-1.000000e+00	-4.256350e-01
2.550000133190621e-01	-1.000000e+00	-4.256350e-01
2.550000245112816e-01	-1.000000e+00	-4.256350e-01
2.550000468957207e-01	-1.000000e+00	-4.256350e-01
2.550000916645988e-01	-1.000000e+00	-4.256350e-01
2.550001812023550e-01	-1.000000e+00	-4.256349e-01
2.550003602778674e-01	-1.000000e+00	-4.256347e-01
2.550007184288923e-01	-1.000000e+00	-4.256343e-01
2.550014347309420e-01	-1.000000e+00	-4.256335e-01
2.550028673350414e-01	-1.000000e+00	-4.256321e-01
2.550057325432402e-01	-1.000000e+00	-4.256290e-01
2.550114629596379e-01	-1.000000e+00	-4.256231e-01
2.550229237924332e-01	-1.000000e+00	-4.256111e-01
2.550458454580239e-01	-1.000000e+00	-4.255872e-01
2.550916887892052e-01	-1.000000e+00	-4.255393e-01
2.551833754515678e-01	-1.000000e+00	-4.254436e-01
2.553667487762931e-01	-1.000000e+00	-4.252524e-01
2.557334954257435e-01	-1.000000e+00	-4.248706e-01
2.564669887246445e-01	-1.000000e+00	-4.241093e-01
2.579339753224464e-01	-1.000000e+00	-4.225962e-01
2.600000000000000e-01	-1.000000e+00	-4.204859e-01
2.600000001000000e-01	-8.000000e-01	-2.204865e-01
2.600000003000000e-01	-3.999999e-01	1.795132e-01
2.600000003596034e-01	-2.807932e-01	2.987198e-01
2.600000004177377e-01	-1.645246e-01	4.149883e-01
2.600000004827267e-01	-3.454661e-02	5.449662e-01
2.600000005457242e-01	9.144837e-02	6.709611e-01
2.600000006251463e-01	2.502927e-01	8.298053e-01
2.600000007184453e-01	4.368905e-01	1.016403e+00
2.600000008400081e-01	6.800161e-01	1.259528e+00
2.600000010000000e-01	1.000000e+00	1.579512e+00
2.600000010170110e-01	1.000000e+00	1.579512e+00
2.600000010510330e-01	1.000000e+00	1.579512e+00
2.600000011190771e-01	1.000000e+00	1.579512e+00
2.600000012551651e-01	1.000000e+00	1.579512e+00
2.600000015273412e-01	1.000000e+00	1.579512e+00
2.600000020716933e-01	1.000000e+00	1.579512e+00
2.600000031603976e-01	1.000000e+00	1.579512e+00
2.600000053378063e-01	1.000000e+00	1.579512e+00
2.600000096926235e-01	1.000000e+00	1.579512e+00
2.600000184022580e-01	1.000000e+00	1.579512e+00
2.600000358215270e-01	1.000000e+00	1.579512e+00
2.600000706600650e-01	1.000000e+00	1.579512e+00
2.600001403371409e-01	1.000000e+00	1.579512e+00
2.600002796912928e-01	1.000000e+00	1.579511e+00
2.600005583995966e-01	1.000000e+00	1.579510e+00
2.600011158162042e-01	1.000000e+00	1.579508e+00
2.600022306494194e-01	1.000000e+00	1.579505e+00
2.600044603158497e-01	1.000000e+00	1.579497e+00
2.600089196487104e-01	1.000000e+00	1.579482e+00
2.600178383144318e-01	1.000000e+00	1.579452e+00
2.600356756458747e-01	1.000000e+00	1.579392e+00
2.600713503087603e-01	1.000000e+00	1.579272e+00
2.601426996345316e-01	1.000000e+00	1.579033e+00
2.602853982860742e-01	1.000000e+00	1.578553e+00
2.605707955891595e-01	1.000000e+00	1.577595e+00
2.611415901953299e-01	1.000000e+00	1.575680e+00
2.622831794076708e-01	1.000000e+00	1.571858e+00
2.645663578323525e-01	1.000000e+00	1.564240e+00
2.650000010000000e-01	9.999999e-01	1.562798e+00
2.650000011000000e-01	7.999999e-01	1.362798e+00
2.650000013000001e-01	3.999999e-01	9.627981e-01
2.650000017000001e-01	-4.000002e-01	1.627986e-01
2.650000019067609e-01	-8.135217e-01	-2.507225e-01
2.650000020000001e-01	-1.000000e+00	-4.372002e-01
2.650000020073613e-01	-1.000000e+00	-4.372002e-01
2.650000020220838e-01	-1.000000e+00	-4.372001e-01
2.650000020515288e-01	-1.000000e+00	-4.372000e-01
2.650000020852377e-01	-1.000000e+00	-4.371999e-01
2.650000021268951e-01	-1.000000e+00	-4.371999e-01
2.650000021842546e-01	-1.000000e+00	-4.371999e-01
2.650000022723237e-01	-1.000000e+00	-4.371998e-01
2.650000024070385e-01	-1.000000e+00	-4.371998e-01
2.650000026503601e-01	-1.000000e+00	-4.371998e-01
2.650000031370031e-01	-1.000000e+00	-4.371998e-01
2.650000041102892e-01	-1.000000e+00	-4.371998e-01
2.650000060568614e-01	-1.000000e+00	-4.371998e-01
2.650000099500057e-01	-1.000000e+00	-4.371998e-01
2.650000177362943e-01	-1.000000e+00	-4.371998e-01
2.650000333088715e-01	-1.000000e+00	-4.371998e-01
2.650000644540260e-01	-1.000000e+00	-4.371998e-01
2.650001267443349e-01	-1.000000e+00	-4.371997e-01
2.650002513249528e-01	-1.000000e+00	-4.371996e-01
2.650005004861886e-01	-1.000000e+00	-4.371993e-01
2.650009988086602e-01	-1.000000e+00	-4.371987e-01
2.650019954536035e-01	-1.000000e+00	-4.371976e-01
2.650039887434900e-01	-1.000000e+00	-4.371954e-01
2.650079753232629e-01	-1.000000e+00	-4.371909e-01
2.650159484828087e-01	-1.000000e+00	-4.371820e-01
2.650318948019004e-01	-1.000000e+00	-4.371642e-01
2.650637874400837e-01	-1.000000e+00	-4.371285e-01
2.651275727164504e-01	-1.000000e+00	-4.370571e-01
2.652551432691839e-01	-1.000000e+00	-4.369145e-01
2.655102843746507e-01	-1.000000e+00	-4.366298e-01
2.660205665855844e-01	-1.000000e+00	-4.360617e-01
2.670411310074519e-01	-1.000000e+00	-4.349317e-01
2.690822598511867e-01	-1.000000e+00	-4.326951e-01
2.700000000000000e-01	-1.000000e+00	-4.316994e-01
2.700000001000000e-01	-8.000001e-01	-2.317002e-01
2.700000003000000e-01	-4.000000e-01	1.682994e-01
2.700000003574520e-01	-2.850960e-01	2.832032e-01
2.700000004134251e-01	-1.731497e-01	3.951495e-01
2.700000004645341e-01	-7.093179e-02	4.973673e-01
2.700000005156840e-01	3.136790e-02	5.996670e-01
2.700000005720397e-01	1.440793e-01	7.123783e-01
2.700000006336767e-01	2.673534e-01	8.356524e-01
2.700000007088485e-01	4.176970e-01	9.859958e-01
2.700000008019184e-01	6.038367e-01	1.172135e+00
2.700000009248490e-01	8.496981e-01	1.417997e+00
2.700000010000000e-01	1.000000e+00	1.568298e+00
2.700000010172373e-01	1.000000e+00	1.568298e+00
2.700000010517119e-01	1.000000e+00	1.568298e+00
2.700000011206611e-01	1.000000e+00	1.568298e+00
2.700000012585594e-01	1.000000e+00	1.568298e+00
2.700000015343561e-01	1.000000e+00	1.568298e+00
2.700000020859495e-01	1.000000e+00	1.568298e+00
2.700000031891362e-01	1.000000e+00	1.568298e+00
2.700000053955096e-01	1.000000e+00	1.568298e+00
2.700000098082565e-01	1.000000e+00	1.568298e+00
2.700000186337502e-01	1.000000e+00	1.568298e+00
2.700000362847377e-01	1.000000e+00	1.568298e+00
2.700000715867126e-01	1.000000e+00	1.568298e+00
2.700001421906625e-01	1.000000e+00	1.568298e+00
2.700002833985622e-01	1.000000e+00	1.568298e+00
2.700005658143617e-01	1.000000e+00	1.568297e+00
2.700011306459607e-01	1.000000e+00	1.568295e+00
2.700022603091586e-01	1.000000e+00	1.568291e+00
2.700045196355544e-01	1.000000e+00	1.568283e+00
2.700090382883462e-01	1.000000e+00	1.568268e+00
2.700180755939295e-01	1.000000e+00	1.568238e+00
2.700361502050963e-01	1.000000e+00	1.568178e+00
2.700722994274298e-01	1.000000e+00	1.568057e+00
2.701445978720969e-01	1.000000e+00	1.567816e+00
2.702891947614312e-01	1.000000e+00	1.567334e+00
2.705783885400995e-01	1.000000e+00	1.566370e+00
2.711567760974363e-01	1.000000e+00	1.564443e+00
2.723135512121099e-01	1.000000e+00	1.560598e+00
2.746271014414570e-01	1.000000e+00	1.552934e+00
2.750000010000000e-01	1.000000e+00	1.551703e+00
2.750000011000001e-01	7.999998e-01	1.351703e+00
2.750000013000001e-01	3.999999e-01	9.517031e-01
2.750000017000001e-01	-4.000002e-01	1.517036e-01
2.750000019006332e-01	-8.012664e-01	-2.495623e-01
2.750000020000001e-01	-1.000000e+00	-4.482951e-01
2.750000020139184e-01	-1.000000e+00	-4.482950e-01
2.750000020417550e-01	-1.000000e+00	-4.482948e-01
2.750000020890094e-01	-1.000000e+00	-4.482947e-01
2.750000021329257e-01	-1.000000e+00	-4.482946e-01
2.750000021912711e-01	-1.000000e+00	-4.482946e-01
2.750000022721004e-01	-1.000000e+00	-4.482946e-01
2.750000024064038e-01	-1.000000e+00	-4.482946e-01
2.750000026031927e-01	-1.000000e+00	-4.482946e-01
2.750000029896171e-01	-1.000000e+00	-4.482946e-01
2.750000037624659e-01	-1.000000e+00	-4.482946e-01
2.750000053081635e-01	-1.000000e+00	-4.482946e-01
2.750000083995588e-01	-1.000000e+00	-4.482946e-01
2.750000145823494e-01	-1.000000e+00	-4.482946e-01
2.750000269479306e-01	-1.000000e+00	-4.482946e-01
2.750000516790929e-01	-1.000000e+00	-4.482945e-01
2.750001011414175e-01	-1.000000e+00	-4.482945e-01
2.750002000660667e-01	-1.000000e+00	-4.482943e-01
2.750003979153652e-01	-1.000000e+00	-4.482941e-01
2.750007936139621e-01	-1.000000e+00	-4.482936e-01
2.750015850111560e-01	-1.000000e+00	-4.482927e-01
2.750031678055437e-01	-1.000000e+00	-4.482908e-01
2.750063333943192e-01	-1.000000e+00	-4.482870e-01
2.750126645718701e-01	-1.000000e+00	-4.482793e-01
2.750253269269720e-01	-1.000000e+00	-4.482640e-01
2.750506516371758e-01	-1.000000e+00	-4.482334e-01
2.751013010575833e-01	-1.000000e+00	-4.481723e-01
2.752025998983984e-01	-1.000000e+00	-4.480501e-01
2.754051975800285e-01	-1.000000e+00	-4.478060e-01
2.758103929432887e-01	-1.000000e+00	-4.473192e-01
2.766207836698092e-01	-1.000000e+00	-4.463507e-01
2.782415651228501e-01	-1.000000e+00	-4.444335e-01
2.800000000000000e-01	-1.000000e+00	-4.423822e-01
2.800000001000000e-01	-8.000000e-01	-2.423834e-01
2.800000003000001e-01	-4.000000e-01	1.576164e-01
2.800000003558681e-01	-2.882638e-01	2.693524e-01
2.800000004102460e-01	-1.795081e-01	3.781080e-01
2.800000004548449e-01	-9.031034e-02	4.673057e-01
2.800000004971673e-01	-5.665421e-03	5.519506e-01
2.800000005409118e-01	8.182359e-02	6.394396e-01
2.800000005848913e-01	1.697825e-01	7.273983e-01
2.800000006357081e-01	2.714161e-01	8.290318e-01
2.800000006934928e-01	3.869857e-01	9.446014e-01
2.800000007652744e-01	5.305488e-01	1.088164e+00
2.800000008573622e-01	7.147244e-01	1.272340e+00
2.800000009813183e-01	9.626366e-01	1.520252e+00
2.800000010000001e-01	1.000000e+00	1.557615e+00
2.800000010055564e-01	1.000000e+00	1.557615e+00
2.800000010166692e-01	1.000000e+00	1.557615e+00
2.800000010388947e-01	1.000000e+00	1.557615e+00
2.800000010833457e-01	1.000000e+00	1.557615e+00
2.800000011722477e-01	1.000000e+00	1.557615e+00
2.800000013500518e-01	1.000000e+00	1.557615e+00
2.800000017056599e-01	1.000000e+00	1.557615e+00
2.800000024168760e-01	1.000000e+00	1.557615e+00
2.800000038393083e-01	1.000000e+00	1.557615e+00
2.800000066841729e-01	1.000000e+00	1.557615e+00
2.800000123739022e-01	1.000000e+00	1.557615e+00
2.800000237533606e-01	1.000000e+00	1.557615e+00
2.800000465122775e-01	1.000000e+00	1.557615e+00
2.800000920301113e-01	1.000000e+00	1.557615e+00
2.800001830657790e-01	1.000000e+00	1.557615e+00
2.800003651371142e-01	1.000000e+00	1.557614e+00
2.800007292797847e-01	1.000000e+00	1.557613e+00
2.800014575651257e-01	1.000000e+00	1.557611e+00
2.800029141358076e-01	1.000000e+00	1.557606e+00
2.800058272771715e-01	1.000000e+00	1.557596e+00
2.800116535598994e-01	1.000000e+00	1.557577e+00
2.800233061253550e-01	1.000000e+00	1.557538e+00
2.800466112562663e-01	1.000000e+00	1.557461e+00
2.800932215180890e-01	1.000000e+00	1.557306e+00
2.801864420417343e-01	1.000000e+00	1.556998e+00
2.803728830890250e-01	1.000000e+00	1.556380e+00
2.807457651836062e-01	1.000000e+00	1.555146e+00
2.814915293727688e-01	1.000000e+00	1.552680e+00
2.829830577510938e-01	1.000000e+00	1.547760e+00
2.850000010000001e-01	9.999999e-01	1.541133e+00
2.850000011000001e-01	8.000000e-01	1.341133e+00
2.850000013000001e-01	3.999999e-01	9.411330e-01
2.850000017000001e-01	-4.000002e-01	1.411335e-01
2.850000018959908e-01	-7.919817e-01	-2.508476e-01
2.850000020000001e-01	-1.000000e+00	-4.588651e-01
2.850000020391982e-01	-1.000000e+00	-4.588648e-01
2.850000021175945e-01	-1.000000e+00	-4.588644e-01
2.850000021908755e-01	-1.000000e+00	-4.588643e-01
2.850000022593174e-01	-1.000000e+00	-4.588643e-01
2.850000023482643e-01	-1.000000e+00	-4.588643e-01
2.850000025261580e-01	-1.000000e+00	-4.588643e-01
2.850000027880914e-01	-1.000000e+00	-4.588643e-01
2.850000032900018e-01	-1.000000e+00	-4.588643e-01
2.850000042938227e-01	-1.000000e+00	-4.588643e-01
2.850000063014643e-01	-1.000000e+00	-4.588643e-01
2.850000103167477e-01	-1.000000e+00	-4.588643e-01
2.850000183473144e-01	-1.000000e+00	-4.588643e-01
2.850000344084478e-01	-1.000000e+00	-4.588642e-01
2.850000665307146e-01	-1.000000e+00	-4.588642e-01
2.850001307752482e-01	-1.000000e+00	-4.588641e-01
2.850002592643155e-01	-1.000000e+00	-4.588639e-01
2.850005162424500e-01	-1.000000e+00	-4.588636e-01
2.850010301987191e-01	-1.000000e+00	-4.588629e-01
2.850020581112572e-01	-1.000000e+00	-4.588616e-01
2.850041139363333e-01	-1.000000e+00	-4.588589e-01
2.850082255864858e-01	-1.000000e+00	-4.588535e-01
2.850164488867905e-01	-1.000000e+00	-4.588427e-01
2.850328954874000e-01	-1.000000e+00	-4.588211e-01
2.850657886886190e-01	-1.000000e+00	-4.587779e-01
2.851315750910571e-01	-1.000000e+00	-4.586917e-01
2.852631478959333e-01	-1.000000e+00	-4.585193e-01
2.855262935056855e-01	-1.000000e+00	-4.581752e-01
2.860525847251901e-01	-1.000000e+00	-4.574901e-01
2.871051671641992e-01	-1.000000e+00	-4.561314e-01
2.892103320422175e-01	-1.000000e+00	-4.534579e-01
2.900000000000000e-01	-9.999999e-01	-4.524695e-01
2.900000001000000e-01	-8.000000e-01	-2.524709e-01
2.900000003000001e-01	-3.999999e-01	1.475288e-01
2.900000003547050e-01	-2.905900e-01	2.569386e-01
2.900000004079092e-01	-1.841816e-01	3.633469e-01
2.900000004491570e-01	-1.016859e-01	4.458425e-01
2.900000004870971e-01	-2.580583e-02	5.217226e-01
2.900000005228590e-01	4.571795e-02	5.932462e-01
2.900000005572941e-01	1.145883e-01	6.621166e-01
2.900000005946206e-01	1.892413e-01	7.367694e-01
2.900000006344794e-01	2.689588e-01	8.164870e-01
2.900000006817278e-01	3.634557e-01	9.109838e-01
2.900000007385665e-01	4.771330e-01	1.024661e+00
2.900000008116186e-01	6.232373e-01	1.170765e+00
2.900000009094746e-01	8.189493e-01	1.366477e+00
2.900000010000000e-01	1.000000e+00	1.547528e+00
2.900000010137158e-01	1.000000e+00	1.547528e+00
2.900000010411473e-01	1.000000e+00	1.547528e+00
2.900000010960102e-01	1.000000e+00	1.547528e+00
2.900000011812711e-01	1.000000e+00	1.547528e+00
2.900000013517927e-01	1.000000e+00	1.547528e+00
2.900000016928361e-01	1.000000e+00	1.547528e+00
2.900000023749228e-01	1.000000e+00	1.547528e+00
2.900000037390962e-01	1.000000e+00	1.547528e+00
2.900000064674431e-01	1.000000e+00	1.547528e+00
2.900000119241367e-01	1.000000e+00	1.547528e+00
2.900000228375240e-01	1.000000e+00	1.547528e+00
2.900000446642986e-01	1.000000e+00	1.547528e+00
2.900000883178479e-01	1.000000e+00	1.547527e+00
2.900001756249464e-01	1.000000e+00	1.547527e+00
2.900003502391434e-01	1.000000e+00	1.547527e+00
2.900006994675374e-01	1.000000e+00	1.547525e+00
2.900013979243253e-01	1.000000e+00	1.547523e+00
2.900027948379013e-01	1.000000e+00	1.547518e+00
2.900055886650532e-01	1.000000e+00	1.547509e+00
2.900111763193570e-01	1.000000e+00	1.547491e+00
2.900223516279645e-01	1.000000e+00	1.547454e+00
2.900447022451796e-01	1.000000e+00	1.547381e+00
2.900894034796099e-01	1.000000e+00	1.547233e+00
2.901788059484704e-01	1.000000e+00	1.546939e+00
2.903576108861914e-01	1.000000e+00	1.546351e+00
2.907152207616335e-01	1.000000e+00	1.545174e+00
2.914304405125176e-01	1.000000e+00	1.542825e+00
2.928608800142858e-01	1.000000e+00	1.538136e+00
2.950000010000000e-01	1.000000e+00	1.531152e+00
2.950000011000000e-01	7.999998e-01	1.331152e+00
2.950000013000000e-01	3.999999e-01	9.311522e-01
2.950000017000001e-01	-4.000002e-01	1.311526e-01
2.950000018924590e-01	-7.849181e-01	-2.537649e-01
2.950000020000000e-01	-1.000000e+00	-4.688458e-01
2.950000020384918e-01	-1.000000e+00	-4.688455e-01
2.950000021073537e-01	-1.000000e+00	-4.688450e-01
2.950000021780028e-01	-1.000000e+00	-4.688449e-01
2.950000022504608e-01	-1.000000e+00	-4.688448e-01
2.950000023422040e-01	-1.000000e+00	-4.688447e-01
2.950000024984643e-01	-1.000000e+00	-4.688447e-01
2.950000027135553e-01	-1.000000e+00	-4.688447e-01
2.950000030676499e-01	-1.000000e+00	-4.688447e-01
2.950000036765372e-01	-1.000000e+00	-4.688447e-01
2.950000048943117e-01	-1.000000e+00	-4.688447e-01
2.950000073298609e-01	-1.000000e+00	-4.688447e-01
2.950000122009592e-01	-1.000000e+00	-4.688447e-01
2.950000219431557e-01	-1.000000e+00	-4.688447e-01
2.950000414275489e-01	-1.000000e+00	-4.688447e-01
2.950000803963352e-01	-1.000000e+00	-4.688446e-01
2.950001583339077e-01	-1.000000e+00	-4.688445e-01
2.950003142090529e-01	-1.000000e+00	-4.688443e-01
2.950006259593432e-01	-1.000000e+00	-4.688438e-01
2.950012494599239e-01	-1.000000e+00	-4.688429e-01
2.950024964610852e-01	-1.000000e+00	-4.688411e-01
2.950049904634079e-01	-1.000000e+00	-4.688375e-01
2.950099784680532e-01	-1.000000e+00	-4.688304e-01
2.950199544773439e-01	-1.000000e+00	-4.688160e-01
2.950399064959251e-01	-1.000000e+00	-4.687874e-01
2.950798105330876e-01	-1.000000e+00	-4.687301e-01
2.951596186074126e-01	-1.000000e+00	-4.686156e-01
2.953192347560626e-01	-1.000000e+00	-4.683870e-01
2.956384670533626e-01	-1.000000e+00	-4.679312e-01
2.962769316479626e-01	-1.000000e+00	-4.670256e-01
2.975538608371626e-01	-1.000000e+00	-4.652371e-01
3.000000000000000e-01	-1.000000e+00	-4.618897e-01
3.000000001000000e-01	-8.000001e-01	-2.618915e-01
3.000000003000000e-01	-4.000000e-01	1.381081e-01
3.000000003538525e-01	-2.922950e-01	2.458131e-01
3.000000004061967e-01	-1.876066e-01	3.505014e-01
3.000000004450721e-01	-1.098558e-01	4.282521e-01
3.000000004751695e-01	-4.966092e-02	4.884470e-01
3.000000005004662e-01	9.323359e-04	5.390402e-01
3.000000005260678e-01	5.213559e-02	5.902435e-01
3.000000005502013e-01	1.004027e-01	6.385103e-01
3.000000005762533e-01	1.525066e-01	6.906143e-01
3.000000006057353e-01	2.114706e-01	7.495782e-01
3.000000006401772e-01	2.803544e-01	8.184620e-01
3.000000006845318e-01	3.690636e-01	9.071712e-01
3.000000007425634e-01	4.851269e-01	1.023234e+00
3.000000008244404e-01	6.488808e-01	1.186988e+00
3.000000009451222e-01	8.902444e-01	1.428352e+00
3.000000010000000e-01	1.000000e+00	1.538107e+00
3.000000010185991e-01	1.000000e+00	1.538107e+00
3.000000010557972e-01	1.000000e+00	1.538107e+00
3.000000011301934e-01	1.000000e+00	1.538107e+00
3.000000012595607e-01	1.000000e+00	1.538107e+00
3.000000015182954e-01	1.000000e+00	1.538107e+00
3.000000020357649e-01	1.000000e+00	1.538107e+00
3.000000030707037e-01	1.000000e+00	1.538107e+00
3.000000051405815e-01	1.000000e+00	1.538107e+00
3.000000092803370e-01	1.000000e+00	1.538107e+00
3.000000175598480e-01	1.000000e+00	1.538107e+00
3.000000341188700e-01	1.000000e+00	1.538107e+00
3.000000672369140e-01	1.000000e+00	1.538107e+00
3.000001334730021e-01	1.000000e+00	1.538107e+00
3.000002659451781e-01	1.000000e+00	1.538106e+00
3.000005308895303e-01	1.000000e+00	1.538105e+00
3.000010607782345e-01	1.000000e+00	1.538104e+00
3.000021205556431e-01	1.000000e+00	1.538100e+00
3.000042401104602e-01	1.000000e+00	1.538093e+00
3.000084792200944e-01	1.000000e+00	1.538079e+00
3.000169574393628e-01	1.000000e+00	1.538052e+00
3.000339138778996e-01	1.000000e+00	1.537996e+00
3.000678267549731e-01	1.000000e+00	1.537885e+00
3.001356525091202e-01	1.000000e+00	1.537663e+00
3.002713040174144e-01	1.000000e+00	1.537220e+00
3.005426070340029e-01	1.000000e+00	1.536332e+00
3.010852130671797e-01	1.000000e+00	1.534560e+00
3.021704251335334e-01	1.000000e+00	1.531021e+00
3.043408492662409e-01	1.000000e+00	1.523967e+00
3.050000010000000e-01	9.999999e-01	1.521831e+00
3.050000011000000e-01	7.999998e-01	1.321831e+00
3.050000013000000e-01	3.999999e-01	9.218314e-01
3.050000017000001e-01	-4.000002e-01	1.218319e-01
3.050000018897466e-01	-7.794932e-01	-2.576610e-01
3.050000020000000e-01	-1.000000e+00	-4.781666e-01
3.050000020129464e-01	-1.000000e+00	-4.781663e-01
3.050000020388390e-01	-1.000000e+00	-4.781660e-01
3.050000020899077e-01	-1.000000e+00	-4.781656e-01
3.050000021475013e-01	-1.000000e+00	-4.781654e-01
3.050000022183759e-01	-1.000000e+00	-4.781652e-01
3.050000023162849e-01	-1.000000e+00	-4.781651e-01
3.050000024557907e-01	-1.000000e+00	-4.781650e-01
3.050000026475393e-01	-1.000000e+00	-4.781650e-01
3.050000029239775e-01	-1.000000e+00	-4.781650e-01
3.050000033593656e-01	-1.000000e+00	-4.781650e-01
3.050000042059756e-01	-1.000000e+00	-4.781650e-01
3.050000058991957e-01	-1.000000e+00	-4.781650e-01
3.050000092856358e-01	-1.000000e+00	-4.781650e-01
3.050000160585160e-01	-1.000000e+00	-4.781650e-01
3.050000296042764e-01	-1.000000e+00	-4.781649e-01
3.050000566957972e-01	-1.000000e+00	-4.781649e-01
3.050001108788387e-01	-1.000000e+00	-4.781648e-01
3.050002192449218e-01	-1.000000e+00	-4.781646e-01
3.050004359770881e-01	-1.000000e+00	-4.781643e-01
3.050008694414206e-01	-1.000000e+00	-4.781636e-01
3.050017363700857e-01	-1.000000e+00	-4.781623e-01
3.050034702274158e-01	-1.000000e+00	-4.781595e-01
3.050069379420760e-01	-1.000000e+00	-4.781540e-01
3.050138733713965e-01	-1.000000e+00	-4.781431e-01
3.050277442300374e-01	-1.000000e+00	-4.781212e-01
3.050554859473191e-01	-1.000000e+00	-4.780773e-01
3.051109693818826e-01	-1.000000e+00	-4.779898e-01
3.052219362510097e-01	-1.000000e+00	-4.778148e-01
3.054438699892639e-01	-1.000000e+00	-4.774660e-01
3.058877374657722e-01	-1.000000e+00	-4.767722e-01
3.067754724187889e-01	-1.000000e+00	-4.753997e-01
3.085509423248222e-01	-1.000000e+00	-4.727118e-01
3.100000000000000e-01	-1.000000e+00	-4.705713e-01
3.100000001000000e-01	-8.000000e-01	-2.705734e-01
3.100000003000000e-01	-4.000000e-01	1.294262e-01
3.100000003532286e-01	-2.935429e-01	2.358832e-01
3.100000004049447e-01	-1.901106e-01	3.393155e-01
3.100000004420962e-01	-1.158077e-01	4.136183e-01
3.100000004701437e-01	-5.971265e-02	4.697133e-01
3.100000004912377e-01	-1.752472e-02	5.119013e-01
3.100000005100639e-01	2.012777e-02	5.495536e-01
3.100000005291167e-01	5.823350e-02	5.876594e-01
3.100000005473019e-01	9.460378e-02	6.240295e-01
3.100000005685356e-01	1.370713e-01	6.664970e-01
3.100000005928364e-01	1.856728e-01	7.150986e-01
3.100000006240039e-01	2.480078e-01	7.774335e-01
3.100000006660907e-01	3.321815e-01	8.616071e-01
3.100000007258914e-01	4.517828e-01	9.812084e-01
3.100000008170065e-01	6.340131e-01	1.163438e+00
3.100000009616521e-01	9.233043e-01	1.452730e+00
3.100000010000000e-01	1.000000e+00	1.529425e+00
3.100000010084096e-01	1.000000e+00	1.529425e+00
3.100000010252288e-01	1.000000e+00	1.529425e+00
3.100000010588673e-01	1.000000e+00	1.529425e+00
3.100000011261441e-01	1.000000e+00	1.529425e+00
3.100000012606977e-01	1.000000e+00	1.529425e+00
3.100000015298048e-01	1.000000e+00	1.529425e+00
3.100000020680193e-01	1.000000e+00	1.529425e+00
3.100000031444481e-01	1.000000e+00	1.529425e+00
3.100000052973057e-01	1.000000e+00	1.529425e+00
3.100000096030209e-01	1.000000e+00	1.529425e+00
3.100000182144514e-01	1.000000e+00	1.529425e+00
3.100000354373124e-01	1.000000e+00	1.529425e+00
3.100000698830344e-01	1.000000e+00	1.529425e+00
3.100001387744784e-01	1.000000e+00	1.529425e+00
3.100002765573663e-01	1.000000e+00	1.529424e+00
3.100005521231421e-01	1.000000e+00	1.529423e+00
3.100011032546938e-01	1.000000e+00	1.529422e+00
3.100022055177972e-01	1.000000e+00	1.529418e+00
3.100044100440040e-01	1.000000e+00	1.529411e+00
3.100088190964176e-01	1.000000e+00	1.529397e+00
3.100176372012448e-01	1.000000e+00	1.529368e+00
3.100352734108992e-01	1.000000e+00	1.529310e+00
3.100705458302079e-01	1.000000e+00	1.529196e+00
3.101410906688254e-01	1.000000e+00	1.528966e+00
3.102821803460605e-01	1.000000e+00	1.528507e+00
3.105643597005305e-01	1.000000e+00	1.527590e+00
3.111287184094705e-01	1.000000e+00	1.525757e+00
3.122574358273506e-01	1.000000e+00	1.522097e+00
3.145148706631107e-01	1.000000e+00	1.514804e+00
3.150000010000000e-01	1.000000e+00	1.513241e+00
3.150000011000000e-01	8.000000e-01	1.313241e+00
3.150000013000001e-01	3.999999e-01	9.132413e-01
3.150000017000001e-01	-4.000002e-01	1.132418e-01
3.150000018876807e-01	-7.753614e-01	-2.621191e-01
3.150000020000001e-01	-1.000000e+00	-4.867565e-01
3.150000020110638e-01	-1.000000e+00	-4.867563e-01
3.150000020331912e-01	-1.000000e+00	-4.867560e-01
3.150000020774460e-01	-1.000000e+00	-4.867555e-01
3.150000021366888e-01	-1.000000e+00	-4.867551e-01
3.150000022047958e-01	-1.000000e+00	-4.867549e-01
3.150000023057523e-01	-1.000000e+00	-4.867547e-01
3.150000024384104e-01	-1.000000e+00	-4.867545e-01
3.150000026296790e-01	-1.000000e+00	-4.867545e-01
3.150000028808909e-01	-1.000000e+00	-4.867544e-01
3.150000032658085e-01	-1.000000e+00	-4.867544e-01
3.150000038729714e-01	-1.000000e+00	-4.867544e-01
3.150000050872974e-01	-1.000000e+00	-4.867544e-01
3.150000075159493e-01	-1.000000e+00	-4.867544e-01
3.150000123732531e-01	-1.000000e+00	-4.867544e-01
3.150000220878608e-01	-1.000000e+00	-4.867544e-01
3.150000415170761e-01	-1.000000e+00	-4.867544e-01
3.150000803755066e-01	-1.000000e+00	-4.867543e-01
3.150001580923678e-01	-1.000000e+00	-4.867542e-01
3.150003135260900e-01	-1.000000e+00	-4.867539e-01
3.150006243935345e-01	-1.000000e+00	-4.867534e-01
3.150012461284235e-01	-1.000000e+00	-4.867523e-01
3.150024895982015e-01	-1.000000e+00	-4.867501e-01
3.150049765377576e-01	-1.000000e+00	-4.867458e-01
3.150099504168696e-01	-1.000000e+00	-4.867371e-01
3.150198981750937e-01	-1.000000e+00	-4.867198e-01
3.150397936915420e-01	-1.000000e+00	-4.866851e-01
3.150795847244385e-01	-1.000000e+00	-4.866158e-01
3.151591667902315e-01	-1.000000e+00	-4.864773e-01
3.153183309218174e-01	-1.000000e+00	-4.862011e-01
3.156366591849893e-01	-1.000000e+00	-4.856514e-01
3.162733157113332e-01	-1.000000e+00	-4.845626e-01
3.175466287640210e-01	-1.000000e+00	-4.824255e-01
3.200000000000000e-01	-1.000000e+00	-4.784470e-01
3.200000001000000e-01	-8.000000e-01	-2.784495e-01
3.200000003000000e-01	-4.000000e-01	1.215501e-01
3.200000003527738e-01	-2.944525e-01	2.270975e-01
3.200000004040354e-01	-1.919292e-01	3.296207e-01
3.200000004399329e-01	-1.201342e-01	4.014156e-01
3.200000004665217e-01	-6.695664e-02	4.545932e-01
3.200000004845252e-01	-3.094959e-02	4.906001e-01
3.200000004997424e-01	-5.153418e-04	5.210345e-01
3.200000005136117e-01	2.722335e-02	5.487731e-01
3.200000005276888e-01	5.537772e-02	5.769274e-01
3.200000005430541e-01	8.610821e-02	6.076578e-01
3.200000005613867e-01	1.227733e-01	6.443229e-01
3.200000005854686e-01	1.709373e-01	6.924868e-01
3.200000006190628e-01	2.381256e-01	7.596751e-01
3.200000006699786e-01	3.399572e-01	8.615067e-01
3.200000007515333e-01	5.030667e-01	1.024616e+00
3.200000008902715e-01	7.805429e-01	1.302092e+00
3.200000010000000e-01	1.000000e+00	1.521549e+00
3.200000010179591e-01	1.000000e+00	1.521549e+00
3.200000010538773e-01	1.000000e+00	1.521549e+00
3.200000011257136e-01	1.000000e+00	1.521549e+00
3.200000012693863e-01	1.000000e+00	1.521549e+00
3.200000015567318e-01	1.000000e+00	1.521549e+00
3.200000021314225e-01	1.000000e+00	1.521549e+00
3.200000032808042e-01	1.000000e+00	1.521549e+00
3.200000055795674e-01	1.000000e+00	1.521549e+00
3.200000101770940e-01	1.000000e+00	1.521549e+00
3.200000193721469e-01	1.000000e+00	1.521549e+00
3.200000377622530e-01	1.000000e+00	1.521549e+00
3.200000745424650e-01	1.000000e+00	1.521549e+00
3.200001481028892e-01	1.000000e+00	1.521549e+00
3.200002952237375e-01	1.000000e+00	1.521548e+00
3.200005894654340e-01	1.000000e+00	1.521547e+00
3.200011779488272e-01	1.000000e+00	1.521545e+00
3.200023549156134e-01	1.000000e+00	1.521541e+00
3.200047088491857e-01	1.000000e+00	1.521534e+00
3.200094167163306e-01	1.000000e+00	1.521519e+00
3.200188324506203e-01	1.000000e+00	1.521488e+00
3.200376639191996e-01	1.000000e+00	1.521427e+00
3.200753268563584e-01	1.000000e+00	1.521305e+00
3.201506527306758e-01	1.000000e+00	1.521061e+00
3.203013044793107e-01	1.000000e+00	1.520574e+00
3.206026079765804e-01	1.000000e+00	1.519599e+00
3.212052149711199e-01	1.000000e+00	1.517652e+00
3.224104289601989e-01	1.000000e+00	1.513766e+00
3.248208569383569e-01	1.000000e+00	1.506022e+00
3.250000010000000e-01	9.999999e-01	1.505448e+00
3.250000011000000e-01	8.000000e-01	1.305448e+00
3.250000013000001e-01	3.999999e-01	9.054483e-01
3.250000017000001e-01	-4.000002e-01	1.054490e-01
3.250000018861173e-01	-7.722346e-01	-2.667851e-01
3.250000020000001e-01	-1.000000e+00	-4.945492e-01
3.250000020121976e-01	-1.000000e+00	-4.945490e-01
3.250000020365926e-01	-1.000000e+00	-4.945486e-01
3.250000020853826e-01	-1.000000e+00	-4.945480e-01
3.250000021513320e-01	-1.000000e+00	-4.945475e-01
3.250000022267991e-01	-1.000000e+00	-4.945472e-01
3.250000023386144e-01	-1.000000e+00	-4.945469e-01
3.250000024858892e-01	-1.000000e+00	-4.945467e-01
3.250000026976905e-01	-1.000000e+00	-4.945466e-01
3.250000029730214e-01	-1.000000e+00	-4.945466e-01
3.250000033843410e-01	-1.000000e+00	-4.945466e-01
3.250000040047117e-01	-1.000000e+00	-4.945466e-01
3.250000052171056e-01	-1.000000e+00	-4.945466e-01
3.250000076418936e-01	-1.000000e+00	-4.945466e-01
3.250000124914694e-01	-1.000000e+00	-4.945466e-01
3.250000221906210e-01	-1.000000e+00	-4.945465e-01
3.250000415889242e-01	-1.000000e+00	-4.945465e-01
3.250000803855307e-01	-1.000000e+00	-4.945464e-01
3.250001579787436e-01	-1.000000e+00	-4.945463e-01
3.250003131651695e-01	-1.000000e+00	-4.945460e-01
3.250006235380212e-01	-1.000000e+00	-4.945454e-01
3.250012442837246e-01	-1.000000e+00	-4.945442e-01
3.250024857751314e-01	-1.000000e+00	-4.945418e-01
3.250049687579450e-01	-1.000000e+00	-4.945370e-01
3.250099347235722e-01	-1.000000e+00	-4.945275e-01
3.250198666548266e-01	-1.000000e+00	-4.945084e-01
3.250397305173355e-01	-1.000000e+00	-4.944702e-01
3.250794582423532e-01	-1.000000e+00	-4.943938e-01
3.251589136923888e-01	-1.000000e+00	-4.942414e-01
3.253178245924597e-01	-1.000000e+00	-4.939375e-01
3.256356463926017e-01	-1.000000e+00	-4.933332e-01
3.262712899928856e-01	-1.000000e+00	-4.921386e-01
3.275425771934535e-01	-1.000000e+00	-4.898023e-01
3.300000000000000e-01	-1.000000e+00	-4.854676e-01
3.300000001000000e-01	-8.000000e-01	-2.854705e-01
3.300000003000000e-01	-4.000000e-01	1.145290e-01
3.300000003524445e-01	-2.951111e-01	2.194179e-01
3.300000004033821e-01	-1.932359e-01	3.212929e-01
3.300000004383614e-01	-1.232773e-01	3.912516e-01
3.300000004639748e-01	-7.205045e-02	4.424783e-01
3.300000004797909e-01	-4.041827e-02	4.741105e-01
3.300000004925641e-01	-1.487195e-02	4.996568e-01
3.300000005036807e-01	7.361412e-03	5.218902e-01
3.300000005150738e-01	3.014767e-02	5.446763e-01
3.300000005272690e-01	5.453801e-02	5.690666e-01
3.300000005422648e-01	8.452952e-02	5.990583e-01
3.300000005626459e-01	1.252918e-01	6.398205e-01
3.300000005924673e-01	1.849345e-01	6.994630e-01
3.300000006407072e-01	2.814144e-01	7.959429e-01
3.300000007231592e-01	4.463183e-01	9.608467e-01
3.300000008741638e-01	7.483275e-01	1.262856e+00
3.300000010000000e-01	1.000000e+00	1.514528e+00
3.300000010179116e-01	1.000000e+00	1.514528e+00
3.300000010537347e-01	1.000000e+00	1.514528e+00
3.300000011253810e-01	1.000000e+00	1.514528e+00
3.300000012686736e-01	1.000000e+00	1.514528e+00
3.300000015552588e-01	1.000000e+00	1.514528e+00
3.300000021284292e-01	1.000000e+00	1.514528e+00
3.300000032747700e-01	1.000000e+00	1.514528e+00
3.300000055674515e-01	1.000000e+00	1.514528e+00
3.300000101528146e-01	1.000000e+00	1.514528e+00
3.300000193235408e-01	1.000000e+00	1.514528e+00
3.300000376649931e-01	1.000000e+00	1.514528e+00
3.300000743478978e-01	1.000000e+00	1.514528e+00
3.300001477137072e-01	1.000000e+00	1.514528e+00
3.300002944453259e-01	1.000000e+00	1.514527e+00
3.300005879085632e-01	1.000000e+00	1.514526e+00
3.300011748350380e-01	1.000000e+00	1.514524e+00
3.300023486879877e-01	1.000000e+00	1.514520e+00
3.300046963938869e-01	1.000000e+00	1.514513e+00
3.300093918056853e-01	1.000000e+00	1.514498e+00
3.300187826292822e-01	1.000000e+00	1.514467e+00
3.300375642764760e-01	1.000000e+00	1.514407e+00
3.300751275708636e-01	1.000000e+00	1.514286e+00
3.301502541596387e-01	1.000000e+00	1.514044e+00
3.303005073371890e-01	1.000000e+00	1.513560e+00
3.306010136922895e-01	1.000000e+00	1.512593e+00
3.312020264024906e-01	1.000000e+00	1.510660e+00
3.324040518228927e-01	1.000000e+00	1.506801e+00
3.348081026636969e-01	1.000000e+00	1.499113e+00
3.350000010000000e-01	9.999999e-01	1.498501e+00
3.350000011000001e-01	8.000000e-01	1.298501e+00
3.350000013000001e-01	3.999999e-01	8.985016e-01
3.350000017000001e-01	-4.000002e-01	9.850216e-02
3.350000018849190e-01	-7.698379e-01	-2.713352e-01
3.350000020000001e-01	-1.000000e+00	-5.014958e-01
3.350000020104628e-01	-1.000000e+00	-5.014956e-01
3.350000020313882e-01	-1.000000e+00	-5.014952e-01
3.350000020732390e-01	-1.000000e+00	-5.014946e-01
3.350000021396240e-01	-1.000000e+00	-5.014940e-01
3.350000022113486e-01	-1.000000e+00	-5.014936e-01
3.350000023253460e-01	-1.000000e+00	-5.014932e-01
3.350000024662557e-01	-1.000000e+00	-5.014929e-01
3.350000026805241e-01	-1.000000e+00	-5.014927e-01
3.350000029431437e-01	-1.000000e+00	-5.014926e-01
3.350000033402282e-01	-1.000000e+00	-5.014926e-01
3.350000038789264e-01	-1.000000e+00	-5.014926e-01
3.350000048430032e-01	-1.000000e+00	-5.014926e-01
3.350000066627515e-01	-1.000000e+00	-5.014926e-01
3.350000103022479e-01	-1.000000e+00	-5.014926e-01
3.350000175812408e-01	-1.000000e+00	-5.014925e-01
3.350000321392265e-01	-1.000000e+00	-5.014925e-01
3.350000612551979e-01	-1.000000e+00	-5.014924e-01
3.350001194871408e-01	-1.000000e+00	-5.014923e-01
3.350002359510266e-01	-1.000000e+00	-5.014921e-01
3.350004688787983e-01	-1.000000e+00	-5.014915e-01
3.350009347343415e-01	-1.000000e+00	-5.014906e-01
3.350018664454280e-01	-1.000000e+00	-5.014886e-01
3.350037298676009e-01	-1.000000e+00	-5.014846e-01
3.350074567119468e-01	-1.000000e+00	-5.014768e-01
3.350149104006386e-01	-1.000000e+00	-5.014610e-01
3.350298177780222e-01	-1.000000e+00	-5.014295e-01
3.350596325327894e-01	-1.000000e+00	-5.013664e-01
3.351192620423238e-01	-1.000000e+00	-5.012406e-01
3.352385210613927e-01	-1.000000e+00	-5.009896e-01
3.354770390995303e-01	-1.000000e+00	-5.004901e-01
3.359540751758056e-01	-1.000000e+00	-4.995016e-01
3.369081473283561e-01	-1.000000e+00	-4.975641e-01
3.388162916334571e-01	-1.000000e+00	-4.938337e-01
3.400000000000000e-01	-1.000000e+00	-4.916092e-01
3.400000001000000e-01	-8.000000e-01	-2.916126e-01
3.400000003000000e-01	-4.000000e-01	1.083868e-01
3.400000003522090e-01	-2.955822e-01	2.128046e-01
3.400000004032152e-01	-1.935697e-01	3.148170e-01
3.400000004378520e-01	-1.242961e-01	3.840905e-01
3.400000004631453e-01	-7.370949e-02	4.346770e-01
3.400000004776415e-01	-4.471707e-02	4.636694e-01
3.400000004888931e-01	-2.221382e-02	4.861727e-01
3.400000004983064e-01	-3.387332e-03	5.049992e-01
3.400000005080439e-01	1.608777e-02	5.244743e-01
3.400000005182886e-01	3.657711e-02	5.449636e-01
3.400000005312508e-01	6.250167e-02	5.708880e-01
3.400000005494728e-01	9.894550e-02	6.073319e-01
3.400000005773490e-01	1.546979e-01	6.630843e-01
3.400000006253908e-01	2.507815e-01	7.591679e-01
3.400000007126353e-01	4.252704e-01	9.336567e-01
3.400000008837288e-01	7.674575e-01	1.275844e+00
3.400000010000001e-01	1.000000e+00	1.508386e+00
3.400000010152396e-01	1.000000e+00	1.508386e+00
3.400000010457188e-01	1.000000e+00	1.508386e+00
3.400000011066772e-01	1.000000e+00	1.508386e+00
3.400000012285940e-01	1.000000e+00	1.508386e+00
3.400000014724276e-01	1.000000e+00	1.508386e+00
3.400000019600948e-01	1.000000e+00	1.508386e+00
3.400000029354291e-01	1.000000e+00	1.508386e+00
3.400000048860978e-01	1.000000e+00	1.508386e+00
3.400000087874352e-01	1.000000e+00	1.508386e+00
3.400000165901101e-01	1.000000e+00	1.508386e+00
3.400000321954598e-01	1.000000e+00	1.508386e+00
3.400000634061591e-01	1.000000e+00	1.508386e+00
3.400001258275577e-01	1.000000e+00	1.508385e+00
3.400002506703549e-01	1.000000e+00	1.508385e+00
3.400005003559494e-01	1.000000e+00	1.508384e+00
3.400009997271384e-01	1.000000e+00	1.508383e+00
3.400019984695163e-01	1.000000e+00	1.508379e+00
3.400039959542722e-01	1.000000e+00	1.508373e+00
3.400079909237840e-01	1.000000e+00	1.508360e+00
3.400159808628076e-01	1.000000e+00	1.508335e+00
3.400319607408548e-01	1.000000e+00	1.508283e+00
3.400639204969492e-01	1.000000e+00	1.508181e+00
3.401278400091379e-01	1.000000e+00	1.507976e+00
3.402556790335153e-01	1.000000e+00	1.507565e+00
3.405113570822703e-01	1.000000e+00	1.506746e+00
3.410227131797801e-01	1.000000e+00	1.505107e+00
3.420454253747998e-01	1.000000e+00	1.501836e+00
3.440908497648391e-01	1.000000e+00	1.495314e+00
3.450000010000001e-01	1.000000e+00	1.492424e+00
3.450000011000001e-01	7.999998e-01	1.292424e+00
3.450000013000001e-01	3.999999e-01	8.924245e-01
3.450000017000001e-01	-4.000002e-01	9.242499e-02
3.450000018840015e-01	-7.680031e-01	-2.755775e-01
3.450000020000001e-01	-1.000000e+00	-5.075729e-01
3.450000020094245e-01	-1.000000e+00	-5.075727e-01
3.450000020282735e-01	-1.000000e+00	-5.075724e-01
3.450000020659713e-01	-1.000000e+00	-5.075717e-01
3.450000021413671e-01	-1.000000e+00	-5.075709e-01
3.450000022095293e-01	-1.000000e+00	-5.075704e-01
3.450000023340969e-01	-1.000000e+00	-5.075698e-01
3.450000024707797e-01	-1.000000e+00	-5.075694e-01
3.450000027049674e-01	-1.000000e+00	-5.075691e-01
3.450000029649777e-01	-1.000000e+00	-5.075690e-01
3.450000033884996e-01	-1.000000e+00	-5.075690e-01
3.450000039036387e-01	-1.000000e+00	-5.075690e-01
3.450000048443860e-01	-1.000000e+00	-5.075690e-01
3.450000063359631e-01	-1.000000e+00	-5.075690e-01
3.450000093191174e-01	-1.000000e+00	-5.075690e-01
3.450000152854260e-01	-1.000000e+00	-5.075690e-01
3.450000272180431e-01	-1.000000e+00	-5.075689e-01
3.450000510832772e-01	-1.000000e+00	-5.075688e-01
3.450000988137457e-01	-1.000000e+00	-5.075687e-01
3.450001942746825e-01	-1.000000e+00	-5.075685e-01
3.450003851965561e-01	-1.000000e+00	-5.075681e-01
3.450007670403032e-01	-1.000000e+00	-5.075672e-01
3.450015307277977e-01	-1.000000e+00	-5.075654e-01
3.450030581027865e-01	-1.000000e+00	-5.075619e-01
3.450061128527641e-01	-1.000000e+00	-5.075548e-01
3.450122223527194e-01	-1.000000e+00	-5.075407e-01
3.450244413526299e-01	-1.000000e+00	-5.075125e-01
3.450488793524509e-01	-1.000000e+00	-5.074559e-01
3.450977553520930e-01	-1.000000e+00	-5.073432e-01
3.451955073513771e-01	-1.000000e+00	-5.071181e-01
3.453910113499453e-01	-1.000000e+00	-5.066704e-01
3.457820193470818e-01	-1.000000e+00	-5.057837e-01
3.465640353413547e-01	-1.000000e+00	-5.040443e-01
3.481280673299005e-01	-1.000000e+00	-5.006909e-01
3.500000000000000e-01	-1.000000e+00	-4.968746e-01
3.500000001000000e-01	-8.000001e-01	-2.968786e-01
3.500000003000001e-01	-4.000000e-01	1.031209e-01
3.500000003520440e-01	-2.959121e-01	2.072088e-01
3.500000004032320e-01	-1.935360e-01	3.095847e-01
3.500000004378983e-01	-1.242036e-01	3.789171e-01
3.500000004631758e-01	-7.364845e-02	4.294721e-01
3.500000004771025e-01	-4.579508e-02	4.573256e-01
3.500000004874713e-01	-2.505755e-02	4.780630e-01
3.500000004958686e-01	-8.262873e-03	4.948578e-01
3.500000005046425e-01	9.284854e-03	5.124054e-01
3.500000005136513e-01	2.730250e-02	5.304230e-01
3.500000005253330e-01	5.066597e-02	5.537865e-01
3.500000005421329e-01	8.426571e-02	5.873861e-01
3.500000005686814e-01	1.373627e-01	6.404831e-01
3.500000006168976e-01	2.337952e-01	7.369156e-01
3.500000007084468e-01	4.168935e-01	9.200138e-01
3.500000008915451e-01	7.830901e-01	1.286210e+00
3.500000010000001e-01	1.000000e+00	1.503120e+00
3.500000010137083e-01	1.000000e+00	1.503120e+00
3.500000010411248e-01	1.000000e+00	1.503120e+00
3.500000010959579e-01	1.000000e+00	1.503120e+00
3.500000012056239e-01	1.000000e+00	1.503120e+00
3.500000014249560e-01	1.000000e+00	1.503120e+00
3.500000018636202e-01	1.000000e+00	1.503120e+00
3.500000027409486e-01	1.000000e+00	1.503120e+00
3.500000044956054e-01	1.000000e+00	1.503120e+00
3.500000080049190e-01	1.000000e+00	1.503120e+00
3.500000150235463e-01	1.000000e+00	1.503120e+00
3.500000290608007e-01	1.000000e+00	1.503120e+00
3.500000571353097e-01	1.000000e+00	1.503120e+00
3.500001132843275e-01	1.000000e+00	1.503120e+00
3.500002255823632e-01	1.000000e+00	1.503119e+00
3.500004501784346e-01	1.000000e+00	1.503119e+00
3.500008993705774e-01	1.000000e+00	1.503117e+00
3.500017977548630e-01	1.000000e+00	1.503114e+00
3.500035945234342e-01	1.000000e+00	1.503108e+00
3.500071880605765e-01	1.000000e+00	1.503097e+00
3.500143751348611e-01	1.000000e+00	1.503074e+00
3.500287492834303e-01	1.000000e+00	1.503028e+00
3.500574975805686e-01	1.000000e+00	1.502936e+00
3.501149941748455e-01	1.000000e+00	1.502752e+00
3.502299873633991e-01	1.000000e+00	1.502385e+00
3.504599737405064e-01	1.000000e+00	1.501650e+00
3.509199464947209e-01	1.000000e+00	1.500181e+00
3.518398920031500e-01	1.000000e+00	1.497247e+00
3.536797830200081e-01	1.000000e+00	1.491397e+00
3.550000010000001e-01	9.999999e-01	1.487214e+00
3.550000011000001e-01	7.999998e-01	1.287214e+00
3.550000013000001e-01	3.999999e-01	8.872143e-01
3.550000017000001e-01	-4.000002e-01	8.721483e-02
3.550000018832993e-01	-7.665985e-01	-2.793832e-01
3.550000019874939e-01	-9.749876e-01	-4.877712e-01
3.550000020000001e-01	-1.000000e+00	-5.127832e-01
3.550000020102128e-01	-1.000000e+00	-5.127829e-01
3.550000020306381e-01	-1.000000e+00	-5.127825e-01
3.550000020648092e-01	-1.000000e+00	-5.127818e-01
3.550000021331514e-01	-1.000000e+00	-5.127809e-01
3.550000021990973e-01	-1.000000e+00	-5.127803e-01
3.550000023194965e-01	-1.000000e+00	-5.127796e-01
3.550000024536019e-01	-1.000000e+00	-5.127791e-01
3.550000026803884e-01	-1.000000e+00	-5.127787e-01
3.550000029355498e-01	-1.000000e+00	-5.127785e-01
3.550000033422626e-01	-1.000000e+00	-5.127783e-01
3.550000038297348e-01	-1.000000e+00	-5.127783e-01
3.550000046589910e-01	-1.000000e+00	-5.127783e-01
3.550000058684854e-01	-1.000000e+00	-5.127783e-01
3.550000082874743e-01	-1.000000e+00	-5.127783e-01
3.550000131254521e-01	-1.000000e+00	-5.127783e-01
3.550000228014077e-01	-1.000000e+00	-5.127783e-01
3.550000421533188e-01	-1.000000e+00	-5.127782e-01
3.550000808571411e-01	-1.000000e+00	-5.127782e-01
3.550001582647858e-01	-1.000000e+00	-5.127779e-01
3.550003130800750e-01	-1.000000e+00	-5.127776e-01
3.550006227106534e-01	-1.000000e+00	-5.127768e-01
3.550012419718102e-01	-1.000000e+00	-5.127752e-01
3.550024804941238e-01	-1.000000e+00	-5.127721e-01
3.550049575387511e-01	-1.000000e+00	-5.127659e-01
3.550099116280056e-01	-1.000000e+00	-5.127535e-01
3.550198198065146e-01	-1.000000e+00	-5.127286e-01
3.550396361635328e-01	-1.000000e+00	-5.126790e-01
3.550792688775691e-01	-1.000000e+00	-5.125798e-01
3.551585343056416e-01	-1.000000e+00	-5.123819e-01
3.553170651617868e-01	-1.000000e+00	-5.119879e-01
3.556341268740770e-01	-1.000000e+00	-5.112072e-01
3.562682502986576e-01	-1.000000e+00	-5.096736e-01
3.575364971478185e-01	-1.000000e+00	-5.067100e-01
3.600000000000000e-01	-9.999999e-01	-5.012969e-01
3.600000001000001e-01	-7.999998e-01	-3.013014e-01
3.600000003000001e-01	-3.999999e-01	9.869802e-02
3.600000003519860e-01	-2.960279e-01	2.026700e-01
3.600000004033184e-01	-1.933632e-01	3.053344e-01
3.600000004380188e-01	-1.239624e-01	3.747354e-01
3.600000004633002e-01	-7.339954e-02	4.252981e-01
3.600000004772757e-01	-4.544854e-02	4.532491e-01
3.600000004872032e-01	-2.559352e-02	4.731041e-01
3.600000004950527e-01	-9.894609e-03	4.888029e-01
3.600000005033042e-01	6.608367e-03	5.053060e-01
3.600000005115285e-01	2.305698e-02	5.217545e-01
3.600000005223686e-01	4.473722e-02	5.434347e-01
3.600000005380768e-01	7.615364e-02	5.748512e-01
3.600000005633323e-01	1.266645e-01	6.253620e-01
3.600000006108560e-01	2.217120e-01	7.204094e-01
3.600000007033907e-01	4.067813e-01	9.054787e-01
3.600000008884600e-01	7.769201e-01	1.275617e+00
3.600000010000000e-01	1.000000e+00	1.498697e+00
3.600000010138579e-01	1.000000e+00	1.498697e+00
3.600000010415738e-01	1.000000e+00	1.498697e+00
3.600000010970054e-01	1.000000e+00	1.498697e+00
3.600000012078687e-01	1.000000e+00	1.498697e+00
3.600000014295954e-01	1.000000e+00	1.498697e+00
3.600000018730488e-01	1.000000e+00	1.498697e+00
3.600000027599554e-01	1.000000e+00	1.498697e+00
3.600000045337687e-01	1.000000e+00	1.498697e+00
3.600000080813954e-01	1.000000e+00	1.498697e+00
3.600000151766488e-01	1.000000e+00	1.498697e+00
3.600000293671554e-01	1.000000e+00	1.498697e+00
3.600000577481688e-01	1.000000e+00	1.498697e+00
3.600001145101955e-01	1.000000e+00	1.498697e+00
3.600002280342489e-01	1.000000e+00	1.498696e+00
3.600004550823558e-01	1.000000e+00	1.498695e+00
3.600009091785695e-01	1.000000e+00	1.498694e+00
3.600018173709970e-01	1.000000e+00	1.498691e+00
3.600036337558518e-01	1.000000e+00	1.498685e+00
3.600072665255615e-01	1.000000e+00	1.498674e+00
3.600145320649810e-01	1.000000e+00	1.498651e+00
3.600290631438198e-01	1.000000e+00	1.498604e+00
3.600581253014976e-01	1.000000e+00	1.498512e+00
3.601162496168530e-01	1.000000e+00	1.498326e+00
3.602324982475640e-01	1.000000e+00	1.497956e+00
3.604649955089859e-01	1.000000e+00	1.497215e+00
3.609299900318297e-01	1.000000e+00	1.495734e+00
3.618599790775173e-01	1.000000e+00	1.492778e+00
3.637199571688925e-01	1.000000e+00	1.486882e+00
3.650000010000000e-01	9.999999e-01	1.482838e+00
3.650000011000000e-01	8.000000e-01	1.282838e+00
3.650000013000000e-01	3.999999e-01	8.828381e-01
3.650000017000001e-01	-4.000002e-01	8.283865e-02
3.650000018827625e-01	-7.655250e-01	-2.826859e-01
3.650000019868050e-01	-9.736099e-01	-4.907696e-01
3.650000020000000e-01	-1.000000e+00	-5.171593e-01
3.650000020101794e-01	-1.000000e+00	-5.171590e-01
3.650000020305381e-01	-1.000000e+00	-5.171585e-01
3.650000020642917e-01	-1.000000e+00	-5.171579e-01
3.650000021317989e-01	-1.000000e+00	-5.171569e-01
3.650000021997738e-01	-1.000000e+00	-5.171562e-01
3.650000023215584e-01	-1.000000e+00	-5.171554e-01
3.650000024599887e-01	-1.000000e+00	-5.171548e-01
3.650000026905993e-01	-1.000000e+00	-5.171543e-01
3.650000029546743e-01	-1.000000e+00	-5.171540e-01
3.650000033682447e-01	-1.000000e+00	-5.171538e-01
3.650000038653345e-01	-1.000000e+00	-5.171537e-01
3.650000046797450e-01	-1.000000e+00	-5.171537e-01
3.650000058338548e-01	-1.000000e+00	-5.171537e-01
3.650000081420744e-01	-1.000000e+00	-5.171537e-01
3.650000127585135e-01	-1.000000e+00	-5.171537e-01
3.650000219913918e-01	-1.000000e+00	-5.171537e-01
3.650000404571483e-01	-1.000000e+00	-5.171536e-01
3.650000773886615e-01	-1.000000e+00	-5.171536e-01
3.650001512516877e-01	-1.000000e+00	-5.171533e-01
3.650002989777401e-01	-1.000000e+00	-5.171530e-01
3.650005944298449e-01	-1.000000e+00	-5.171521e-01
3.650011853340545e-01	-1.000000e+00	-5.171506e-01
3.650023671424738e-01	-1.000000e+00	-5.171474e-01
3.650047307593123e-01	-1.000000e+00	-5.171410e-01
3.650094579929894e-01	-1.000000e+00	-5.171283e-01
3.650189124603435e-01	-1.000000e+00	-5.171028e-01
3.650378213950518e-01	-1.000000e+00	-5.170520e-01
3.650756392644684e-01	-1.000000e+00	-5.169504e-01
3.651512750033015e-01	-1.000000e+00	-5.167477e-01
3.653025464809678e-01	-1.000000e+00	-5.163443e-01
3.656050894363004e-01	-1.000000e+00	-5.155454e-01
3.662101753469655e-01	-1.000000e+00	-5.139781e-01
3.674203471682957e-01	-1.000000e+00	-5.109558e-01
3.698406908109562e-01	-1.000000e+00	-5.052993e-01
3.700000000000000e-01	-1.000000e+00	-5.049438e-01
3.700000001000000e-01	-8.000000e-01	-3.049487e-01
3.700000003000000e-01	-4.000000e-01	9.505057e-02
3.700000003520773e-01	-2.958454e-01	1.992052e-01
3.700000004035288e-01	-1.929425e-01	3.021079e-01
3.700000004383042e-01	-1.233916e-01	3.716588e-01
3.700000004636355e-01	-7.272911e-02	4.223212e-01
3.700000004776832e-01	-4.463351e-02	4.504168e-01
3.700000004873091e-01	-2.538168e-02	4.696685e-01
3.700000004947870e-01	-1.042604e-02	4.846243e-01
3.700000005026768e-01	5.353570e-03	5.004038e-01
3.700000005103657e-01	2.073133e-02	5.157816e-01
3.700000005206251e-01	4.125035e-02	5.363005e-01
3.700000005355846e-01	7.116914e-02	5.662194e-01
3.700000005599656e-01	1.199312e-01	6.149814e-01
3.700000006071909e-01	2.143818e-01	7.094320e-01
3.700000007010139e-01	4.020278e-01	8.970778e-01
3.700000008886599e-01	7.773198e-01	1.272370e+00
3.700000010000000e-01	1.000000e+00	1.495050e+00
3.700000010136710e-01	1.000000e+00	1.495050e+00
3.700000010410130e-01	1.000000e+00	1.495050e+00
3.700000010956969e-01	1.000000e+00	1.495050e+00
3.700000012050648e-01	1.000000e+00	1.495050e+00
3.700000014238005e-01	1.000000e+00	1.495050e+00
3.700000018612719e-01	1.000000e+00	1.495050e+00
3.700000027362148e-01	1.000000e+00	1.495050e+00
3.700000044861004e-01	1.000000e+00	1.495050e+00
3.700000079858718e-01	1.000000e+00	1.495050e+00
3.700000149854146e-01	1.000000e+00	1.495050e+00
3.700000289845001e-01	1.000000e+00	1.495049e+00
3.700000569826712e-01	1.000000e+00	1.495049e+00
3.700001129790134e-01	1.000000e+00	1.495049e+00
3.700002249716977e-01	1.000000e+00	1.495049e+00
3.700004489570662e-01	1.000000e+00	1.495048e+00
3.700008969278035e-01	1.000000e+00	1.495047e+00
3.700017928692779e-01	1.000000e+00	1.495044e+00
3.700035847522267e-01	1.000000e+00	1.495038e+00
3.700071685181244e-01	1.000000e+00	1.495027e+00
3.700143360499198e-01	1.000000e+00	1.495004e+00
3.700286711135105e-01	1.000000e+00	1.494958e+00
3.700573412406920e-01	1.000000e+00	1.494867e+00
3.701146814950549e-01	1.000000e+00	1.494685e+00
3.702293620037808e-01	1.000000e+00	1.494320e+00
3.704587230212325e-01	1.000000e+00	1.493591e+00
3.709174450561358e-01	1.000000e+00	1.492134e+00
3.718348891259426e-01	1.000000e+00	1.489224e+00
3.736697772655563e-01	1.000000e+00	1.483422e+00
3.750000010000000e-01	9.999999e-01	1.479229e+00
3.750000011000000e-01	7.999998e-01	1.279229e+00
3.750000013000001e-01	3.999999e-01	8.792294e-01
3.750000017000001e-01	-4.000002e-01	7.922995e-02
3.750000018823531e-01	-7.647063e-01	-2.854759e-01
3.750000019862752e-01	-9.725504e-01	-4.933188e-01
3.750000020000001e-01	-1.000000e+00	-5.207679e-01
3.750000020101533e-01	-1.000000e+00	-5.207677e-01
3.750000020304598e-01	-1.000000e+00	-5.207672e-01
3.750000020640289e-01	-1.000000e+00	-5.207664e-01
3.750000021311671e-01	-1.000000e+00	-5.207654e-01
3.750000022008528e-01	-1.000000e+00	-5.207647e-01
3.750000023240825e-01	-1.000000e+00	-5.207638e-01
3.750000024663028e-01	-1.000000e+00	-5.207631e-01
3.750000027008474e-01	-1.000000e+00	-5.207624e-01
3.750000029730430e-01	-1.000000e+00	-5.207621e-01
3.750000033943657e-01	-1.000000e+00	-5.207619e-01
3.750000039022998e-01	-1.000000e+00	-5.207618e-01
3.750000047136553e-01	-1.000000e+00	-5.207618e-01
3.750000058414958e-01	-1.000000e+00	-5.207618e-01
3.750000080971769e-01	-1.000000e+00	-5.207618e-01
3.750000126085390e-01	-1.000000e+00	-5.207617e-01
3.750000216312632e-01	-1.000000e+00	-5.207617e-01
3.750000396767116e-01	-1.000000e+00	-5.207617e-01
3.750000757676085e-01	-1.000000e+00	-5.207615e-01
3.750001479494021e-01	-1.000000e+00	-5.207614e-01
3.750002923129894e-01	-1.000000e+00	-5.207610e-01
3.750005810401640e-01	-1.000000e+00	-5.207601e-01
3.750011584945133e-01	-1.000000e+00	-5.207585e-01
3.750023134032119e-01	-1.000000e+00	-5.207552e-01
3.750046232206090e-01	-1.000000e+00	-5.207486e-01
3.750092428554033e-01	-1.000000e+00	-5.207353e-01
3.750184821249917e-01	-1.000000e+00	-5.207089e-01
3.750369606641686e-01	-1.000000e+00	-5.206561e-01
3.750739177425225e-01	-1.000000e+00	-5.205506e-01
3.751478318992302e-01	-1.000000e+00	-5.203402e-01
3.752956602126456e-01	-1.000000e+00	-5.199217e-01
3.755913168394764e-01	-1.000000e+00	-5.190933e-01
3.761826300931380e-01	-1.000000e+00	-5.174703e-01
3.773652566004612e-01	-1.000000e+00	-5.143480e-01
3.797305096151077e-01	-1.000000e+00	-5.085289e-01
3.800000000000000e-01	-1.000000e+00	-5.078993e-01
3.800000001000000e-01	-8.000001e-01	-3.079044e-01
3.800000003000000e-01	-4.000000e-01	9.209478e-02
3.800000003521469e-01	-2.957063e-01	1.963885e-01
3.800000004036954e-01	-1.926093e-01	2.994853e-01
3.800000004385119e-01	-1.229762e-01	3.691183e-01
3.800000004638748e-01	-7.225037e-02	4.198442e-01
3.800000004779674e-01	-4.406524e-02	4.480293e-01
3.800000004873730e-01	-2.525389e-02	4.668405e-01
3.800000004945860e-01	-1.082790e-02	4.812666e-01
3.800000005022175e-01	4.434943e-03	4.965295e-01
3.800000005095358e-01	1.907158e-02	5.111661e-01
3.800000005193963e-01	3.879249e-02	5.308870e-01
3.800000005338594e-01	6.771886e-02	5.598131e-01
3.800000005576983e-01	1.153966e-01	6.074910e-01
3.800000006049857e-01	2.099714e-01	7.020657e-01
3.800000006995605e-01	3.991210e-01	8.912152e-01
3.800000008887101e-01	7.774202e-01	1.269514e+00
3.800000010000000e-01	1.000000e+00	1.492094e+00
3.800000010135637e-01	1.000000e+00	1.492094e+00
3.800000010406909e-01	1.000000e+00	1.492094e+00
3.800000010949455e-01	1.000000e+00	1.492094e+00
3.800000012034546e-01	1.000000e+00	1.492094e+00
3.800000014204727e-01	1.000000e+00	1.492094e+00
3.800000018545090e-01	1.000000e+00	1.492094e+00
3.800000027225816e-01	1.000000e+00	1.492094e+00
3.800000044587268e-01	1.000000e+00	1.492094e+00
3.800000079310171e-01	1.000000e+00	1.492094e+00
3.800000148755979e-01	1.000000e+00	1.492094e+00
3.800000287647593e-01	1.000000e+00	1.492094e+00
3.800000565430822e-01	1.000000e+00	1.492094e+00
3.800001120997279e-01	1.000000e+00	1.492093e+00
3.800002232130194e-01	1.000000e+00	1.492093e+00
3.800004454396023e-01	1.000000e+00	1.492092e+00
3.800008898927681e-01	1.000000e+00	1.492091e+00
3.800017787990999e-01	1.000000e+00	1.492088e+00
3.800035566117633e-01	1.000000e+00	1.492082e+00
3.800071122370901e-01	1.000000e+00	1.492071e+00
3.800142234877438e-01	1.000000e+00	1.492049e+00
3.800284459890512e-01	1.000000e+00	1.492003e+00
3.800568909916659e-01	1.000000e+00	1.491913e+00
3.801137809968954e-01	1.000000e+00	1.491733e+00
3.802275610073543e-01	1.000000e+00	1.491372e+00
3.804551210282722e-01	1.000000e+00	1.490650e+00
3.809102410701080e-01	1.000000e+00	1.489207e+00
3.818204811537796e-01	1.000000e+00	1.486326e+00
3.836409613211229e-01	1.000000e+00	1.480580e+00
3.850000010000000e-01	1.000000e+00	1.476305e+00
3.850000011000000e-01	7.999998e-01	1.276305e+00
3.850000013000001e-01	3.999999e-01	8.763049e-01
3.850000017000001e-01	-4.000002e-01	7.630539e-02
3.850000018820415e-01	-7.640829e-01	-2.877771e-01
3.850000019858714e-01	-9.717429e-01	-4.954356e-01
3.850000020000001e-01	-1.000000e+00	-5.236924e-01
3.850000020101331e-01	-1.000000e+00	-5.236921e-01
3.850000020303990e-01	-1.000000e+00	-5.236916e-01
3.850000020639000e-01	-1.000000e+00	-5.236909e-01
3.850000021309020e-01	-1.000000e+00	-5.236898e-01
3.850000022019975e-01	-1.000000e+00	-5.236890e-01
3.850000023265606e-01	-1.000000e+00	-5.236880e-01
3.850000024719816e-01	-1.000000e+00	-5.236872e-01
3.850000027101373e-01	-1.000000e+00	-5.236865e-01
3.850000029893588e-01	-1.000000e+00	-5.236861e-01
3.850000034181162e-01	-1.000000e+00	-5.236858e-01
3.850000039364765e-01	-1.000000e+00	-5.236857e-01
3.850000047500849e-01	-1.000000e+00	-5.236857e-01
3.850000058662140e-01	-1.000000e+00	-5.236857e-01
3.850000080201050e-01	-1.000000e+00	-5.236857e-01
3.850000123278869e-01	-1.000000e+00	-5.236856e-01
3.850000209434509e-01	-1.000000e+00	-5.236856e-01
3.850000381745788e-01	-1.000000e+00	-5.236856e-01
3.850000726368346e-01	-1.000000e+00	-5.236855e-01
3.850001415613462e-01	-1.000000e+00	-5.236853e-01
3.850002794103694e-01	-1.000000e+00	-5.236849e-01
3.850005551084157e-01	-1.000000e+00	-5.236840e-01
3.850011065045085e-01	-1.000000e+00	-5.236824e-01
3.850022092966939e-01	-1.000000e+00	-5.236790e-01
3.850044148810648e-01	-1.000000e+00	-5.236724e-01
3.850088260498067e-01	-1.000000e+00	-5.236591e-01
3.850176483872904e-01	-1.000000e+00	-5.236326e-01
3.850352930622578e-01	-1.000000e+00	-5.235795e-01
3.850705824121927e-01	-1.000000e+00	-5.234736e-01
3.851411611120623e-01	-1.000000e+00	-5.232623e-01
3.852823185118016e-01	-1.000000e+00	-5.228420e-01
3.855646333112803e-01	-1.000000e+00	-5.220106e-01
3.861292629102376e-01	-1.000000e+00	-5.203823e-01
3.872585221081522e-01	-1.000000e+00	-5.172536e-01
3.895170405039814e-01	-1.000000e+00	-5.114337e-01
3.900000000000000e-01	-1.000000e+00	-5.102583e-01
3.900000001000000e-01	-8.000001e-01	-3.102636e-01
3.900000003000000e-01	-4.000000e-01	8.973539e-02
3.900000003522004e-01	-2.955991e-01	1.941363e-01
3.900000004038287e-01	-1.923428e-01	2.973924e-01
3.900000004386766e-01	-1.226468e-01	3.670883e-01
3.900000004640669e-01	-7.186615e-02	4.178689e-01
3.900000004781936e-01	-4.361284e-02	4.461223e-01
3.900000004874453e-01	-2.510953e-02	4.646256e-01
3.900000004944745e-01	-1.105094e-02	4.786841e-01
3.900000005019266e-01	3.853202e-03	4.935883e-01
3.900000005089911e-01	1.798213e-02	5.077173e-01
3.900000005185789e-01	3.715777e-02	5.268929e-01
3.900000005327101e-01	6.542015e-02	5.551553e-01
3.900000005562019e-01	1.124038e-01	6.021386e-01
3.900000006031854e-01	2.063708e-01	6.961057e-01
3.900000006971525e-01	3.943050e-01	8.840398e-01
3.900000008850867e-01	7.701734e-01	1.259908e+00
3.900000010000000e-01	1.000000e+00	1.489734e+00
3.900000010139403e-01	1.000000e+00	1.489734e+00
3.900000010418209e-01	1.000000e+00	1.489734e+00
3.900000010975821e-01	1.000000e+00	1.489734e+00
3.900000012091044e-01	1.000000e+00	1.489734e+00
3.900000014321491e-01	1.000000e+00	1.489734e+00
3.900000018782385e-01	1.000000e+00	1.489734e+00
3.900000027704172e-01	1.000000e+00	1.489734e+00
3.900000045547746e-01	1.000000e+00	1.489734e+00
3.900000081234893e-01	1.000000e+00	1.489734e+00
3.900000152609189e-01	1.000000e+00	1.489734e+00
3.900000295357780e-01	1.000000e+00	1.489734e+00
3.900000580854963e-01	1.000000e+00	1.489734e+00
3.900001151849328e-01	1.000000e+00	1.489734e+00
3.900002293838057e-01	1.000000e+00	1.489734e+00
3.900004577815517e-01	1.000000e+00	1.489733e+00
3.900009145770436e-01	1.000000e+00	1.489731e+00
3.900018281680275e-01	1.000000e+00	1.489729e+00
3.900036553499951e-01	1.000000e+00	1.489723e+00
3.900073097139306e-01	1.000000e+00	1.489711e+00
3.900146184418014e-01	1.000000e+00	1.489688e+00
3.900292358975430e-01	1.000000e+00	1.489642e+00
3.900584708090261e-01	1.000000e+00	1.489549e+00
3.901169406319924e-01	1.000000e+00	1.489364e+00
3.902338802779250e-01	1.000000e+00	1.488993e+00
3.904677595697903e-01	1.000000e+00	1.488253e+00
3.909355181535208e-01	1.000000e+00	1.486772e+00
3.918710353209819e-01	1.000000e+00	1.483816e+00
3.937420696559041e-01	1.000000e+00	1.477920e+00
3.950000010000000e-01	9.999999e-01	1.473970e+00
3.950000011000001e-01	7.999998e-01	1.273970e+00
3.950000013000001e-01	3.999999e-01	8.739704e-01
3.950000017000001e-01	-4.000002e-01	7.397091e-02
3.950000018818048e-01	-7.636095e-01	-2.896380e-01
3.950000019855645e-01	-9.711289e-01	-4.971563e-01
3.950000020000001e-01	-1.000000e+00	-5.260268e-01
3.950000020101175e-01	-1.000000e+00	-5.260265e-01
3.950000020303523e-01	-1.000000e+00	-5.260260e-01
3.950000020638412e-01	-1.000000e+00	-5.260252e-01
3.950000021308189e-01	-1.000000e+00	-5.260241e-01
3.950000022030536e-01	-1.000000e+00	-5.260233e-01
3.950000023287691e-01	-1.000000e+00	-5.260222e-01
3.950000024768197e-01	-1.000000e+00	-5.260214e-01
3.950000027180904e-01	-1.000000e+00	-5.260206e-01
3.950000030031792e-01	-1.000000e+00	-5.260201e-01
3.950000034385175e-01	-1.000000e+00	-5.260198e-01
3.950000039661403e-01	-1.000000e+00	-5.260196e-01
3.950000047840916e-01	-1.000000e+00	-5.260196e-01
3.950000058958779e-01	-1.000000e+00	-5.260196e-01
3.950000079716022e-01	-1.000000e+00	-5.260196e-01
3.950000120522910e-01	-1.000000e+00	-5.260196e-01
3.950000202136688e-01	-1.000000e+00	-5.260196e-01
3.950000365364242e-01	-1.000000e+00	-5.260195e-01
3.950000691819351e-01	-1.000000e+00	-5.260194e-01
3.950001344729568e-01	-1.000000e+00	-5.260192e-01
3.950002650550004e-01	-1.000000e+00	-5.260188e-01
3.950005262190875e-01	-1.000000e+00	-5.260180e-01
3.950010485472616e-01	-1.000000e+00	-5.260163e-01
3.950020932036100e-01	-1.000000e+00	-5.260131e-01
3.950041825163068e-01	-1.000000e+00	-5.260065e-01
3.950083611417002e-01	-1.000000e+00	-5.259934e-01
3.950167183924871e-01	-1.000000e+00	-5.259672e-01
3.950334328940609e-01	-1.000000e+00	-5.259148e-01
3.950668618972085e-01	-1.000000e+00	-5.258102e-01
3.951337199035037e-01	-1.000000e+00	-5.256017e-01
3.952674359160941e-01	-1.000000e+00	-5.251868e-01
3.955348679412748e-01	-1.000000e+00	-5.243662e-01
3.960697319916364e-01	-1.000000e+00	-5.227593e-01
3.971394600923595e-01	-1.000000e+00	-5.196723e-01
3.992789162938057e-01	-1.000000e+00	-5.139334e-01
4.000000000000000e-01	-1.000000e+00	-5.121170e-01
4.000000001000000e-01	-8.000001e-01	-3.121226e-01
4.000000003000000e-01	-4.000000e-01	8.787632e-02
4.000000003522420e-01	-2.955160e-01	1.923603e-01
4.000000004039356e-01	-1.921289e-01	2.957473e-01
4.000000004388116e-01	-1.223768e-01	3.654994e-01
4.000000004642281e-01	-7.154393e-02	4.163321e-01
4.000000004768430e-01	-4.631400e-02	4.415622e-01
4.000000004853901e-01	-2.921975e-02	4.586563e-01
4.000000004918391e-01	-1.632190e-02	4.715543e-01
4.000000004987193e-01	-2.561569e-03	4.853146e-01
4.000000005054765e-01	1.095283e-02	4.988290e-01
4.000000005148837e-01	2.976727e-02	5.176433e-01
4.000000005295956e-01	5.919111e-02	5.470672e-01
4.000000005553586e-01	1.107171e-01	5.985930e-01
4.000000006068846e-01	2.137691e-01	7.016450e-01
4.000000007099366e-01	4.198732e-01	9.077489e-01
4.000000009160408e-01	8.320814e-01	1.319957e+00
4.000000010000000e-01	1.000000e+00	1.487875e+00
4.000000010104490e-01	1.000000e+00	1.487875e+00
4.000000010313468e-01	1.000000e+00	1.487875e+00
4.000000010731423e-01	1.000000e+00	1.487875e+00
4.000000011567335e-01	1.000000e+00	1.487875e+00
4.000000013239158e-01	1.000000e+00	1.487875e+00
4.000000016582805e-01	1.000000e+00	1.487875e+00
4.000000023270098e-01	1.000000e+00	1.487875e+00
4.000000036644685e-01	1.000000e+00	1.487875e+00
4.000000063393859e-01	1.000000e+00	1.487875e+00
4.000000116892207e-01	1.000000e+00	1.487875e+00
4.000000223888903e-01	1.000000e+00	1.487875e+00
4.000000437882295e-01	1.000000e+00	1.487875e+00
4.000000865869077e-01	1.000000e+00	1.487875e+00
4.000001721842643e-01	1.000000e+00	1.487875e+00
4.000003433789775e-01	1.000000e+00	1.487874e+00
4.000006857684038e-01	1.000000e+00	1.487873e+00
4.000013705472564e-01	1.000000e+00	1.487871e+00
4.000027401049617e-01	1.000000e+00	1.487867e+00
4.000054792203722e-01	1.000000e+00	1.487858e+00
4.000109574511931e-01	1.000000e+00	1.487841e+00
4.000219139128351e-01	1.000000e+00	1.487806e+00
4.000438268361191e-01	1.000000e+00	1.487737e+00
4.000876526826870e-01	1.000000e+00	1.487598e+00
4.001753043758229e-01	1.000000e+00	1.487321e+00
4.003506077620946e-01	1.000000e+00	1.486766e+00
4.007012145346381e-01	1.000000e+00	1.485657e+00
4.014024280797251e-01	1.000000e+00	1.483442e+00
4.028048551698991e-01	1.000000e+00	1.479023e+00
4.050000010000001e-01	1.000000e+00	1.472131e+00
4.050000011000001e-01	8.000000e-01	1.272131e+00
4.050000013000001e-01	3.999999e-01	8.721311e-01
4.050000017000001e-01	-4.000002e-01	7.213163e-02
4.050000018816262e-01	-7.632523e-01	-2.911202e-01
4.050000019853323e-01	-9.706646e-01	-4.985311e-01
4.050000020000001e-01	-1.000000e+00	-5.278661e-01
4.050000020101056e-01	-1.000000e+00	-5.278658e-01
4.050000020303164e-01	-1.000000e+00	-5.278652e-01
4.050000020638185e-01	-1.000000e+00	-5.278645e-01
4.050000021308227e-01	-1.000000e+00	-5.278633e-01
4.050000022039635e-01	-1.000000e+00	-5.278624e-01
4.050000023306361e-01	-1.000000e+00	-5.278613e-01
4.050000024808025e-01	-1.000000e+00	-5.278605e-01
4.050000027246589e-01	-1.000000e+00	-5.278596e-01
4.050000030145229e-01	-1.000000e+00	-5.278590e-01
4.050000034554158e-01	-1.000000e+00	-5.278587e-01
4.050000039908827e-01	-1.000000e+00	-5.278586e-01
4.050000048136674e-01	-1.000000e+00	-5.278585e-01
4.050000059247477e-01	-1.000000e+00	-5.278585e-01
4.050000079507714e-01	-1.000000e+00	-5.278585e-01
4.050000118091237e-01	-1.000000e+00	-5.278584e-01
4.050000195258281e-01	-1.000000e+00	-5.278584e-01
4.050000349592370e-01	-1.000000e+00	-5.278584e-01
4.050000658260549e-01	-1.000000e+00	-5.278583e-01
4.050001275596905e-01	-1.000000e+00	-5.278581e-01
4.050002510269619e-01	-1.000000e+00	-5.278577e-01
4.050004979615045e-01	-1.000000e+00	-5.278569e-01
4.050009918305899e-01	-1.000000e+00	-5.278553e-01
4.050019795687606e-01	-1.000000e+00	-5.278521e-01
4.050039550451019e-01	-1.000000e+00	-5.278457e-01
4.050079059977846e-01	-1.000000e+00	-5.278329e-01
4.050158079031501e-01	-1.000000e+00	-5.278072e-01
4.050316117138810e-01	-1.000000e+00	-5.277561e-01
4.050632193353427e-01	-1.000000e+00	-5.276539e-01
4.051264345782663e-01	-1.000000e+00	-5.274501e-01
4.052528650641135e-01	-1.000000e+00	-5.270447e-01
4.055057260358078e-01	-1.000000e+00	-5.262425e-01
4.060114479791964e-01	-1.000000e+00	-5.246716e-01
4.070228918659736e-01	-1.000000e+00	-5.216531e-01
4.090457796395280e-01	-1.000000e+00	-5.160392e-01
4.100000000000000e-01	-1.000000e+00	-5.135654e-01
4.100000001000000e-01	-8.000001e-01	-3.135712e-01
4.100000003000001e-01	-4.000000e-01	8.642769e-02
4.100000003522744e-01	-2.954514e-01	1.909763e-01
4.100000004040212e-01	-1.919577e-01	2.944698e-01
4.100000004389128e-01	-1.221744e-01	3.642530e-01
4.100000004643476e-01	-7.130492e-02	4.151225e-01
4.100000004768478e-01	-4.630446e-02	4.401230e-01
4.100000004852749e-01	-2.945042e-02	4.569770e-01
4.100000004916045e-01	-1.679099e-02	4.696363e-01
4.100000004983677e-01	-3.264785e-03	4.831626e-01
4.100000005050007e-01	1.000130e-02	4.964287e-01
4.100000005142899e-01	2.857983e-02	5.150071e-01
4.100000005289448e-01	5.788946e-02	5.443168e-01
4.100000005548484e-01	1.096967e-01	5.961241e-01
4.100000006066558e-01	2.133116e-01	6.997387e-01
4.100000007102706e-01	4.205412e-01	9.069682e-01
4.100000009175002e-01	8.350003e-01	1.321427e+00
4.100000010000001e-01	1.000000e+00	1.486427e+00
4.100000010102824e-01	1.000000e+00	1.486427e+00
4.100000010308471e-01	1.000000e+00	1.486427e+00
4.100000010719765e-01	1.000000e+00	1.486427e+00
4.100000011542352e-01	1.000000e+00	1.486427e+00
4.100000013187527e-01	1.000000e+00	1.486427e+00
4.100000016477878e-01	1.000000e+00	1.486427e+00
4.100000023058580e-01	1.000000e+00	1.486427e+00
4.100000036219983e-01	1.000000e+00	1.486427e+00
4.100000062542788e-01	1.000000e+00	1.486427e+00
4.100000115188400e-01	1.000000e+00	1.486427e+00
4.100000220479623e-01	1.000000e+00	1.486427e+00
4.100000431062068e-01	1.000000e+00	1.486427e+00
4.100000852226959e-01	1.000000e+00	1.486426e+00
4.100001694556741e-01	1.000000e+00	1.486426e+00
4.100003379216304e-01	1.000000e+00	1.486426e+00
4.100006748535431e-01	1.000000e+00	1.486425e+00
4.100013487173685e-01	1.000000e+00	1.486422e+00
4.100026964450194e-01	1.000000e+00	1.486418e+00
4.100053919003210e-01	1.000000e+00	1.486410e+00
4.100107828109243e-01	1.000000e+00	1.486393e+00
4.100215646321309e-01	1.000000e+00	1.486359e+00
4.100431282745441e-01	1.000000e+00	1.486290e+00
4.100862555593704e-01	1.000000e+00	1.486154e+00
4.101725101290232e-01	1.000000e+00	1.485881e+00
4.103450192683288e-01	1.000000e+00	1.485336e+00
4.106900375469398e-01	1.000000e+00	1.484246e+00
4.113800741041619e-01	1.000000e+00	1.482068e+00
4.127601472186062e-01	1.000000e+00	1.477723e+00
4.150000010000001e-01	9.999999e-01	1.470697e+00
4.150000011000001e-01	8.000000e-01	1.270697e+00
4.150000013000001e-01	3.999999e-01	8.706977e-01
4.150000017000001e-01	-4.000002e-01	7.069826e-02
4.150000018814907e-01	-7.629814e-01	-2.922826e-01
4.150000019851565e-01	-9.703128e-01	-4.996127e-01
4.150000020000001e-01	-1.000000e+00	-5.292994e-01
4.150000020100965e-01	-1.000000e+00	-5.292991e-01
4.150000020302892e-01	-1.000000e+00	-5.292986e-01
4.150000020638137e-01	-1.000000e+00	-5.292978e-01
4.150000021308627e-01	-1.000000e+00	-5.292966e-01
4.150000022047144e-01	-1.000000e+00	-5.292957e-01
4.150000023321597e-01	-1.000000e+00	-5.292946e-01
4.150000024840000e-01	-1.000000e+00	-5.292936e-01
4.150000027299444e-01	-1.000000e+00	-5.292927e-01
4.150000030236176e-01	-1.000000e+00	-5.292921e-01
4.150000034690484e-01	-1.000000e+00	-5.292917e-01
4.150000040109432e-01	-1.000000e+00	-5.292916e-01
4.150000048382819e-01	-1.000000e+00	-5.292915e-01
4.150000059503054e-01	-1.000000e+00	-5.292915e-01
4.150000079437235e-01	-1.000000e+00	-5.292915e-01
4.150000116544688e-01	-1.000000e+00	-5.292915e-01
4.150000190759594e-01	-1.000000e+00	-5.292915e-01
4.150000339189405e-01	-1.000000e+00	-5.292914e-01
4.150000636049028e-01	-1.000000e+00	-5.292913e-01
4.150001229768274e-01	-1.000000e+00	-5.292911e-01
4.150002417206765e-01	-1.000000e+00	-5.292907e-01
4.150004792083747e-01	-1.000000e+00	-5.292899e-01
4.150009541837713e-01	-1.000000e+00	-5.292884e-01
4.150019041345643e-01	-1.000000e+00	-5.292852e-01
4.150038040361503e-01	-1.000000e+00	-5.292788e-01
4.150076038393223e-01	-1.000000e+00	-5.292662e-01
4.150152034456664e-01	-1.000000e+00	-5.292409e-01
4.150304026583547e-01	-1.000000e+00	-5.291904e-01
4.150608010837311e-01	-1.000000e+00	-5.290896e-01
4.151215979344840e-01	-1.000000e+00	-5.288883e-01
4.152431916359898e-01	-1.000000e+00	-5.284881e-01
4.154863790390013e-01	-1.000000e+00	-5.276963e-01
4.159727538450242e-01	-1.000000e+00	-5.261455e-01
4.169455034570703e-01	-1.000000e+00	-5.231655e-01
4.188910026811623e-01	-1.000000e+00	-5.176232e-01
4.200000000000000e-01	-9.999999e-01	-5.146837e-01
4.200000001000000e-01	-8.000000e-01	-3.146895e-01
4.200000003000001e-01	-3.999999e-01	8.530927e-02
4.200000003522995e-01	-2.954010e-01	1.899083e-01
4.200000004040892e-01	-1.918216e-01	2.934873e-01
4.200000004389891e-01	-1.220218e-01	3.632872e-01
4.200000004644370e-01	-7.112598e-02	4.141829e-01
4.200000004768575e-01	-4.628503e-02	4.390240e-01
4.200000004852018e-01	-2.959645e-02	4.557124e-01
4.200000004914495e-01	-1.710093e-02	4.682080e-01
4.200000004981323e-01	-3.735423e-03	4.815735e-01
4.200000005046807e-01	9.361506e-03	4.946704e-01
4.200000005138902e-01	2.778041e-02	5.130893e-01
4.200000005285112e-01	5.702245e-02	5.423312e-01
4.200000005545278e-01	1.090556e-01	5.943644e-01
4.200000006065610e-01	2.131219e-01	6.984307e-01
4.200000007106272e-01	4.212545e-01	9.065630e-01
4.200000009187598e-01	8.375195e-01	1.322828e+00
4.200000010000000e-01	1.000000e+00	1.485308e+00
4.200000010101428e-01	1.000000e+00	1.485308e+00
4.200000010304286e-01	1.000000e+00	1.485308e+00
4.200000010709999e-01	1.000000e+00	1.485308e+00
4.200000011521427e-01	1.000000e+00	1.485308e+00
4.200000013144282e-01	1.000000e+00	1.485308e+00
4.200000016389993e-01	1.000000e+00	1.485308e+00
4.200000022881415e-01	1.000000e+00	1.485308e+00
4.200000035864259e-01	1.000000e+00	1.485308e+00
4.200000061829946e-01	1.000000e+00	1.485308e+00
4.200000113761321e-01	1.000000e+00	1.485308e+00
4.200000217624070e-01	1.000000e+00	1.485308e+00
4.200000425349569e-01	1.000000e+00	1.485308e+00
4.200000840800566e-01	1.000000e+00	1.485308e+00
4.200001671702560e-01	1.000000e+00	1.485308e+00
4.200003333506547e-01	1.000000e+00	1.485307e+00
4.200006657114523e-01	1.000000e+00	1.485306e+00
4.200013304330474e-01	1.000000e+00	1.485304e+00
4.200026598762377e-01	1.000000e+00	1.485300e+00
4.200053187626182e-01	1.000000e+00	1.485291e+00
4.200106365353793e-01	1.000000e+00	1.485275e+00
4.200212720809014e-01	1.000000e+00	1.485241e+00
4.200425431719457e-01	1.000000e+00	1.485174e+00
4.200850853540342e-01	1.000000e+00	1.485039e+00
4.201701697182113e-01	1.000000e+00	1.484771e+00
4.203403384465653e-01	1.000000e+00	1.484233e+00
4.206806759032735e-01	1.000000e+00	1.483159e+00
4.213613508166899e-01	1.000000e+00	1.481012e+00
4.227227006435227e-01	1.000000e+00	1.476729e+00
4.250000010000000e-01	1.000000e+00	1.469591e+00
4.250000011000000e-01	7.999998e-01	1.269591e+00
4.250000013000000e-01	3.999999e-01	8.695911e-01
4.250000017000001e-01	-4.000002e-01	6.959164e-02
4.250000018813885e-01	-7.627770e-01	-2.931849e-01
4.250000019850237e-01	-9.700476e-01	-5.004541e-01
4.250000020000000e-01	-1.000000e+00	-5.304061e-01
4.250000020100895e-01	-1.000000e+00	-5.304058e-01
4.250000020302685e-01	-1.000000e+00	-5.304052e-01
4.250000020638171e-01	-1.000000e+00	-5.304044e-01
4.250000021309141e-01	-1.000000e+00	-5.304033e-01
4.250000022053175e-01	-1.000000e+00	-5.304022e-01
4.250000023333748e-01	-1.000000e+00	-5.304011e-01
4.250000024865221e-01	-1.000000e+00	-5.304001e-01
4.250000027341202e-01	-1.000000e+00	-5.303992e-01
4.250000030307857e-01	-1.000000e+00	-5.303985e-01
4.250000034798403e-01	-1.000000e+00	-5.303981e-01
4.250000040268806e-01	-1.000000e+00	-5.303980e-01
4.250000048581802e-01	-1.000000e+00	-5.303979e-01
4.250000059717658e-01	-1.000000e+00	-5.303979e-01
4.250000079432645e-01	-1.000000e+00	-5.303978e-01
4.250000115530529e-01	-1.000000e+00	-5.303978e-01
4.250000187726296e-01	-1.000000e+00	-5.303978e-01
4.250000332117829e-01	-1.000000e+00	-5.303978e-01
4.250000620900895e-01	-1.000000e+00	-5.303977e-01
4.250001198467028e-01	-1.000000e+00	-5.303975e-01
4.250002353599294e-01	-1.000000e+00	-5.303971e-01
4.250004663863826e-01	-1.000000e+00	-5.303963e-01
4.250009284392890e-01	-1.000000e+00	-5.303947e-01
4.250018525451018e-01	-1.000000e+00	-5.303916e-01
4.250037007567273e-01	-1.000000e+00	-5.303853e-01
4.250073971799784e-01	-1.000000e+00	-5.303728e-01
4.250147900264805e-01	-1.000000e+00	-5.303477e-01
4.250295757194849e-01	-1.000000e+00	-5.302975e-01
4.250591471054935e-01	-1.000000e+00	-5.301974e-01
4.251182898775109e-01	-1.000000e+00	-5.299976e-01
4.252365754215455e-01	-1.000000e+00	-5.296003e-01
4.254731465096148e-01	-1.000000e+00	-5.288143e-01
4.259462886857535e-01	-1.000000e+00	-5.272748e-01
4.268925730380307e-01	-1.000000e+00	-5.243167e-01
4.287851417425851e-01	-1.000000e+00	-5.188161e-01
4.300000000000000e-01	-1.000000e+00	-5.155408e-01
4.300000001000000e-01	-8.000001e-01	-3.155468e-01
4.300000003000000e-01	-4.000000e-01	8.445203e-02
4.300000003523189e-01	-2.953621e-01	1.890899e-01
4.300000004041427e-01	-1.917145e-01	2.927372e-01
4.300000004390467e-01	-1.219066e-01	3.625453e-01
4.300000004645040e-01	-7.099187e-02	4.134598e-01
4.300000004768689e-01	-4.626215e-02	4.381896e-01
4.300000004851558e-01	-2.968836e-02	4.547633e-01
4.300000004913471e-01	-1.730585e-02	4.671458e-01
4.300000004979743e-01	-4.051328e-03	4.804003e-01
4.300000005044645e-01	8.929014e-03	4.933808e-01
4.300000005136194e-01	2.723885e-02	5.116905e-01
4.300000005282198e-01	5.643964e-02	5.408913e-01
4.300000005543232e-01	1.086465e-01	5.930982e-01
4.300000006065301e-01	2.130603e-01	6.975118e-01
4.300000007109439e-01	4.218878e-01	9.063390e-01
4.300000009197714e-01	8.395427e-01	1.323994e+00
4.300000010000000e-01	1.000000e+00	1.484451e+00
4.300000010100328e-01	1.000000e+00	1.484451e+00
4.300000010300985e-01	1.000000e+00	1.484451e+00
4.300000010702298e-01	1.000000e+00	1.484451e+00
4.300000011504924e-01	1.000000e+00	1.484451e+00
4.300000013110175e-01	1.000000e+00	1.484451e+00
4.300000016320678e-01	1.000000e+00	1.484451e+00
4.300000022741684e-01	1.000000e+00	1.484451e+00
4.300000035583696e-01	1.000000e+00	1.484451e+00
4.300000061267721e-01	1.000000e+00	1.484451e+00
4.300000112635771e-01	1.000000e+00	1.484451e+00
4.300000215371870e-01	1.000000e+00	1.484451e+00
4.300000420844067e-01	1.000000e+00	1.484451e+00
4.300000831788463e-01	1.000000e+00	1.484451e+00
4.300001653677254e-01	1.000000e+00	1.484450e+00
4.300003297454836e-01	1.000000e+00	1.484450e+00
4.300006585009999e-01	1.000000e+00	1.484449e+00
4.300013160120327e-01	1.000000e+00	1.484447e+00
4.300026310340982e-01	1.000000e+00	1.484443e+00
4.300052610782292e-01	1.000000e+00	1.484434e+00
4.300105211664912e-01	1.000000e+00	1.484418e+00
4.300210413430153e-01	1.000000e+00	1.484385e+00
4.300420816960634e-01	1.000000e+00	1.484318e+00
4.300841624021596e-01	1.000000e+00	1.484185e+00
4.301683238143520e-01	1.000000e+00	1.483920e+00
4.303366466387369e-01	1.000000e+00	1.483388e+00
4.306732922875067e-01	1.000000e+00	1.482326e+00
4.313465835850462e-01	1.000000e+00	1.480204e+00
4.326931661801253e-01	1.000000e+00	1.475969e+00
4.350000010000000e-01	9.999999e-01	1.468743e+00
4.350000011000000e-01	8.000000e-01	1.268743e+00
4.350000013000000e-01	3.999999e-01	8.687429e-01
4.350000017000001e-01	-4.000002e-01	6.874347e-02
4.350000018813115e-01	-7.626232e-01	-2.938792e-01
4.350000019849238e-01	-9.698477e-01	-5.011023e-01
4.350000020000001e-01	-1.000000e+00	-5.312542e-01
4.350000020100843e-01	-1.000000e+00	-5.312539e-01
4.350000020302529e-01	-1.000000e+00	-5.312533e-01
4.350000020638235e-01	-1.000000e+00	-5.312525e-01
4.350000021309648e-01	-1.000000e+00	-5.312513e-01
4.350000022057927e-01	-1.000000e+00	-5.312503e-01
4.350000023343275e-01	-1.000000e+00	-5.312491e-01
4.350000024884849e-01	-1.000000e+00	-5.312481e-01
4.350000027373739e-01	-1.000000e+00	-5.312471e-01
4.350000030363620e-01	-1.000000e+00	-5.312465e-01
4.350000034882624e-01	-1.000000e+00	-5.312461e-01
4.350000040393507e-01	-1.000000e+00	-5.312458e-01
4.350000048739368e-01	-1.000000e+00	-5.312458e-01
4.350000059891860e-01	-1.000000e+00	-5.312458e-01
4.350000079456414e-01	-1.000000e+00	-5.312458e-01
4.350000114848540e-01	-1.000000e+00	-5.312457e-01
4.350000185632790e-01	-1.000000e+00	-5.312457e-01
4.350000327201290e-01	-1.000000e+00	-5.312456e-01
4.350000610338292e-01	-1.000000e+00	-5.312455e-01
4.350001176612294e-01	-1.000000e+00	-5.312454e-01
4.350002309160300e-01	-1.000000e+00	-5.312450e-01
4.350004574256310e-01	-1.000000e+00	-5.312442e-01
4.350009104448330e-01	-1.000000e+00	-5.312426e-01
4.350018164832371e-01	-1.000000e+00	-5.312395e-01
4.350036285600453e-01	-1.000000e+00	-5.312333e-01
4.350072527136616e-01	-1.000000e+00	-5.312207e-01
4.350145010208942e-01	-1.000000e+00	-5.311958e-01
4.350289976353596e-01	-1.000000e+00	-5.311458e-01
4.350579908642902e-01	-1.000000e+00	-5.310461e-01
4.351159773221515e-01	-1.000000e+00	-5.308471e-01
4.352319502378741e-01	-1.000000e+00	-5.304515e-01
4.354638960693193e-01	-1.000000e+00	-5.296686e-01
4.359277877322097e-01	-1.000000e+00	-5.281356e-01
4.368555710579906e-01	-1.000000e+00	-5.251901e-01
4.387111377095522e-01	-1.000000e+00	-5.197139e-01
4.400000000000000e-01	-1.000000e+00	-5.161937e-01
4.400000001000000e-01	-8.000001e-01	-3.161998e-01
4.400000003000000e-01	-4.000000e-01	8.379889e-02
4.400000003523339e-01	-2.953321e-01	1.884668e-01
4.400000004041845e-01	-1.916311e-01	2.921677e-01
4.400000004390902e-01	-1.218196e-01	3.619791e-01
4.400000004645546e-01	-7.089090e-02	4.129077e-01
4.400000004768804e-01	-4.623914e-02	4.375595e-01
4.400000004851272e-01	-2.974558e-02	4.540530e-01
4.400000004912791e-01	-1.744187e-02	4.663568e-01
4.400000004978677e-01	-4.264593e-03	4.795340e-01
4.400000005043175e-01	8.634925e-03	4.924335e-01
4.400000005134346e-01	2.686930e-02	5.106678e-01
4.400000005280221e-01	5.604422e-02	5.398428e-01
4.400000005541911e-01	1.083822e-01	5.921806e-01
4.400000006065289e-01	2.130579e-01	6.968563e-01
4.400000007112047e-01	4.224094e-01	9.062077e-01
4.400000009205562e-01	8.411124e-01	1.324910e+00
4.400000010000000e-01	1.000000e+00	1.483798e+00
4.400000010099485e-01	1.000000e+00	1.483798e+00
4.400000010298455e-01	1.000000e+00	1.483798e+00
4.400000010696394e-01	1.000000e+00	1.483798e+00
4.400000011492272e-01	1.000000e+00	1.483798e+00
4.400000013084027e-01	1.000000e+00	1.483798e+00
4.400000016267538e-01	1.000000e+00	1.483798e+00
4.400000022634561e-01	1.000000e+00	1.483798e+00
4.400000035368607e-01	1.000000e+00	1.483798e+00
4.400000060836698e-01	1.000000e+00	1.483798e+00
4.400000111772880e-01	1.000000e+00	1.483798e+00
4.400000213645244e-01	1.000000e+00	1.483798e+00
4.400000417389971e-01	1.000000e+00	1.483798e+00
4.400000824879427e-01	1.000000e+00	1.483798e+00
4.400001639858338e-01	1.000000e+00	1.483797e+00
4.400003269816161e-01	1.000000e+00	1.483797e+00
4.400006529731805e-01	1.000000e+00	1.483796e+00
4.400013049563095e-01	1.000000e+00	1.483794e+00
4.400026089225673e-01	1.000000e+00	1.483790e+00
4.400052168550831e-01	1.000000e+00	1.483781e+00
4.400104327201146e-01	1.000000e+00	1.483765e+00
4.400208644501777e-01	1.000000e+00	1.483732e+00
4.400417279103038e-01	1.000000e+00	1.483666e+00
4.400834548305561e-01	1.000000e+00	1.483534e+00
4.401669086710606e-01	1.000000e+00	1.483271e+00
4.403338163520695e-01	1.000000e+00	1.482744e+00
4.406676317140875e-01	1.000000e+00	1.481692e+00
4.413352624381234e-01	1.000000e+00	1.479589e+00
4.426705238861952e-01	1.000000e+00	1.475391e+00
4.450000010000000e-01	1.000000e+00	1.468096e+00
4.450000011000000e-01	8.000000e-01	1.268097e+00
4.450000013000001e-01	3.999999e-01	8.680968e-01
4.450000017000001e-01	-4.000002e-01	6.809735e-02
4.450000018812538e-01	-7.625076e-01	-2.944098e-01
4.450000019848488e-01	-9.696976e-01	-5.015984e-01
4.450000020000001e-01	-1.000000e+00	-5.319003e-01
4.450000020100804e-01	-1.000000e+00	-5.319000e-01
4.450000020302411e-01	-1.000000e+00	-5.318995e-01
4.450000020638307e-01	-1.000000e+00	-5.318987e-01
4.450000021310099e-01	-1.000000e+00	-5.318974e-01
4.450000022061621e-01	-1.000000e+00	-5.318964e-01
4.450000023350657e-01	-1.000000e+00	-5.318952e-01
4.450000024899976e-01	-1.000000e+00	-5.318942e-01
4.450000027398836e-01	-1.000000e+00	-5.318932e-01
4.450000030406585e-01	-1.000000e+00	-5.318925e-01
4.450000034947661e-01	-1.000000e+00	-5.318921e-01
4.450000040489988e-01	-1.000000e+00	-5.318918e-01
4.450000048862309e-01	-1.000000e+00	-5.318918e-01
4.450000060030099e-01	-1.000000e+00	-5.318918e-01
4.450000079489635e-01	-1.000000e+00	-5.318918e-01
4.450000114380249e-01	-1.000000e+00	-5.318917e-01
4.450000184161477e-01	-1.000000e+00	-5.318917e-01
4.450000323723932e-01	-1.000000e+00	-5.318916e-01
4.450000602848844e-01	-1.000000e+00	-5.318916e-01
4.450001161098666e-01	-1.000000e+00	-5.318913e-01
4.450002277598311e-01	-1.000000e+00	-5.318910e-01
4.450004510597602e-01	-1.000000e+00	-5.318902e-01
4.450008976596183e-01	-1.000000e+00	-5.318887e-01
4.450017908593344e-01	-1.000000e+00	-5.318855e-01
4.450035772587667e-01	-1.000000e+00	-5.318793e-01
4.450071500576313e-01	-1.000000e+00	-5.318668e-01
4.450142956553604e-01	-1.000000e+00	-5.318419e-01
4.450285868508187e-01	-1.000000e+00	-5.317920e-01
4.450571692417353e-01	-1.000000e+00	-5.316926e-01
4.451143340235685e-01	-1.000000e+00	-5.314941e-01
4.452286635872349e-01	-1.000000e+00	-5.310993e-01
4.454573227145677e-01	-1.000000e+00	-5.303183e-01
4.459146409692333e-01	-1.000000e+00	-5.287889e-01
4.468292774785644e-01	-1.000000e+00	-5.258506e-01
4.486585504972267e-01	-1.000000e+00	-5.203891e-01
4.500000000000000e-01	-1.000000e+00	-5.166891e-01
4.500000001000000e-01	-8.000001e-01	-3.166951e-01
4.500000003000000e-01	-4.000000e-01	8.330357e-02
4.500000003523455e-01	-2.953091e-01	1.879946e-01
4.500000004042168e-01	-1.915663e-01	2.917371e-01
4.500000004391232e-01	-1.217537e-01	3.615497e-01
4.500000004645927e-01	-7.081461e-02	4.124887e-01
4.500000004768909e-01	-4.621816e-02	4.370852e-01
4.500000004851095e-01	-2.978098e-02	4.535223e-01
4.500000004912337e-01	-1.753271e-02	4.657706e-01
4.500000004977950e-01	-4.409909e-03	4.788934e-01
4.500000005042165e-01	8.432865e-03	4.917362e-01
4.500000005133073e-01	2.661455e-02	5.099179e-01
4.500000005278865e-01	5.577290e-02	5.390762e-01
4.500000005541034e-01	1.082069e-01	5.915101e-01
4.500000006065374e-01	2.130748e-01	6.963779e-01
4.500000007114052e-01	4.228104e-01	9.061134e-01
4.500000009211409e-01	8.422818e-01	1.325585e+00
4.500000010000000e-01	1.000000e+00	1.483303e+00
4.500000010098861e-01	1.000000e+00	1.483303e+00
4.500000010296581e-01	1.000000e+00	1.483303e+00
4.500000010692022e-01	1.000000e+00	1.483303e+00
4.500000011482905e-01	1.000000e+00	1.483303e+00
4.500000013064669e-01	1.000000e+00	1.483303e+00
4.500000016228198e-01	1.000000e+00	1.483303e+00
4.500000022555255e-01	1.000000e+00	1.483303e+00
4.500000035209369e-01	1.000000e+00	1.483303e+00
4.500000060517599e-01	1.000000e+00	1.483303e+00
4.500000111134057e-01	1.000000e+00	1.483303e+00
4.500000212366974e-01	1.000000e+00	1.483303e+00
4.500000414832808e-01	1.000000e+00	1.483302e+00
4.500000819764475e-01	1.000000e+00	1.483302e+00
4.500001629627809e-01	1.000000e+00	1.483302e+00
4.500003249354478e-01	1.000000e+00	1.483302e+00
4.500006488807817e-01	1.000000e+00	1.483301e+00
4.500012967714493e-01	1.000000e+00	1.483299e+00
4.500025925527846e-01	1.000000e+00	1.483294e+00
4.500051841154552e-01	1.000000e+00	1.483286e+00
4.500103672407963e-01	1.000000e+00	1.483270e+00
4.500207334914787e-01	1.000000e+00	1.483237e+00
4.500414659928434e-01	1.000000e+00	1.483172e+00
4.500829309955727e-01	1.000000e+00	1.483041e+00
4.501658610010314e-01	1.000000e+00	1.482779e+00
4.503317210119488e-01	1.000000e+00	1.482256e+00
4.506634410337836e-01	1.000000e+00	1.481210e+00
4.513268810774532e-01	1.000000e+00	1.479121e+00
4.526537611647923e-01	1.000000e+00	1.474951e+00
4.550000010000000e-01	9.999999e-01	1.467606e+00
4.550000011000001e-01	8.000000e-01	1.267606e+00
4.550000013000001e-01	3.999999e-01	8.676068e-01
4.550000017000001e-01	-4.000002e-01	6.760716e-02
4.550000018812104e-01	-7.624208e-01	-2.948130e-01
4.550000019847925e-01	-9.695848e-01	-5.019758e-01
4.550000020000001e-01	-1.000000e+00	-5.323904e-01
4.550000020100775e-01	-1.000000e+00	-5.323901e-01
4.550000020302322e-01	-1.000000e+00	-5.323895e-01
4.550000020638373e-01	-1.000000e+00	-5.323887e-01
4.550000021310476e-01	-1.000000e+00	-5.323875e-01
4.550000022064464e-01	-1.000000e+00	-5.323865e-01
4.550000023356323e-01	-1.000000e+00	-5.323852e-01
4.550000024911543e-01	-1.000000e+00	-5.323842e-01
4.550000027418041e-01	-1.000000e+00	-5.323832e-01
4.550000030439437e-01	-1.000000e+00	-5.323825e-01
4.550000034997475e-01	-1.000000e+00	-5.323820e-01
4.550000040563992e-01	-1.000000e+00	-5.323818e-01
4.550000048957181e-01	-1.000000e+00	-5.323817e-01
4.550000060138042e-01	-1.000000e+00	-5.323817e-01
4.550000079523189e-01	-1.000000e+00	-5.323817e-01
4.550000114052942e-01	-1.000000e+00	-5.323817e-01
4.550000183112446e-01	-1.000000e+00	-5.323817e-01
4.550000321231456e-01	-1.000000e+00	-5.323816e-01
4.550000597469475e-01	-1.000000e+00	-5.323815e-01
4.550001149945513e-01	-1.000000e+00	-5.323813e-01
4.550002254897590e-01	-1.000000e+00	-5.323809e-01
4.550004464801744e-01	-1.000000e+00	-5.323802e-01
4.550008884610051e-01	-1.000000e+00	-5.323786e-01
4.550017724226665e-01	-1.000000e+00	-5.323755e-01
4.550035403459894e-01	-1.000000e+00	-5.323693e-01
4.550070761926351e-01	-1.000000e+00	-5.323568e-01
4.550141478859266e-01	-1.000000e+00	-5.323319e-01
4.550282912725095e-01	-1.000000e+00	-5.322821e-01
4.550565780456753e-01	-1.000000e+00	-5.321828e-01
4.551131515920069e-01	-1.000000e+00	-5.319845e-01
4.552262986846701e-01	-1.000000e+00	-5.315902e-01
4.554525928699965e-01	-1.000000e+00	-5.308102e-01
4.559051812406493e-01	-1.000000e+00	-5.292829e-01
4.568103579819550e-01	-1.000000e+00	-5.263489e-01
4.586207114645664e-01	-1.000000e+00	-5.208963e-01
4.600000000000000e-01	-1.000000e+00	-5.170634e-01
4.600000001000000e-01	-8.000000e-01	-3.170694e-01
4.600000003000000e-01	-4.000000e-01	8.292913e-02
4.600000003523543e-01	-2.952914e-01	1.876377e-01
4.600000004042417e-01	-1.915168e-01	2.914122e-01
4.600000004391481e-01	-1.217039e-01	3.612251e-01
4.600000004646214e-01	-7.075715e-02	4.121717e-01
4.600000004768999e-01	-4.620016e-02	4.367288e-01
4.600000004850984e-01	-2.980316e-02	4.531257e-01
4.600000004912029e-01	-1.759434e-02	4.653347e-01
4.600000004977449e-01	-4.510283e-03	4.784186e-01
4.600000005041461e-01	8.292198e-03	4.912211e-01
4.600000005132183e-01	2.643645e-02	5.093653e-01
4.600000005277919e-01	5.558383e-02	5.385127e-01
4.600000005540447e-01	1.080894e-01	5.910182e-01
4.600000006065503e-01	2.131006e-01	6.960292e-01
4.600000007115614e-01	4.231228e-01	9.060513e-01
4.600000009215837e-01	8.431673e-01	1.326096e+00
4.600000010000000e-01	1.000000e+00	1.482928e+00
4.600000010098391e-01	1.000000e+00	1.482928e+00
4.600000010295171e-01	1.000000e+00	1.482928e+00
4.600000010688732e-01	1.000000e+00	1.482928e+00
4.600000011475853e-01	1.000000e+00	1.482928e+00
4.600000013050096e-01	1.000000e+00	1.482928e+00
4.600000016198582e-01	1.000000e+00	1.482928e+00
4.600000022495553e-01	1.000000e+00	1.482928e+00
4.600000035089495e-01	1.000000e+00	1.482928e+00
4.600000060277379e-01	1.000000e+00	1.482928e+00
4.600000110653149e-01	1.000000e+00	1.482928e+00
4.600000211404686e-01	1.000000e+00	1.482928e+00
4.600000412907762e-01	1.000000e+00	1.482928e+00
4.600000815913913e-01	1.000000e+00	1.482928e+00
4.600001621926215e-01	1.000000e+00	1.482928e+00
4.600003233950818e-01	1.000000e+00	1.482927e+00
4.600006458000027e-01	1.000000e+00	1.482926e+00
4.600012906098442e-01	1.000000e+00	1.482924e+00
4.600025802295274e-01	1.000000e+00	1.482920e+00
4.600051594688939e-01	1.000000e+00	1.482912e+00
4.600103179476267e-01	1.000000e+00	1.482896e+00
4.600206349050923e-01	1.000000e+00	1.482863e+00
4.600412688200236e-01	1.000000e+00	1.482798e+00
4.600825366498861e-01	1.000000e+00	1.482668e+00
4.601650723096112e-01	1.000000e+00	1.482407e+00
4.603301436290614e-01	1.000000e+00	1.481887e+00
4.606602862679617e-01	1.000000e+00	1.480846e+00
4.613205715457623e-01	1.000000e+00	1.478767e+00
4.626411421013635e-01	1.000000e+00	1.474618e+00
4.650000010000001e-01	9.999999e-01	1.467236e+00
4.650000011000001e-01	7.999998e-01	1.267236e+00
4.650000013000001e-01	3.999999e-01	8.672363e-01
4.650000017000001e-01	-4.000002e-01	6.723678e-02
4.650000018811778e-01	-7.623557e-01	-2.951183e-01
4.650000019847502e-01	-9.695004e-01	-5.022618e-01
4.650000020000001e-01	-1.000000e+00	-5.327609e-01
4.650000020100752e-01	-1.000000e+00	-5.327605e-01
4.650000020302256e-01	-1.000000e+00	-5.327600e-01
4.650000020638431e-01	-1.000000e+00	-5.327591e-01
4.650000021310782e-01	-1.000000e+00	-5.327579e-01
4.650000022066636e-01	-1.000000e+00	-5.327569e-01
4.650000023360645e-01	-1.000000e+00	-5.327556e-01
4.650000024920341e-01	-1.000000e+00	-5.327545e-01
4.650000027432654e-01	-1.000000e+00	-5.327535e-01
4.650000030464420e-01	-1.000000e+00	-5.327529e-01
4.650000035035403e-01	-1.000000e+00	-5.327523e-01
4.650000040620396e-01	-1.000000e+00	-5.327522e-01
4.650000049029809e-01	-1.000000e+00	-5.327520e-01
4.650000060221374e-01	-1.000000e+00	-5.327520e-01
4.650000079553206e-01	-1.000000e+00	-5.327520e-01
4.650000113820852e-01	-1.000000e+00	-5.327520e-01
4.650000182356144e-01	-1.000000e+00	-5.327520e-01
4.650000319426729e-01	-1.000000e+00	-5.327519e-01
4.650000593567897e-01	-1.000000e+00	-5.327518e-01
4.650001141850233e-01	-1.000000e+00	-5.327516e-01
4.650002238414905e-01	-1.000000e+00	-5.327513e-01
4.650004431544250e-01	-1.000000e+00	-5.327505e-01
4.650008817802940e-01	-1.000000e+00	-5.327489e-01
4.650017590320321e-01	-1.000000e+00	-5.327458e-01
4.650035135355081e-01	-1.000000e+00	-5.327396e-01
4.650070225424601e-01	-1.000000e+00	-5.327271e-01
4.650140405563641e-01	-1.000000e+00	-5.327023e-01
4.650280765841722e-01	-1.000000e+00	-5.326525e-01
4.650561486397883e-01	-1.000000e+00	-5.325532e-01
4.651122927510205e-01	-1.000000e+00	-5.323551e-01
4.652245809734850e-01	-1.000000e+00	-5.319611e-01
4.654491574184139e-01	-1.000000e+00	-5.311817e-01
4.658983103082718e-01	-1.000000e+00	-5.296555e-01
4.667966160879877e-01	-1.000000e+00	-5.267240e-01
4.685932276474193e-01	-1.000000e+00	-5.212768e-01
4.700000000000000e-01	-1.000000e+00	-5.173455e-01
4.700000001000000e-01	-8.000000e-01	-3.173517e-01
4.700000003000001e-01	-4.000000e-01	8.264697e-02
4.700000003523610e-01	-2.952781e-01	1.873690e-01
4.700000004042607e-01	-1.914786e-01	2.911681e-01
4.700000004391669e-01	-1.216663e-01	3.609805e-01
4.700000004646431e-01	-7.071376e-02	4.119329e-01
4.700000004769075e-01	-4.618514e-02	4.364617e-01
4.700000004850916e-01	-2.981687e-02	4.528298e-01
4.700000004911819e-01	-1.763630e-02	4.650104e-01
4.700000004977100e-01	-4.580021e-03	4.780667e-01
4.700000005040969e-01	8.193731e-03	4.908404e-01
4.700000005131557e-01	2.631140e-02	5.089580e-01
4.700000005277257e-01	5.545139e-02	5.380981e-01
4.700000005540049e-01	1.080097e-01	5.906563e-01
4.700000006065632e-01	2.131263e-01	6.957729e-01
4.700000007116797e-01	4.233594e-01	9.060059e-01
4.700000009219129e-01	8.438257e-01	1.326472e+00
4.700000010000001e-01	1.000000e+00	1.482646e+00
4.700000010098042e-01	1.000000e+00	1.482646e+00
4.700000010294126e-01	1.000000e+00	1.482646e+00
4.700000010686293e-01	1.000000e+00	1.482646e+00
4.700000011470628e-01	1.000000e+00	1.482646e+00
4.700000013039298e-01	1.000000e+00	1.482646e+00
4.700000016176636e-01	1.000000e+00	1.482646e+00
4.700000022451314e-01	1.000000e+00	1.482646e+00
4.700000035000670e-01	1.000000e+00	1.482646e+00
4.700000060099381e-01	1.000000e+00	1.482646e+00
4.700000110296803e-01	1.000000e+00	1.482646e+00
4.700000210691647e-01	1.000000e+00	1.482646e+00
4.700000411481335e-01	1.000000e+00	1.482646e+00
4.700000813060712e-01	1.000000e+00	1.482646e+00
4.700001616219466e-01	1.000000e+00	1.482646e+00
4.700003222536974e-01	1.000000e+00	1.482645e+00
4.700006435171989e-01	1.000000e+00	1.482644e+00
4.700012860442020e-01	1.000000e+00	1.482642e+00
4.700025710982083e-01	1.000000e+00	1.482638e+00
4.700051412062207e-01	1.000000e+00	1.482630e+00
4.700102814222454e-01	1.000000e+00	1.482614e+00
4.700205618542950e-01	1.000000e+00	1.482581e+00
4.700411227183942e-01	1.000000e+00	1.482516e+00
4.700822444465925e-01	1.000000e+00	1.482387e+00
4.701644879029891e-01	1.000000e+00	1.482127e+00
4.703289748157823e-01	1.000000e+00	1.481609e+00
4.706579486413688e-01	1.000000e+00	1.480572e+00
4.713158962925417e-01	1.000000e+00	1.478501e+00
4.726317915948874e-01	1.000000e+00	1.474367e+00
4.750000010000001e-01	1.000000e+00	1.466957e+00
4.750000011000001e-01	7.999998e-01	1.266957e+00
4.750000013000001e-01	3.999999e-01	8.669571e-01
4.750000017000001e-01	-4.000002e-01	6.695759e-02
4.750000018811535e-01	-7.623069e-01	-2.953489e-01
4.750000019847186e-01	-9.694371e-01	-5.024776e-01
4.750000020000001e-01	-1.000000e+00	-5.330400e-01
4.750000020100736e-01	-1.000000e+00	-5.330397e-01
4.750000020302206e-01	-1.000000e+00	-5.330392e-01
4.750000020638478e-01	-1.000000e+00	-5.330383e-01
4.750000021311023e-01	-1.000000e+00	-5.330371e-01
4.750000022068286e-01	-1.000000e+00	-5.330361e-01
4.750000023363926e-01	-1.000000e+00	-5.330347e-01
4.750000024927004e-01	-1.000000e+00	-5.330337e-01
4.750000027443725e-01	-1.000000e+00	-5.330327e-01
4.750000030483338e-01	-1.000000e+00	-5.330320e-01
4.750000035064151e-01	-1.000000e+00	-5.330315e-01
4.750000040663182e-01	-1.000000e+00	-5.330313e-01
4.750000049085077e-01	-1.000000e+00	-5.330312e-01
4.750000060285173e-01	-1.000000e+00	-5.330312e-01
4.750000079578434e-01	-1.000000e+00	-5.330312e-01
4.750000113654346e-01	-1.000000e+00	-5.330311e-01
4.750000181806168e-01	-1.000000e+00	-5.330311e-01
4.750000318109813e-01	-1.000000e+00	-5.330310e-01
4.750000590717103e-01	-1.000000e+00	-5.330310e-01
4.750001135931684e-01	-1.000000e+00	-5.330307e-01
4.750002226360845e-01	-1.000000e+00	-5.330304e-01
4.750004407219167e-01	-1.000000e+00	-5.330296e-01
4.750008768935811e-01	-1.000000e+00	-5.330281e-01
4.750017492369098e-01	-1.000000e+00	-5.330249e-01
4.750034939235673e-01	-1.000000e+00	-5.330187e-01
4.750069832968824e-01	-1.000000e+00	-5.330063e-01
4.750139620435125e-01	-1.000000e+00	-5.329814e-01
4.750279195367727e-01	-1.000000e+00	-5.329317e-01
4.750558345232931e-01	-1.000000e+00	-5.328324e-01
4.751116644963339e-01	-1.000000e+00	-5.326344e-01
4.752233244424155e-01	-1.000000e+00	-5.322406e-01
4.754466443345787e-01	-1.000000e+00	-5.314614e-01
4.758932841189051e-01	-1.000000e+00	-5.299360e-01
4.767865636875580e-01	-1.000000e+00	-5.270060e-01
4.785731228248636e-01	-1.000000e+00	-5.215622e-01
4.800000000000000e-01	-9.999999e-01	-5.175576e-01
4.800000001000000e-01	-8.000000e-01	-3.175638e-01
4.800000003000001e-01	-3.999999e-01	8.243477e-02
4.800000003523661e-01	-2.952678e-01	1.871668e-01
4.800000004042751e-01	-1.914498e-01	2.909847e-01
4.800000004391810e-01	-1.216379e-01	3.607966e-01
4.800000004646594e-01	-7.068110e-02	4.117533e-01
4.800000004769135e-01	-4.617298e-02	4.362614e-01
4.800000004850872e-01	-2.982557e-02	4.526088e-01
4.800000004911673e-01	-1.766551e-02	4.647690e-01
4.800000004976854e-01	-4.629254e-03	4.778053e-01
4.800000005040618e-01	8.123755e-03	4.905581e-01
4.800000005131110e-01	2.622211e-02	5.086565e-01
4.800000005276785e-01	5.535698e-02	5.377914e-01
4.800000005539771e-01	1.079543e-01	5.903887e-01
4.800000006065744e-01	2.131488e-01	6.955830e-01
4.800000007117690e-01	4.235380e-01	9.059720e-01
4.800000009221581e-01	8.443161e-01	1.326750e+00
4.800000010000000e-01	1.000000e+00	1.482434e+00
4.800000010097783e-01	1.000000e+00	1.482434e+00
4.800000010293349e-01	1.000000e+00	1.482434e+00
4.800000010684481e-01	1.000000e+00	1.482434e+00
4.800000011466746e-01	1.000000e+00	1.482434e+00
4.800000013031275e-01	1.000000e+00	1.482434e+00
4.800000016160333e-01	1.000000e+00	1.482434e+00
4.800000022418450e-01	1.000000e+00	1.482434e+00
4.800000034934683e-01	1.000000e+00	1.482434e+00
4.800000059967149e-01	1.000000e+00	1.482434e+00
4.800000110032080e-01	1.000000e+00	1.482434e+00
4.800000210161944e-01	1.000000e+00	1.482434e+00
4.800000410421672e-01	1.000000e+00	1.482434e+00
4.800000810941127e-01	1.000000e+00	1.482433e+00
4.800001611980036e-01	1.000000e+00	1.482433e+00
4.800003214057856e-01	1.000000e+00	1.482433e+00
4.800006418213494e-01	1.000000e+00	1.482432e+00
4.800012826524772e-01	1.000000e+00	1.482430e+00
4.800025643147326e-01	1.000000e+00	1.482426e+00
4.800051276392435e-01	1.000000e+00	1.482418e+00
4.800102542882653e-01	1.000000e+00	1.482401e+00
4.800205075863088e-01	1.000000e+00	1.482369e+00
4.800410141823960e-01	1.000000e+00	1.482304e+00
4.800820273745703e-01	1.000000e+00	1.482175e+00
4.801640537589189e-01	1.000000e+00	1.481916e+00
4.803281065276160e-01	1.000000e+00	1.481399e+00
4.806562120650104e-01	1.000000e+00	1.480365e+00
4.813124231397991e-01	1.000000e+00	1.478300e+00
4.826248452893764e-01	1.000000e+00	1.474178e+00
4.850000010000000e-01	1.000000e+00	1.466747e+00
4.850000011000000e-01	8.000000e-01	1.266747e+00
4.850000013000000e-01	3.999999e-01	8.667470e-01
4.850000017000001e-01	-4.000002e-01	6.674755e-02
4.850000018811352e-01	-7.622703e-01	-2.955223e-01
4.850000019846948e-01	-9.693896e-01	-5.026401e-01
4.850000020000000e-01	-1.000000e+00	-5.332501e-01
4.850000020100723e-01	-1.000000e+00	-5.332498e-01
4.850000020302169e-01	-1.000000e+00	-5.332492e-01
4.850000020638516e-01	-1.000000e+00	-5.332484e-01
4.850000021311210e-01	-1.000000e+00	-5.332471e-01
4.850000022069534e-01	-1.000000e+00	-5.332461e-01
4.850000023366403e-01	-1.000000e+00	-5.332448e-01
4.850000024932031e-01	-1.000000e+00	-5.332438e-01
4.850000027452079e-01	-1.000000e+00	-5.332427e-01
4.850000030497613e-01	-1.000000e+00	-5.332420e-01
4.850000035085857e-01	-1.000000e+00	-5.332415e-01
4.850000040695507e-01	-1.000000e+00	-5.332413e-01
4.850000049126929e-01	-1.000000e+00	-5.332412e-01
4.850000060333696e-01	-1.000000e+00	-5.332412e-01
4.850000079598818e-01	-1.000000e+00	-5.332412e-01
4.850000113533671e-01	-1.000000e+00	-5.332411e-01
4.850000181403376e-01	-1.000000e+00	-5.332411e-01
4.850000317142787e-01	-1.000000e+00	-5.332410e-01
4.850000588621608e-01	-1.000000e+00	-5.332410e-01
4.850001131579250e-01	-1.000000e+00	-5.332407e-01
4.850002217494535e-01	-1.000000e+00	-5.332404e-01
4.850004389325104e-01	-1.000000e+00	-5.332396e-01
4.850008732986243e-01	-1.000000e+00	-5.332381e-01
4.850017420308521e-01	-1.000000e+00	-5.332349e-01
4.850034794953076e-01	-1.000000e+00	-5.332287e-01
4.850069544242187e-01	-1.000000e+00	-5.332162e-01
4.850139042820408e-01	-1.000000e+00	-5.331914e-01
4.850278039976851e-01	-1.000000e+00	-5.331417e-01
4.850556034289736e-01	-1.000000e+00	-5.330424e-01
4.851112022915506e-01	-1.000000e+00	-5.328445e-01
4.852224000167047e-01	-1.000000e+00	-5.324507e-01
4.854447954670129e-01	-1.000000e+00	-5.316718e-01
4.867791681688619e-01	-1.000000e+00	-5.272176e-01
4.885583317713271e-01	-1.000000e+00	-5.217760e-01
4.900000000000000e-01	-1.000000e+00	-5.177171e-01
4.900000001000000e-01	-8.000000e-01	-3.177234e-01
4.900000003000000e-01	-4.000000e-01	8.227527e-02
4.900000003523698e-01	-2.952604e-01	1.870148e-01
4.900000004042859e-01	-1.914282e-01	2.908469e-01
4.900000004391915e-01	-1.216170e-01	3.606582e-01
4.900000004646715e-01	-7.065701e-02	4.116180e-01
4.900000004769181e-01	-4.616380e-02	4.361112e-01
4.900000004850842e-01	-2.983165e-02	4.524434e-01
4.900000004911568e-01	-1.768637e-02	4.645886e-01
4.900000004976676e-01	-4.664779e-03	4.776102e-01
4.900000005040365e-01	8.073092e-03	4.903481e-01
4.900000005130787e-01	2.615750e-02	5.084324e-01
4.900000005276444e-01	5.528891e-02	5.375638e-01
4.900000005539574e-01	1.079149e-01	5.901898e-01
4.900000006065834e-01	2.131668e-01	6.954416e-01
4.900000007118353e-01	4.236706e-01	9.059453e-01
4.900000009223391e-01	8.446783e-01	1.326953e+00
4.900000010000000e-01	1.000000e+00	1.482274e+00
4.900000010097592e-01	1.000000e+00	1.482274e+00
4.900000010292777e-01	1.000000e+00	1.482274e+00
4.900000010683145e-01	1.000000e+00	1.482274e+00
4.900000011463883e-01	1.000000e+00	1.482274e+00
4.900000013025357e-01	1.000000e+00	1.482274e+00
4.900000016148305e-01	1.000000e+00	1.482274e+00
4.900000022394203e-01	1.000000e+00	1.482274e+00
4.900000034885997e-01	1.000000e+00	1.482274e+00
4.900000059869587e-01	1.000000e+00	1.482274e+00
4.900000109836766e-01	1.000000e+00	1.482274e+00
4.900000209771124e-01	1.000000e+00	1.482274e+00
4.900000409639841e-01	1.000000e+00	1.482274e+00
4.900000809377274e-01	1.000000e+00	1.482274e+00
4.900001608852140e-01	1.000000e+00	1.482274e+00
4.900003207801872e-01	1.000000e+00	1.482273e+00
4.900006405701335e-01	1.000000e+00	1.482272e+00
4.900012801500263e-01	1.000000e+00	1.482270e+00
4.900025593098117e-01	1.000000e+00	1.482266e+00
4.900051176293825e-01	1.000000e+00	1.482258e+00
4.900102342685243e-01	1.000000e+00	1.482242e+00
4.900204675468078e-01	1.000000e+00	1.482210e+00
4.900409341033748e-01	1.000000e+00	1.482145e+00
4.900818672165088e-01	1.000000e+00	1.482016e+00
4.901637334427767e-01	1.000000e+00	1.481758e+00
4.903274658953126e-01	1.000000e+00	1.481242e+00
4.906549308003843e-01	1.000000e+00	1.480210e+00
4.913098606105278e-01	1.000000e+00	1.478149e+00
4.926197202308147e-01	1.000000e+00	1.474035e+00
4.950000010000000e-01	9.999999e-01	1.466589e+00
4.950000011000000e-01	7.999998e-01	1.266589e+00
4.950000013000000e-01	3.999999e-01	8.665893e-01
4.950000017000001e-01	-4.000002e-01	6.658983e-02
4.950000018811215e-01	-7.622430e-01	-2.956527e-01
4.950000019846771e-01	-9.693543e-01	-5.027626e-01
4.950000020000001e-01	-1.000000e+00	-5.334079e-01
4.950000020100714e-01	-1.000000e+00	-5.334075e-01
4.950000020302140e-01	-1.000000e+00	-5.334069e-01
4.950000020638545e-01	-1.000000e+00	-5.334061e-01
4.950000021311355e-01	-1.000000e+00	-5.334049e-01
4.950000022070476e-01	-1.000000e+00	-5.334038e-01
4.950000023368272e-01	-1.000000e+00	-5.334025e-01
4.950000024935818e-01	-1.000000e+00	-5.334015e-01
4.950000027458376e-01	-1.000000e+00	-5.334004e-01
4.950000030508367e-01	-1.000000e+00	-5.333997e-01
4.950000035102218e-01	-1.000000e+00	-5.333992e-01
4.950000040719881e-01	-1.000000e+00	-5.333990e-01
4.950000049158545e-01	-1.000000e+00	-5.333989e-01
4.950000060370475e-01	-1.000000e+00	-5.333989e-01
4.950000079614981e-01	-1.000000e+00	-5.333989e-01
4.955067801836657e-01	-1.000000e+00	-5.316151e-01
4.960135524058332e-01	-1.000000e+00	-5.298801e-01
4.965203246280007e-01	-1.000000e+00	-5.281939e-01
4.970270968501683e-01	-1.000000e+00	-5.265563e-01
4.975338690723358e-01	-1.000000e+00	-5.249675e-01
4.980406412945033e-01	-1.000000e+00	-5.234275e-01
4.985474135166709e-01	-1.000000e+00	-5.219361e-01
5.000000000000000e-01	-1.000000e+00	-5.178367e-01
