time	V(vi)	V(vo)	I(C1)	I(D1)	I(R1)	I(VI)
0.000000000000000e+00	-1.000000e+00	-4.699904e-13	4.700000e-17	9.641579e-22	-4.699904e-17	4.700000e-17
4.882812487672084e-10	-2.343750e-02	9.765618e-01	-7.021520e-02	-7.011755e-02	9.765618e-05	-7.021520e-02
5.344080571072742e-10	6.881611e-02	1.068815e+00	-6.329332e-02	-6.318646e-02	1.068815e-04	-6.329332e-02
6.266616737874059e-10	2.533233e-01	1.253322e+00	-6.025851e-02	-6.013319e-02	1.253322e-04	-6.025851e-02
8.111689071476691e-10	6.223378e-01	1.622337e+00	-5.846774e-02	-5.830551e-02	1.622337e-04	-5.846774e-02
1.000000000000000e-09	1.000000e+00	1.999999e+00	-5.485008e-02	-5.465008e-02	1.999999e-04	-5.485008e-02
1.183234475302608e-09	1.000000e+00	1.999999e+00	5.308414e-02	5.328413e-02	1.999999e-04	5.308414e-02
1.364889645838827e-09	1.000000e+00	1.999999e+00	-5.214090e-02	-5.194223e-02	1.999999e-04	-5.214090e-02
1.544591506538306e-09	1.000000e+00	1.999999e+00	5.041744e-02	5.061617e-02	1.999999e-04	5.041744e-02
1.903995227937263e-09	1.000000e+00	1.999999e+00	-5.016848e-02	-4.996987e-02	1.999999e-04	-5.016848e-02
2.622802670735177e-09	1.000000e+00	1.999999e+00	4.944710e-02	4.964643e-02	1.999999e-04	4.944710e-02
3.713431310861538e-09	1.000000e+00	1.999999e+00	-4.963643e-02	-4.943674e-02	1.999999e-04	-4.963643e-02
5.894688591114260e-09	1.000000e+00	1.999999e+00	4.913143e-02	4.933122e-02	1.999999e-04	4.913143e-02
1.025720315161970e-08	1.000000e+00	1.999999e+00	-4.947902e-02	-4.927913e-02	1.999999e-04	-4.947902e-02
1.898223227263059e-08	1.000000e+00	1.999999e+00	4.905283e-02	4.925278e-02	1.999998e-04	4.905283e-02
3.643229051465237e-08	1.000000e+00	1.999998e+00	-4.943974e-02	-4.923977e-02	1.999998e-04	-4.943974e-02
7.133240699869593e-08	1.000000e+00	1.999998e+00	4.903320e-02	4.923319e-02	1.999998e-04	4.903320e-02
1.411326399667830e-07	1.000000e+00	1.999998e+00	-4.942993e-02	-4.922993e-02	1.999998e-04	-4.942993e-02
2.807331059029573e-07	1.000000e+00	1.999997e+00	4.902830e-02	4.922829e-02	1.999997e-04	4.902830e-02
5.599340377753057e-07	1.000000e+00	1.999996e+00	-4.942748e-02	-4.922748e-02	1.999996e-04	-4.942748e-02
1.118335901520002e-06	1.000000e+00	1.999994e+00	4.902707e-02	4.922707e-02	1.999994e-04	4.902707e-02
2.235139629009396e-06	1.000000e+00	1.999989e+00	-4.942686e-02	-4.922687e-02	1.999989e-04	-4.942686e-02
4.468747083988184e-06	1.000000e+00	1.999980e+00	4.902676e-02	4.922676e-02	1.999980e-04	4.902676e-02
8.935961993945759e-06	1.000000e+00	1.999961e+00	-4.942670e-02	-4.922671e-02	1.999961e-04	-4.942670e-02
1.787039181386091e-05	1.000000e+00	1.999923e+00	4.902669e-02	4.922668e-02	1.999923e-04	4.902669e-02
3.573925145369121e-05	1.000000e+00	1.999847e+00	-4.942666e-02	-4.922667e-02	1.999847e-04	-4.942666e-02
7.147697073335181e-05	1.000000e+00	1.999694e+00	4.902669e-02	4.922666e-02	1.999695e-04	4.902669e-02
1.203050957333518e-04	1.000000e+00	1.999487e+00	-4.942661e-02	-4.922666e-02	1.999487e-04	-4.942661e-02
1.691332207333518e-04	1.000000e+00	1.999279e+00	4.902673e-02	4.922666e-02	1.999279e-04	4.902673e-02
2.179613457333518e-04	1.000000e+00	1.999071e+00	-4.942656e-02	-4.922665e-02	1.999071e-04	-4.942656e-02
2.667894707333518e-04	1.000000e+00	1.998864e+00	4.902676e-02	4.922665e-02	1.998864e-04	4.902676e-02
3.156175957333518e-04	1.000000e+00	1.998656e+00	-4.942651e-02	-4.922664e-02	1.998656e-04	-4.942651e-02
3.644457207333518e-04	1.000000e+00	1.998448e+00	4.902679e-02	4.922664e-02	1.998448e-04	4.902679e-02
4.132738457333518e-04	1.000000e+00	1.998241e+00	-4.942646e-02	-4.922663e-02	1.998241e-04	-4.942646e-02
4.621019707333517e-04	1.000000e+00	1.998033e+00	4.902682e-02	4.922663e-02	1.998033e-04	4.902682e-02
5.109300957333517e-04	1.000000e+00	1.997826e+00	-4.942641e-02	-4.922662e-02	1.997826e-04	-4.942641e-02
5.597582207333518e-04	1.000000e+00	1.997618e+00	4.902686e-02	4.922662e-02	1.997618e-04	4.902686e-02
6.085863457333518e-04	1.000000e+00	1.997411e+00	-4.942635e-02	-4.922662e-02	1.997411e-04	-4.942635e-02
6.574144707333519e-04	1.000000e+00	1.997203e+00	4.902689e-02	4.922661e-02	1.997203e-04	4.902689e-02
7.062425957333519e-04	1.000000e+00	1.996996e+00	-4.942630e-02	-4.922660e-02	1.996996e-04	-4.942630e-02
7.550707207333520e-04	1.000000e+00	1.996788e+00	4.902692e-02	4.922660e-02	1.996788e-04	4.902692e-02
8.038988457333520e-04	1.000000e+00	1.996581e+00	-4.942625e-02	-4.922659e-02	1.996581e-04	-4.942625e-02
8.527269707333520e-04	1.000000e+00	1.996373e+00	4.902695e-02	4.922659e-02	1.996373e-04	4.902695e-02
9.015550957333521e-04	1.000000e+00	1.996166e+00	-4.942620e-02	-4.922659e-02	1.996166e-04	-4.942620e-02
9.503832207333521e-04	1.000000e+00	1.995959e+00	4.902698e-02	4.922658e-02	1.995959e-04	4.902698e-02
9.992113457333522e-04	1.000000e+00	1.995751e+00	-4.942615e-02	-4.922657e-02	1.995751e-04	-4.942615e-02
1.048039470733352e-03	1.000000e+00	1.995544e+00	4.902702e-02	4.922657e-02	1.995544e-04	4.902702e-02
1.096867595733352e-03	1.000000e+00	1.995337e+00	-4.942610e-02	-4.922657e-02	1.995336e-04	-4.942610e-02
1.145695720733352e-03	1.000000e+00	1.995129e+00	4.902705e-02	4.922656e-02	1.995129e-04	4.902705e-02
1.194523845733352e-03	1.000000e+00	1.994922e+00	-4.942605e-02	-4.922656e-02	1.994922e-04	-4.942605e-02
1.243351970733352e-03	1.000000e+00	1.994715e+00	4.902708e-02	4.922655e-02	1.994715e-04	4.902708e-02
1.292180095733352e-03	1.000000e+00	1.994508e+00	-4.942600e-02	-4.922655e-02	1.994508e-04	-4.942600e-02
1.341008220733352e-03	1.000000e+00	1.994300e+00	4.902712e-02	4.922654e-02	1.994300e-04	4.902712e-02
1.389836345733353e-03	1.000000e+00	1.994093e+00	-4.942595e-02	-4.922654e-02	1.994093e-04	-4.942595e-02
1.438664470733353e-03	1.000000e+00	1.993886e+00	4.902714e-02	4.922653e-02	1.993886e-04	4.902714e-02
1.487492595733353e-03	1.000000e+00	1.993679e+00	-4.942590e-02	-4.922653e-02	1.993679e-04	-4.942590e-02
1.536320720733353e-03	1.000000e+00	1.993472e+00	4.902718e-02	4.922653e-02	1.993472e-04	4.902718e-02
1.585148845733353e-03	1.000000e+00	1.993265e+00	-4.942585e-02	-4.922652e-02	1.993265e-04	-4.942585e-02
1.633976970733353e-03	1.000000e+00	1.993058e+00	4.902721e-02	4.922651e-02	1.993058e-04	4.902721e-02
1.682805095733353e-03	1.000000e+00	1.992851e+00	-4.942580e-02	-4.922651e-02	1.992851e-04	-4.942580e-02
1.731633220733353e-03	1.000000e+00	1.992644e+00	4.902724e-02	4.922651e-02	1.992644e-04	4.902724e-02
1.780461345733353e-03	1.000000e+00	1.992437e+00	-4.942574e-02	-4.922650e-02	1.992437e-04	-4.942574e-02
1.829289470733353e-03	1.000000e+00	1.992230e+00	4.902728e-02	4.922650e-02	1.992230e-04	4.902728e-02
1.878117595733353e-03	1.000000e+00	1.992023e+00	-4.942570e-02	-4.922649e-02	1.992023e-04	-4.942570e-02
1.926945720733353e-03	1.000000e+00	1.991816e+00	4.902731e-02	4.922649e-02	1.991816e-04	4.902731e-02
1.975773845733353e-03	1.000000e+00	1.991609e+00	-4.942564e-02	-4.922648e-02	1.991609e-04	-4.942564e-02
2.024601970733353e-03	1.000000e+00	1.991402e+00	4.902734e-02	4.922648e-02	1.991402e-04	4.902734e-02
2.073430095733352e-03	1.000000e+00	1.991195e+00	-4.942559e-02	-4.922647e-02	1.991195e-04	-4.942559e-02
2.122258220733352e-03	1.000000e+00	1.990988e+00	4.902737e-02	4.922647e-02	1.990988e-04	4.902737e-02
2.171086345733352e-03	1.000000e+00	1.990781e+00	-4.942554e-02	-4.922646e-02	1.990781e-04	-4.942554e-02
2.219914470733352e-03	1.000000e+00	1.990574e+00	4.902740e-02	4.922646e-02	1.990575e-04	4.902740e-02
2.268742595733352e-03	1.000000e+00	1.990368e+00	-4.942549e-02	-4.922646e-02	1.990368e-04	-4.942549e-02
2.317570720733352e-03	1.000000e+00	1.990161e+00	4.902744e-02	4.922645e-02	1.990161e-04	4.902744e-02
2.366398845733351e-03	1.000000e+00	1.989954e+00	-4.942544e-02	-4.922644e-02	1.989954e-04	-4.942544e-02
2.415226970733351e-03	1.000000e+00	1.989747e+00	4.902747e-02	4.922644e-02	1.989747e-04	4.902747e-02
2.464055095733351e-03	1.000000e+00	1.989541e+00	-4.942539e-02	-4.922644e-02	1.989541e-04	-4.942539e-02
2.512883220733351e-03	1.000000e+00	1.989334e+00	4.902750e-02	4.922643e-02	1.989334e-04	4.902750e-02
2.561711345733351e-03	1.000000e+00	1.989127e+00	-4.942534e-02	-4.922643e-02	1.989127e-04	-4.942534e-02
2.610539470733351e-03	1.000000e+00	1.988921e+00	4.902753e-02	4.922642e-02	1.988921e-04	4.902753e-02
2.659367595733350e-03	1.000000e+00	1.988714e+00	-4.942529e-02	-4.922642e-02	1.988714e-04	-4.942529e-02
2.708195720733350e-03	1.000000e+00	1.988508e+00	4.902756e-02	4.922641e-02	1.988508e-04	4.902756e-02
2.757023845733350e-03	1.000000e+00	1.988301e+00	-4.942524e-02	-4.922641e-02	1.988301e-04	-4.942524e-02
2.805851970733350e-03	1.000000e+00	1.988094e+00	4.902760e-02	4.922640e-02	1.988094e-04	4.902760e-02
2.854680095733350e-03	1.000000e+00	1.987888e+00	-4.942519e-02	-4.922640e-02	1.987888e-04	-4.942519e-02
2.903508220733350e-03	1.000000e+00	1.987681e+00	4.902763e-02	4.922639e-02	1.987681e-04	4.902763e-02
2.952336345733349e-03	1.000000e+00	1.987475e+00	-4.942514e-02	-4.922639e-02	1.987475e-04	-4.942514e-02
3.001164470733349e-03	1.000000e+00	1.987268e+00	4.902766e-02	4.922638e-02	1.987268e-04	4.902766e-02
3.049992595733349e-03	1.000000e+00	1.987062e+00	-4.942508e-02	-4.922638e-02	1.987062e-04	-4.942508e-02
3.098820720733349e-03	1.000000e+00	1.986856e+00	4.902769e-02	4.922637e-02	1.986855e-04	4.902769e-02
3.147648845733349e-03	1.000000e+00	1.986649e+00	-4.942504e-02	-4.922637e-02	1.986649e-04	-4.942504e-02
3.196476970733348e-03	1.000000e+00	1.986443e+00	4.902772e-02	4.922637e-02	1.986443e-04	4.902772e-02
3.245305095733348e-03	1.000000e+00	1.986236e+00	-4.942498e-02	-4.922636e-02	1.986236e-04	-4.942498e-02
3.294133220733348e-03	1.000000e+00	1.986030e+00	4.902775e-02	4.922635e-02	1.986030e-04	4.902775e-02
3.342961345733348e-03	1.000000e+00	1.985824e+00	-4.942494e-02	-4.922635e-02	1.985824e-04	-4.942494e-02
3.391789470733348e-03	1.000000e+00	1.985617e+00	4.902779e-02	4.922635e-02	1.985617e-04	4.902779e-02
3.440617595733348e-03	1.000000e+00	1.985411e+00	-4.942488e-02	-4.922634e-02	1.985411e-04	-4.942488e-02
3.489445720733347e-03	1.000000e+00	1.985205e+00	4.902782e-02	4.922634e-02	1.985205e-04	4.902782e-02
3.538273845733347e-03	1.000000e+00	1.984999e+00	-4.942483e-02	-4.922633e-02	1.984999e-04	-4.942483e-02
3.587101970733347e-03	1.000000e+00	1.984792e+00	4.902785e-02	4.922633e-02	1.984792e-04	4.902785e-02
3.635930095733347e-03	1.000000e+00	1.984586e+00	-4.942478e-02	-4.922633e-02	1.984586e-04	-4.942478e-02
3.684758220733347e-03	1.000000e+00	1.984380e+00	4.902788e-02	4.922632e-02	1.984380e-04	4.902788e-02
3.733586345733347e-03	1.000000e+00	1.984174e+00	-4.942473e-02	-4.922631e-02	1.984174e-04	-4.942473e-02
3.782414470733346e-03	1.000000e+00	1.983968e+00	4.902791e-02	4.922631e-02	1.983968e-04	4.902791e-02
3.831242595733346e-03	1.000000e+00	1.983762e+00	-4.942468e-02	-4.922631e-02	1.983762e-04	-4.942468e-02
3.880070720733346e-03	1.000000e+00	1.983556e+00	4.902795e-02	4.922630e-02	1.983556e-04	4.902795e-02
3.928898845733346e-03	1.000000e+00	1.983350e+00	-4.942463e-02	-4.922630e-02	1.983350e-04	-4.942463e-02
3.977726970733346e-03	1.000000e+00	1.983144e+00	4.902798e-02	4.922629e-02	1.983144e-04	4.902798e-02
4.026555095733346e-03	1.000000e+00	1.982938e+00	-4.942458e-02	-4.922629e-02	1.982938e-04	-4.942458e-02
4.075383220733346e-03	1.000000e+00	1.982732e+00	4.902801e-02	4.922628e-02	1.982732e-04	4.902801e-02
4.124211345733346e-03	1.000000e+00	1.982526e+00	-4.942453e-02	-4.922628e-02	1.982526e-04	-4.942453e-02
4.173039470733345e-03	1.000000e+00	1.982320e+00	4.902804e-02	4.922627e-02	1.982320e-04	4.902804e-02
4.221867595733345e-03	1.000000e+00	1.982114e+00	-4.942448e-02	-4.922627e-02	1.982114e-04	-4.942448e-02
4.270695720733345e-03	1.000000e+00	1.981908e+00	4.902807e-02	4.922626e-02	1.981908e-04	4.902807e-02
4.319523845733345e-03	1.000000e+00	1.981702e+00	-4.942443e-02	-4.922626e-02	1.981702e-04	-4.942443e-02
4.368351970733345e-03	1.000000e+00	1.981496e+00	4.902810e-02	4.922625e-02	1.981496e-04	4.902810e-02
4.417180095733345e-03	1.000000e+00	1.981290e+00	-4.942438e-02	-4.922625e-02	1.981290e-04	-4.942438e-02
4.466008220733344e-03	1.000000e+00	1.981084e+00	4.902814e-02	4.922624e-02	1.981084e-04	4.902814e-02
4.514836345733344e-03	1.000000e+00	1.980879e+00	-4.942433e-02	-4.922624e-02	1.980879e-04	-4.942433e-02
4.563664470733344e-03	1.000000e+00	1.980673e+00	4.902817e-02	4.922624e-02	1.980673e-04	4.902817e-02
4.612492595733344e-03	1.000000e+00	1.980467e+00	-4.942428e-02	-4.922623e-02	1.980467e-04	-4.942428e-02
4.661320720733344e-03	1.000000e+00	1.980261e+00	4.902820e-02	4.922622e-02	1.980261e-04	4.902820e-02
4.710148845733344e-03	1.000000e+00	1.980056e+00	-4.942423e-02	-4.922622e-02	1.980056e-04	-4.942423e-02
4.758976970733343e-03	1.000000e+00	1.979850e+00	4.902823e-02	4.922622e-02	1.979850e-04	4.902823e-02
4.807805095733343e-03	1.000000e+00	1.979644e+00	-4.942418e-02	-4.922621e-02	1.979644e-04	-4.942418e-02
4.856633220733343e-03	1.000000e+00	1.979439e+00	4.902826e-02	4.922621e-02	1.979439e-04	4.902826e-02
4.905461345733343e-03	1.000000e+00	1.979233e+00	-4.942413e-02	-4.922620e-02	1.979233e-04	-4.942413e-02
4.954289470733343e-03	1.000000e+00	1.979027e+00	4.902830e-02	4.922620e-02	1.979027e-04	4.902830e-02
5.000001000000000e-03	1.000000e+00	1.978835e+00	-4.942407e-02	-4.922619e-02	1.978835e-04	-4.942407e-02
5.000002000000001e-03	-1.000000e+00	-2.116381e-02	1.780254e-01	1.780232e-01	-2.116381e-06	1.780254e-01
5.000018000000006e-03	-1.000000e+00	-2.116380e-02	-1.779462e-01	-1.779525e-01	-2.116380e-06	-1.779462e-01
5.000023253736095e-03	-1.000000e+00	-2.116381e-02	1.777224e-01	1.777192e-01	-2.116381e-06	1.777224e-01
5.000028268795732e-03	-1.000000e+00	-2.116380e-02	-1.774796e-01	-1.774840e-01	-2.116380e-06	-1.774796e-01
5.000038298915007e-03	-1.000000e+00	-2.116381e-02	1.773646e-01	1.773596e-01	-2.116381e-06	1.773646e-01
5.000058359153558e-03	-1.000000e+00	-2.116380e-02	-1.773008e-01	-1.773043e-01	-2.116380e-06	-1.773008e-01
5.000098479630660e-03	-1.000000e+00	-2.116381e-02	1.772753e-01	1.772725e-01	-2.116381e-06	1.772753e-01
5.000178720584864e-03	-1.000000e+00	-2.116379e-02	-1.772562e-01	-1.772586e-01	-2.116379e-06	-1.772562e-01
5.000339202493272e-03	-1.000000e+00	-2.116380e-02	1.772530e-01	1.772507e-01	-2.116380e-06	1.772530e-01
5.000660166310088e-03	-1.000000e+00	-2.116377e-02	-1.772450e-01	-1.772472e-01	-2.116377e-06	-1.772450e-01
5.001302093943718e-03	-1.000000e+00	-2.116376e-02	1.772474e-01	1.772452e-01	-2.116376e-06	1.772474e-01
5.002585949210979e-03	-1.000000e+00	-2.116369e-02	-1.772422e-01	-1.772444e-01	-2.116369e-06	-1.772422e-01
5.005153659745501e-03	-1.000000e+00	-2.116359e-02	1.772460e-01	1.772439e-01	-2.116359e-06	1.772460e-01
5.010289080814546e-03	-1.000000e+00	-2.116334e-02	-1.772415e-01	-1.772437e-01	-2.116334e-06	-1.772415e-01
5.020559922952635e-03	-1.000000e+00	-2.116290e-02	1.772457e-01	1.772435e-01	-2.116290e-06	1.772457e-01
5.041101607228813e-03	-1.000000e+00	-2.116196e-02	-1.772414e-01	-1.772435e-01	-2.116196e-06	-1.772414e-01
5.082184975781169e-03	-1.000000e+00	-2.116012e-02	1.772456e-01	1.772435e-01	-2.116012e-06	1.772456e-01
5.131013100781169e-03	-1.000000e+00	-2.115791e-02	-1.772413e-01	-1.772434e-01	-2.115791e-06	-1.772413e-01
5.179841225781169e-03	-1.000000e+00	-2.115573e-02	1.772455e-01	1.772434e-01	-2.115573e-06	1.772455e-01
5.228669350781169e-03	-1.000000e+00	-2.115352e-02	-1.772413e-01	-1.772434e-01	-2.115352e-06	-1.772413e-01
5.277497475781169e-03	-1.000000e+00	-2.115133e-02	1.772455e-01	1.772434e-01	-2.115133e-06	1.772455e-01
5.326325600781169e-03	-1.000000e+00	-2.114912e-02	-1.772412e-01	-1.772433e-01	-2.114912e-06	-1.772412e-01
5.375153725781168e-03	-1.000000e+00	-2.114694e-02	1.772454e-01	1.772433e-01	-2.114694e-06	1.772454e-01
5.423981850781168e-03	-1.000000e+00	-2.114473e-02	-1.772412e-01	-1.772433e-01	-2.114473e-06	-1.772412e-01
5.472809975781168e-03	-1.000000e+00	-2.114255e-02	1.772454e-01	1.772433e-01	-2.114255e-06	1.772454e-01
5.521638100781168e-03	-1.000000e+00	-2.114034e-02	-1.772411e-01	-1.772432e-01	-2.114034e-06	-1.772411e-01
5.570466225781168e-03	-1.000000e+00	-2.113815e-02	1.772453e-01	1.772432e-01	-2.113815e-06	1.772453e-01
5.619294350781168e-03	-1.000000e+00	-2.113594e-02	-1.772411e-01	-1.772432e-01	-2.113595e-06	-1.772411e-01
5.668122475781167e-03	-1.000000e+00	-2.113376e-02	1.772453e-01	1.772432e-01	-2.113376e-06	1.772453e-01
5.716950600781167e-03	-1.000000e+00	-2.113155e-02	-1.772410e-01	-1.772431e-01	-2.113155e-06	-1.772410e-01
5.765778725781167e-03	-1.000000e+00	-2.112937e-02	1.772452e-01	1.772431e-01	-2.112937e-06	1.772452e-01
5.814606850781167e-03	-1.000000e+00	-2.112716e-02	-1.772410e-01	-1.772431e-01	-2.112716e-06	-1.772410e-01
5.863434975781167e-03	-1.000000e+00	-2.112498e-02	1.772452e-01	1.772431e-01	-2.112498e-06	1.772452e-01
5.912263100781166e-03	-1.000000e+00	-2.112278e-02	-1.772409e-01	-1.772430e-01	-2.112278e-06	-1.772409e-01
5.961091225781166e-03	-1.000000e+00	-2.112059e-02	1.772451e-01	1.772430e-01	-2.112060e-06	1.772451e-01
6.009919350781166e-03	-1.000000e+00	-2.111839e-02	-1.772409e-01	-1.772430e-01	-2.111839e-06	-1.772409e-01
6.058747475781166e-03	-1.000000e+00	-2.111621e-02	1.772451e-01	1.772430e-01	-2.111621e-06	1.772451e-01
6.107575600781166e-03	-1.000000e+00	-2.111400e-02	-1.772408e-01	-1.772429e-01	-2.111400e-06	-1.772408e-01
6.156403725781166e-03	-1.000000e+00	-2.111182e-02	1.772450e-01	1.772429e-01	-2.111182e-06	1.772450e-01
6.205231850781165e-03	-1.000000e+00	-2.110961e-02	-1.772408e-01	-1.772429e-01	-2.110962e-06	-1.772408e-01
6.254059975781165e-03	-1.000000e+00	-2.110744e-02	1.772450e-01	1.772429e-01	-2.110743e-06	1.772450e-01
6.302888100781165e-03	-1.000000e+00	-2.110523e-02	-1.772407e-01	-1.772428e-01	-2.110523e-06	-1.772407e-01
6.351716225781165e-03	-1.000000e+00	-2.110305e-02	1.772449e-01	1.772428e-01	-2.110305e-06	1.772449e-01
6.400544350781165e-03	-1.000000e+00	-2.110085e-02	-1.772407e-01	-1.772428e-01	-2.110085e-06	-1.772407e-01
6.449372475781165e-03	-1.000000e+00	-2.109867e-02	1.772449e-01	1.772428e-01	-2.109867e-06	1.772449e-01
6.498200600781164e-03	-1.000000e+00	-2.109646e-02	-1.772406e-01	-1.772428e-01	-2.109646e-06	-1.772406e-01
6.547028725781164e-03	-1.000000e+00	-2.109428e-02	1.772448e-01	1.772427e-01	-2.109428e-06	1.772448e-01
6.595856850781164e-03	-1.000000e+00	-2.109208e-02	-1.772406e-01	-1.772427e-01	-2.109208e-06	-1.772406e-01
6.644684975781164e-03	-1.000000e+00	-2.108990e-02	1.772448e-01	1.772427e-01	-2.108990e-06	1.772448e-01
6.693513100781164e-03	-1.000000e+00	-2.108770e-02	-1.772405e-01	-1.772427e-01	-2.108770e-06	-1.772405e-01
6.742341225781164e-03	-1.000000e+00	-2.108552e-02	1.772447e-01	1.772426e-01	-2.108552e-06	1.772447e-01
6.791169350781163e-03	-1.000000e+00	-2.108332e-02	-1.772405e-01	-1.772426e-01	-2.108332e-06	-1.772405e-01
6.839997475781163e-03	-1.000000e+00	-2.108114e-02	1.772447e-01	1.772426e-01	-2.108114e-06	1.772447e-01
6.888825600781163e-03	-1.000000e+00	-2.107894e-02	-1.772404e-01	-1.772425e-01	-2.107894e-06	-1.772404e-01
6.937653725781163e-03	-1.000000e+00	-2.107676e-02	1.772446e-01	1.772425e-01	-2.107676e-06	1.772446e-01
6.986481850781163e-03	-1.000000e+00	-2.107456e-02	-1.772404e-01	-1.772425e-01	-2.107456e-06	-1.772404e-01
7.035309975781162e-03	-1.000000e+00	-2.107238e-02	1.772446e-01	1.772425e-01	-2.107238e-06	1.772446e-01
7.084138100781162e-03	-1.000000e+00	-2.107018e-02	-1.772403e-01	-1.772425e-01	-2.107018e-06	-1.772403e-01
7.132966225781162e-03	-1.000000e+00	-2.106800e-02	1.772445e-01	1.772424e-01	-2.106801e-06	1.772445e-01
7.181794350781162e-03	-1.000000e+00	-2.106581e-02	-1.772403e-01	-1.772424e-01	-2.106580e-06	-1.772403e-01
7.230622475781162e-03	-1.000000e+00	-2.106363e-02	1.772445e-01	1.772424e-01	-2.106363e-06	1.772445e-01
7.279450600781162e-03	-1.000000e+00	-2.106143e-02	-1.772403e-01	-1.772424e-01	-2.106143e-06	-1.772403e-01
7.328278725781161e-03	-1.000000e+00	-2.105925e-02	1.772444e-01	1.772423e-01	-2.105925e-06	1.772444e-01
7.377106850781161e-03	-1.000000e+00	-2.105705e-02	-1.772402e-01	-1.772423e-01	-2.105705e-06	-1.772402e-01
7.425934975781161e-03	-1.000000e+00	-2.105488e-02	1.772444e-01	1.772423e-01	-2.105488e-06	1.772444e-01
7.474763100781161e-03	-1.000000e+00	-2.105268e-02	-1.772401e-01	-1.772423e-01	-2.105268e-06	-1.772401e-01
7.523591225781161e-03	-1.000000e+00	-2.105051e-02	1.772443e-01	1.772422e-01	-2.105050e-06	1.772443e-01
7.572419350781161e-03	-1.000000e+00	-2.104831e-02	-1.772401e-01	-1.772422e-01	-2.104831e-06	-1.772401e-01
7.621247475781160e-03	-1.000000e+00	-2.104613e-02	1.772443e-01	1.772422e-01	-2.104613e-06	1.772443e-01
7.670075600781160e-03	-1.000000e+00	-2.104393e-02	-1.772401e-01	-1.772422e-01	-2.104393e-06	-1.772401e-01
7.718903725781160e-03	-1.000000e+00	-2.104176e-02	1.772442e-01	1.772421e-01	-2.104176e-06	1.772442e-01
7.767731850781160e-03	-1.000000e+00	-2.103956e-02	-1.772400e-01	-1.772421e-01	-2.103956e-06	-1.772400e-01
7.816559975781160e-03	-1.000000e+00	-2.103739e-02	1.772442e-01	1.772421e-01	-2.103739e-06	1.772442e-01
7.865388100781160e-03	-1.000000e+00	-2.103519e-02	-1.772400e-01	-1.772421e-01	-2.103519e-06	-1.772400e-01
7.914216225781161e-03	-1.000000e+00	-2.103302e-02	1.772441e-01	1.772420e-01	-2.103302e-06	1.772441e-01
7.963044350781162e-03	-1.000000e+00	-2.103082e-02	-1.772399e-01	-1.772420e-01	-2.103082e-06	-1.772399e-01
8.011872475781162e-03	-1.000000e+00	-2.102865e-02	1.772441e-01	1.772420e-01	-2.102865e-06	1.772441e-01
8.060700600781163e-03	-1.000000e+00	-2.102645e-02	-1.772399e-01	-1.772420e-01	-2.102645e-06	-1.772399e-01
8.109528725781164e-03	-1.000000e+00	-2.102428e-02	1.772440e-01	1.772419e-01	-2.102428e-06	1.772440e-01
8.158356850781165e-03	-1.000000e+00	-2.102209e-02	-1.772398e-01	-1.772419e-01	-2.102209e-06	-1.772398e-01
8.207184975781165e-03	-1.000000e+00	-2.101991e-02	1.772440e-01	1.772419e-01	-2.101991e-06	1.772440e-01
8.256013100781166e-03	-1.000000e+00	-2.101772e-02	-1.772398e-01	-1.772419e-01	-2.101772e-06	-1.772398e-01
8.304841225781167e-03	-1.000000e+00	-2.101555e-02	1.772439e-01	1.772418e-01	-2.101555e-06	1.772439e-01
8.353669350781167e-03	-1.000000e+00	-2.101335e-02	-1.772397e-01	-1.772418e-01	-2.101335e-06	-1.772397e-01
8.402497475781168e-03	-1.000000e+00	-2.101118e-02	1.772439e-01	1.772418e-01	-2.101118e-06	1.772439e-01
8.451325600781169e-03	-1.000000e+00	-2.100899e-02	-1.772397e-01	-1.772418e-01	-2.100899e-06	-1.772397e-01
8.500153725781169e-03	-1.000000e+00	-2.100682e-02	1.772438e-01	1.772417e-01	-2.100682e-06	1.772438e-01
8.548981850781170e-03	-1.000000e+00	-2.100462e-02	-1.772396e-01	-1.772417e-01	-2.100462e-06	-1.772396e-01
8.597809975781171e-03	-1.000000e+00	-2.100245e-02	1.772438e-01	1.772417e-01	-2.100245e-06	1.772438e-01
8.646638100781171e-03	-1.000000e+00	-2.100026e-02	-1.772396e-01	-1.772417e-01	-2.100026e-06	-1.772396e-01
8.695466225781172e-03	-1.000000e+00	-2.099809e-02	1.772438e-01	1.772417e-01	-2.099809e-06	1.772438e-01
8.744294350781173e-03	-1.000000e+00	-2.099590e-02	-1.772395e-01	-1.772416e-01	-2.099590e-06	-1.772395e-01
8.793122475781174e-03	-1.000000e+00	-2.099373e-02	1.772437e-01	1.772416e-01	-2.099373e-06	1.772437e-01
8.841950600781174e-03	-1.000000e+00	-2.099153e-02	-1.772395e-01	-1.772416e-01	-2.099153e-06	-1.772395e-01
8.890778725781175e-03	-1.000000e+00	-2.098937e-02	1.772436e-01	1.772415e-01	-2.098937e-06	1.772436e-01
8.939606850781176e-03	-1.000000e+00	-2.098717e-02	-1.772394e-01	-1.772415e-01	-2.098717e-06	-1.772394e-01
8.988434975781176e-03	-1.000000e+00	-2.098501e-02	1.772436e-01	1.772415e-01	-2.098501e-06	1.772436e-01
9.037263100781177e-03	-1.000000e+00	-2.098281e-02	-1.772394e-01	-1.772415e-01	-2.098281e-06	-1.772394e-01
9.086091225781178e-03	-1.000000e+00	-2.098065e-02	1.772435e-01	1.772414e-01	-2.098065e-06	1.772435e-01
9.134919350781178e-03	-1.000000e+00	-2.097845e-02	-1.772393e-01	-1.772414e-01	-2.097845e-06	-1.772393e-01
9.183747475781179e-03	-1.000000e+00	-2.097629e-02	1.772435e-01	1.772414e-01	-2.097629e-06	1.772435e-01
9.232575600781180e-03	-1.000000e+00	-2.097410e-02	-1.772393e-01	-1.772414e-01	-2.097410e-06	-1.772393e-01
9.281403725781181e-03	-1.000000e+00	-2.097193e-02	1.772435e-01	1.772414e-01	-2.097193e-06	1.772435e-01
9.330231850781181e-03	-1.000000e+00	-2.096974e-02	-1.772392e-01	-1.772413e-01	-2.096974e-06	-1.772392e-01
9.379059975781182e-03	-1.000000e+00	-2.096757e-02	1.772434e-01	1.772413e-01	-2.096757e-06	1.772434e-01
9.427888100781183e-03	-1.000000e+00	-2.096538e-02	-1.772392e-01	-1.772413e-01	-2.096538e-06	-1.772392e-01
9.476716225781183e-03	-1.000000e+00	-2.096322e-02	1.772434e-01	1.772413e-01	-2.096322e-06	1.772434e-01
9.525544350781184e-03	-1.000000e+00	-2.096103e-02	-1.772391e-01	-1.772412e-01	-2.096103e-06	-1.772391e-01
9.574372475781185e-03	-1.000000e+00	-2.095887e-02	1.772433e-01	1.772412e-01	-2.095886e-06	1.772433e-01
9.623200600781185e-03	-1.000000e+00	-2.095667e-02	-1.772391e-01	-1.772412e-01	-2.095667e-06	-1.772391e-01
9.672028725781186e-03	-1.000000e+00	-2.095451e-02	1.772432e-01	1.772412e-01	-2.095451e-06	1.772432e-01
9.720856850781187e-03	-1.000000e+00	-2.095232e-02	-1.772390e-01	-1.772411e-01	-2.095232e-06	-1.772390e-01
9.769684975781187e-03	-1.000000e+00	-2.095016e-02	1.772432e-01	1.772411e-01	-2.095016e-06	1.772432e-01
9.818513100781188e-03	-1.000000e+00	-2.094797e-02	-1.772390e-01	-1.772411e-01	-2.094797e-06	-1.772390e-01
9.867341225781189e-03	-1.000000e+00	-2.094581e-02	1.772432e-01	1.772411e-01	-2.094581e-06	1.772432e-01
9.916169350781190e-03	-1.000000e+00	-2.094362e-02	-1.772389e-01	-1.772410e-01	-2.094362e-06	-1.772389e-01
9.964997475781190e-03	-1.000000e+00	-2.094145e-02	1.772431e-01	1.772410e-01	-2.094145e-06	1.772431e-01
1.000000000000000e-02	-1.000000e+00	-2.093988e-02	-1.772389e-01	-1.772410e-01	-2.093988e-06	-1.772389e-01
1.000000100000000e-02	1.000000e+00	1.979059e+00	4.683123e-02	4.702913e-02	1.979059e-04	4.683123e-02
1.000001699999999e-02	1.000000e+00	1.979059e+00	-4.721338e-02	-4.701547e-02	1.979059e-04	-4.721338e-02
1.000001947479917e-02	1.000000e+00	1.979059e+00	4.672934e-02	4.692722e-02	1.979059e-04	4.672934e-02
1.000002186920454e-02	1.000000e+00	1.979059e+00	-4.703413e-02	-4.683630e-02	1.979059e-04	-4.703413e-02
1.000002665801528e-02	1.000000e+00	1.979059e+00	4.659288e-02	4.679069e-02	1.979059e-04	4.659288e-02
1.000003623563677e-02	1.000000e+00	1.979059e+00	-4.696598e-02	-4.676812e-02	1.979059e-04	-4.696598e-02
1.000005539087973e-02	1.000000e+00	1.979059e+00	4.655882e-02	4.675671e-02	1.979058e-04	4.655882e-02
1.000009370136566e-02	1.000000e+00	1.979058e+00	-4.694896e-02	-4.675107e-02	1.979058e-04	-4.694896e-02
1.000017032233752e-02	1.000000e+00	1.979058e+00	4.655031e-02	4.674821e-02	1.979058e-04	4.655031e-02
1.000032356428125e-02	1.000000e+00	1.979057e+00	-4.694471e-02	-4.674681e-02	1.979057e-04	-4.694471e-02
1.000063004816869e-02	1.000000e+00	1.979056e+00	4.654819e-02	4.674609e-02	1.979056e-04	4.654819e-02
1.000124301594359e-02	1.000000e+00	1.979053e+00	-4.694364e-02	-4.674574e-02	1.979053e-04	-4.694364e-02
1.000246895149338e-02	1.000000e+00	1.979048e+00	4.654766e-02	4.674556e-02	1.979048e-04	4.654766e-02
1.000492082259296e-02	1.000000e+00	1.979038e+00	-4.694337e-02	-4.674547e-02	1.979038e-04	-4.694337e-02
1.000982456479213e-02	1.000000e+00	1.979017e+00	4.654752e-02	4.674543e-02	1.979017e-04	4.654752e-02
1.001963204919045e-02	1.000000e+00	1.978976e+00	-4.694330e-02	-4.674540e-02	1.978976e-04	-4.694330e-02
1.003924701798710e-02	1.000000e+00	1.978894e+00	4.654751e-02	4.674539e-02	1.978893e-04	4.654751e-02
1.007847695558040e-02	1.000000e+00	1.978728e+00	-4.694326e-02	-4.674539e-02	1.978728e-04	-4.694326e-02
1.012730508058040e-02	1.000000e+00	1.978523e+00	4.654753e-02	4.674538e-02	1.978523e-04	4.654753e-02
1.017613320558040e-02	1.000000e+00	1.978317e+00	-4.694321e-02	-4.674538e-02	1.978317e-04	-4.694321e-02
1.022496133058040e-02	1.000000e+00	1.978112e+00	4.654757e-02	4.674537e-02	1.978112e-04	4.654757e-02
1.027378945558040e-02	1.000000e+00	1.977906e+00	-4.694316e-02	-4.674537e-02	1.977906e-04	-4.694316e-02
1.032261758058040e-02	1.000000e+00	1.977701e+00	4.654760e-02	4.674537e-02	1.977701e-04	4.654760e-02
1.037144570558040e-02	1.000000e+00	1.977495e+00	-4.694311e-02	-4.674536e-02	1.977495e-04	-4.694311e-02
1.042027383058040e-02	1.000000e+00	1.977290e+00	4.654763e-02	4.674536e-02	1.977290e-04	4.654763e-02
1.046910195558040e-02	1.000000e+00	1.977084e+00	-4.694306e-02	-4.674535e-02	1.977084e-04	-4.694306e-02
1.051793008058041e-02	1.000000e+00	1.976879e+00	4.654766e-02	4.674535e-02	1.976879e-04	4.654766e-02
1.056675820558041e-02	1.000000e+00	1.976674e+00	-4.694301e-02	-4.674534e-02	1.976674e-04	-4.694301e-02
1.061558633058041e-02	1.000000e+00	1.976468e+00	4.654769e-02	4.674534e-02	1.976468e-04	4.654769e-02
1.066441445558041e-02	1.000000e+00	1.976263e+00	-4.694296e-02	-4.674533e-02	1.976263e-04	-4.694296e-02
1.071324258058041e-02	1.000000e+00	1.976058e+00	4.654773e-02	4.674533e-02	1.976058e-04	4.654773e-02
1.076207070558041e-02	1.000000e+00	1.975852e+00	-4.694291e-02	-4.674533e-02	1.975853e-04	-4.694291e-02
1.081089883058041e-02	1.000000e+00	1.975647e+00	4.654776e-02	4.674532e-02	1.975647e-04	4.654776e-02
1.085972695558041e-02	1.000000e+00	1.975442e+00	-4.694286e-02	-4.674532e-02	1.975442e-04	-4.694286e-02
1.090855508058041e-02	1.000000e+00	1.975237e+00	4.654779e-02	4.674531e-02	1.975237e-04	4.654779e-02
1.095738320558041e-02	1.000000e+00	1.975031e+00	-4.694281e-02	-4.674531e-02	1.975031e-04	-4.694281e-02
1.100621133058041e-02	1.000000e+00	1.974826e+00	4.654782e-02	4.674530e-02	1.974826e-04	4.654782e-02
1.105503945558041e-02	1.000000e+00	1.974621e+00	-4.694276e-02	-4.674530e-02	1.974621e-04	-4.694276e-02
1.110386758058041e-02	1.000000e+00	1.974416e+00	4.654785e-02	4.674530e-02	1.974416e-04	4.654785e-02
1.115269570558041e-02	1.000000e+00	1.974211e+00	-4.694271e-02	-4.674529e-02	1.974211e-04	-4.694271e-02
1.120152383058041e-02	1.000000e+00	1.974006e+00	4.654789e-02	4.674529e-02	1.974006e-04	4.654789e-02
1.125035195558042e-02	1.000000e+00	1.973801e+00	-4.694266e-02	-4.674528e-02	1.973801e-04	-4.694266e-02
1.129918008058042e-02	1.000000e+00	1.973596e+00	4.654792e-02	4.674528e-02	1.973596e-04	4.654792e-02
1.134800820558042e-02	1.000000e+00	1.973391e+00	-4.694261e-02	-4.674527e-02	1.973391e-04	-4.694261e-02
1.139683633058042e-02	1.000000e+00	1.973186e+00	4.654795e-02	4.674527e-02	1.973186e-04	4.654795e-02
1.144566445558042e-02	1.000000e+00	1.972981e+00	-4.694256e-02	-4.674526e-02	1.972981e-04	-4.694256e-02
1.149449258058042e-02	1.000000e+00	1.972776e+00	4.654798e-02	4.674526e-02	1.972776e-04	4.654798e-02
1.154332070558042e-02	1.000000e+00	1.972571e+00	-4.694251e-02	-4.674526e-02	1.972571e-04	-4.694251e-02
1.159214883058042e-02	1.000000e+00	1.972366e+00	4.654801e-02	4.674525e-02	1.972366e-04	4.654801e-02
1.164097695558042e-02	1.000000e+00	1.972161e+00	-4.694246e-02	-4.674524e-02	1.972161e-04	-4.694246e-02
1.168980508058042e-02	1.000000e+00	1.971956e+00	4.654805e-02	4.674524e-02	1.971956e-04	4.654805e-02
1.173863320558042e-02	1.000000e+00	1.971751e+00	-4.694241e-02	-4.674524e-02	1.971751e-04	-4.694241e-02
1.178746133058042e-02	1.000000e+00	1.971546e+00	4.654808e-02	4.674523e-02	1.971546e-04	4.654808e-02
1.183628945558042e-02	1.000000e+00	1.971342e+00	-4.694236e-02	-4.674523e-02	1.971342e-04	-4.694236e-02
1.188511758058042e-02	1.000000e+00	1.971137e+00	4.654811e-02	4.674522e-02	1.971137e-04	4.654811e-02
1.193394570558043e-02	1.000000e+00	1.970932e+00	-4.694231e-02	-4.674522e-02	1.970932e-04	-4.694231e-02
1.198277383058043e-02	1.000000e+00	1.970727e+00	4.654814e-02	4.674521e-02	1.970727e-04	4.654814e-02
1.203160195558043e-02	1.000000e+00	1.970523e+00	-4.694226e-02	-4.674521e-02	1.970523e-04	-4.694226e-02
1.208043008058043e-02	1.000000e+00	1.970318e+00	4.654817e-02	4.674521e-02	1.970318e-04	4.654817e-02
1.212925820558043e-02	1.000000e+00	1.970113e+00	-4.694221e-02	-4.674520e-02	1.970113e-04	-4.694221e-02
1.217808633058043e-02	1.000000e+00	1.969909e+00	4.654821e-02	4.674520e-02	1.969908e-04	4.654821e-02
1.222691445558043e-02	1.000000e+00	1.969704e+00	-4.694216e-02	-4.674519e-02	1.969704e-04	-4.694216e-02
1.227574258058043e-02	1.000000e+00	1.969499e+00	4.654824e-02	4.674519e-02	1.969499e-04	4.654824e-02
1.232457070558043e-02	1.000000e+00	1.969295e+00	-4.694211e-02	-4.674518e-02	1.969295e-04	-4.694211e-02
1.237339883058043e-02	1.000000e+00	1.969090e+00	4.654827e-02	4.674518e-02	1.969090e-04	4.654827e-02
1.242222695558043e-02	1.000000e+00	1.968886e+00	-4.694206e-02	-4.674517e-02	1.968885e-04	-4.694206e-02
1.247105508058043e-02	1.000000e+00	1.968681e+00	4.654830e-02	4.674517e-02	1.968681e-04	4.654830e-02
1.251988320558043e-02	1.000000e+00	1.968477e+00	-4.694201e-02	-4.674517e-02	1.968477e-04	-4.694201e-02
1.256871133058043e-02	1.000000e+00	1.968272e+00	4.654833e-02	4.674516e-02	1.968272e-04	4.654833e-02
1.261753945558044e-02	1.000000e+00	1.968068e+00	-4.694196e-02	-4.674516e-02	1.968068e-04	-4.694196e-02
1.266636758058044e-02	1.000000e+00	1.967863e+00	4.654837e-02	4.674515e-02	1.967863e-04	4.654837e-02
1.271519570558044e-02	1.000000e+00	1.967659e+00	-4.694191e-02	-4.674515e-02	1.967659e-04	-4.694191e-02
1.276402383058044e-02	1.000000e+00	1.967454e+00	4.654840e-02	4.674514e-02	1.967454e-04	4.654840e-02
1.281285195558044e-02	1.000000e+00	1.967250e+00	-4.694187e-02	-4.674514e-02	1.967250e-04	-4.694187e-02
1.286168008058044e-02	1.000000e+00	1.967046e+00	4.654843e-02	4.674514e-02	1.967046e-04	4.654843e-02
1.291050820558044e-02	1.000000e+00	1.966841e+00	-4.694181e-02	-4.674513e-02	1.966841e-04	-4.694181e-02
1.295933633058044e-02	1.000000e+00	1.966637e+00	4.654846e-02	4.674513e-02	1.966637e-04	4.654846e-02
1.300816445558044e-02	1.000000e+00	1.966433e+00	-4.694176e-02	-4.674512e-02	1.966432e-04	-4.694176e-02
1.305699258058044e-02	1.000000e+00	1.966228e+00	4.654849e-02	4.674512e-02	1.966228e-04	4.654849e-02
1.310582070558044e-02	1.000000e+00	1.966024e+00	-4.694172e-02	-4.674511e-02	1.966024e-04	-4.694172e-02
1.315464883058044e-02	1.000000e+00	1.965820e+00	4.654853e-02	4.674511e-02	1.965820e-04	4.654853e-02
1.320347695558044e-02	1.000000e+00	1.965616e+00	-4.694166e-02	-4.674510e-02	1.965616e-04	-4.694166e-02
1.325230508058044e-02	1.000000e+00	1.965411e+00	4.654856e-02	4.674510e-02	1.965411e-04	4.654856e-02
1.330113320558044e-02	1.000000e+00	1.965207e+00	-4.694162e-02	-4.674510e-02	1.965207e-04	-4.694162e-02
1.334996133058045e-02	1.000000e+00	1.965003e+00	4.654859e-02	4.674509e-02	1.965003e-04	4.654859e-02
1.339878945558045e-02	1.000000e+00	1.964799e+00	-4.694157e-02	-4.674508e-02	1.964799e-04	-4.694157e-02
1.344761758058045e-02	1.000000e+00	1.964595e+00	4.654862e-02	4.674508e-02	1.964595e-04	4.654862e-02
1.349644570558045e-02	1.000000e+00	1.964391e+00	-4.694152e-02	-4.674508e-02	1.964391e-04	-4.694152e-02
1.354527383058045e-02	1.000000e+00	1.964187e+00	4.654865e-02	4.674507e-02	1.964187e-04	4.654865e-02
1.359410195558045e-02	1.000000e+00	1.963983e+00	-4.694147e-02	-4.674507e-02	1.963983e-04	-4.694147e-02
1.364293008058045e-02	1.000000e+00	1.963778e+00	4.654869e-02	4.674506e-02	1.963778e-04	4.654869e-02
1.369175820558045e-02	1.000000e+00	1.963575e+00	-4.694141e-02	-4.674506e-02	1.963574e-04	-4.694141e-02
1.374058633058045e-02	1.000000e+00	1.963371e+00	4.654872e-02	4.674505e-02	1.963371e-04	4.654872e-02
1.378941445558045e-02	1.000000e+00	1.963167e+00	-4.694137e-02	-4.674505e-02	1.963167e-04	-4.694137e-02
1.383824258058045e-02	1.000000e+00	1.962963e+00	4.654875e-02	4.674505e-02	1.962963e-04	4.654875e-02
1.388707070558045e-02	1.000000e+00	1.962759e+00	-4.694132e-02	-4.674504e-02	1.962759e-04	-4.694132e-02
1.393589883058045e-02	1.000000e+00	1.962555e+00	4.654878e-02	4.674504e-02	1.962555e-04	4.654878e-02
1.398472695558045e-02	1.000000e+00	1.962351e+00	-4.694127e-02	-4.674503e-02	1.962351e-04	-4.694127e-02
1.403355508058046e-02	1.000000e+00	1.962147e+00	4.654881e-02	4.674503e-02	1.962147e-04	4.654881e-02
1.408238320558046e-02	1.000000e+00	1.961943e+00	-4.694122e-02	-4.674502e-02	1.961943e-04	-4.694122e-02
1.413121133058046e-02	1.000000e+00	1.961739e+00	4.654884e-02	4.674502e-02	1.961739e-04	4.654884e-02
1.418003945558046e-02	1.000000e+00	1.961536e+00	-4.694117e-02	-4.674501e-02	1.961536e-04	-4.694117e-02
1.422886758058046e-02	1.000000e+00	1.961332e+00	4.654888e-02	4.674501e-02	1.961332e-04	4.654888e-02
1.427769570558046e-02	1.000000e+00	1.961128e+00	-4.694112e-02	-4.674501e-02	1.961128e-04	-4.694112e-02
1.432652383058046e-02	1.000000e+00	1.960924e+00	4.654891e-02	4.674500e-02	1.960924e-04	4.654891e-02
1.437535195558046e-02	1.000000e+00	1.960721e+00	-4.694107e-02	-4.674499e-02	1.960721e-04	-4.694107e-02
1.442418008058046e-02	1.000000e+00	1.960517e+00	4.654894e-02	4.674499e-02	1.960517e-04	4.654894e-02
1.447300820558046e-02	1.000000e+00	1.960313e+00	-4.694102e-02	-4.674499e-02	1.960313e-04	-4.694102e-02
1.452183633058046e-02	1.000000e+00	1.960110e+00	4.654897e-02	4.674498e-02	1.960110e-04	4.654897e-02
1.457066445558046e-02	1.000000e+00	1.959906e+00	-4.694097e-02	-4.674498e-02	1.959906e-04	-4.694097e-02
1.461949258058046e-02	1.000000e+00	1.959702e+00	4.654900e-02	4.674497e-02	1.959702e-04	4.654900e-02
1.466832070558046e-02	1.000000e+00	1.959499e+00	-4.694092e-02	-4.674497e-02	1.959499e-04	-4.694092e-02
1.471714883058046e-02	1.000000e+00	1.959295e+00	4.654904e-02	4.674497e-02	1.959295e-04	4.654904e-02
1.476597695558047e-02	1.000000e+00	1.959092e+00	-4.694087e-02	-4.674496e-02	1.959092e-04	-4.694087e-02
1.481480508058047e-02	1.000000e+00	1.958888e+00	4.654907e-02	4.674496e-02	1.958888e-04	4.654907e-02
1.486363320558047e-02	1.000000e+00	1.958685e+00	-4.694082e-02	-4.674495e-02	1.958685e-04	-4.694082e-02
1.491246133058047e-02	1.000000e+00	1.958481e+00	4.654910e-02	4.674495e-02	1.958481e-04	4.654910e-02
1.496128945558047e-02	1.000000e+00	1.958278e+00	-4.694077e-02	-4.674494e-02	1.958278e-04	-4.694077e-02
1.500000100000000e-02	1.000000e+00	1.958117e+00	4.654913e-02	4.674494e-02	1.958116e-04	4.654913e-02
1.500000200000000e-02	-1.000000e+00	-4.188211e-02	8.311645e-02	8.311225e-02	-4.188211e-06	8.311645e-02
1.500001799999999e-02	-1.000000e+00	-4.188211e-02	-8.307283e-02	-8.308310e-02	-4.188210e-06	-8.307283e-02
1.500002139546859e-02	-1.000000e+00	-4.188211e-02	8.291531e-02	8.291081e-02	-4.188211e-06	8.291531e-02
1.500002466114682e-02	-1.000000e+00	-4.188211e-02	-8.273480e-02	-8.273982e-02	-4.188210e-06	-8.273480e-02
1.500003119250328e-02	-1.000000e+00	-4.188211e-02	8.265725e-02	8.265205e-02	-4.188211e-06	8.265725e-02
1.500004425521620e-02	-1.000000e+00	-4.188210e-02	-8.260594e-02	-8.261060e-02	-4.188210e-06	-8.260594e-02
1.500007038064205e-02	-1.000000e+00	-4.188211e-02	8.259285e-02	8.258841e-02	-4.188211e-06	8.259285e-02
1.500012263149373e-02	-1.000000e+00	-4.188210e-02	-8.257375e-02	-8.257806e-02	-4.188209e-06	-8.257375e-02
1.500022713319710e-02	-1.000000e+00	-4.188209e-02	8.257677e-02	8.257251e-02	-4.188209e-06	8.257677e-02
1.500043613660383e-02	-1.000000e+00	-4.188207e-02	-8.256571e-02	-8.256993e-02	-4.188207e-06	-8.256571e-02
1.500085414341730e-02	-1.000000e+00	-4.188204e-02	8.257274e-02	8.256854e-02	-4.188204e-06	8.257274e-02
1.500169015704424e-02	-1.000000e+00	-4.188196e-02	-8.256370e-02	-8.256789e-02	-4.188196e-06	-8.256370e-02
1.500336218429812e-02	-1.000000e+00	-4.188181e-02	8.257174e-02	8.256754e-02	-4.188181e-06	8.257174e-02
1.500670623880587e-02	-1.000000e+00	-4.188151e-02	-8.256319e-02	-8.256739e-02	-4.188151e-06	-8.256319e-02
1.501339434782139e-02	-1.000000e+00	-4.188092e-02	8.257148e-02	8.256730e-02	-4.188092e-06	8.257148e-02
1.502677056585241e-02	-1.000000e+00	-4.187972e-02	-8.256306e-02	-8.256726e-02	-4.187973e-06	-8.256306e-02
1.505352300191446e-02	-1.000000e+00	-4.187734e-02	8.257142e-02	8.256724e-02	-4.187735e-06	8.257142e-02
1.510235112691447e-02	-1.000000e+00	-4.187299e-02	-8.256304e-02	-8.256722e-02	-4.187299e-06	-8.256304e-02
1.515117925191447e-02	-1.000000e+00	-4.186865e-02	8.257140e-02	8.256721e-02	-4.186864e-06	8.257140e-02
1.520000737691447e-02	-1.000000e+00	-4.186429e-02	-8.256301e-02	-8.256720e-02	-4.186429e-06	-8.256301e-02
1.524883550191447e-02	-1.000000e+00	-4.185995e-02	8.257137e-02	8.256719e-02	-4.185995e-06	8.257137e-02
1.529766362691447e-02	-1.000000e+00	-4.185559e-02	-8.256299e-02	-8.256718e-02	-4.185559e-06	-8.256299e-02
1.534649175191447e-02	-1.000000e+00	-4.185125e-02	8.257135e-02	8.256717e-02	-4.185125e-06	8.257135e-02
1.539531987691447e-02	-1.000000e+00	-4.184690e-02	-8.256297e-02	-8.256716e-02	-4.184690e-06	-8.256297e-02
1.544414800191447e-02	-1.000000e+00	-4.184255e-02	8.257133e-02	8.256714e-02	-4.184255e-06	8.257133e-02
1.549297612691447e-02	-1.000000e+00	-4.183820e-02	-8.256295e-02	-8.256713e-02	-4.183820e-06	-8.256295e-02
1.554180425191447e-02	-1.000000e+00	-4.183386e-02	8.257131e-02	8.256712e-02	-4.183386e-06	8.257131e-02
1.559063237691447e-02	-1.000000e+00	-4.182951e-02	-8.256292e-02	-8.256711e-02	-4.182951e-06	-8.256292e-02
1.563946050191447e-02	-1.000000e+00	-4.182517e-02	8.257128e-02	8.256710e-02	-4.182517e-06	8.257128e-02
1.568828862691447e-02	-1.000000e+00	-4.182082e-02	-8.256290e-02	-8.256709e-02	-4.182082e-06	-8.256290e-02
1.573711675191447e-02	-1.000000e+00	-4.181648e-02	8.257125e-02	8.256707e-02	-4.181648e-06	8.257125e-02
1.578594487691447e-02	-1.000000e+00	-4.181213e-02	-8.256288e-02	-8.256707e-02	-4.181213e-06	-8.256288e-02
1.583477300191448e-02	-1.000000e+00	-4.180779e-02	8.257123e-02	8.256705e-02	-4.180779e-06	8.257123e-02
1.588360112691448e-02	-1.000000e+00	-4.180344e-02	-8.256286e-02	-8.256704e-02	-4.180344e-06	-8.256286e-02
1.593242925191448e-02	-1.000000e+00	-4.179911e-02	8.257121e-02	8.256703e-02	-4.179911e-06	8.257121e-02
1.598125737691448e-02	-1.000000e+00	-4.179476e-02	-8.256283e-02	-8.256701e-02	-4.179476e-06	-8.256283e-02
1.603008550191448e-02	-1.000000e+00	-4.179042e-02	8.257119e-02	8.256701e-02	-4.179042e-06	8.257119e-02
1.607891362691448e-02	-1.000000e+00	-4.178607e-02	-8.256282e-02	-8.256699e-02	-4.178607e-06	-8.256282e-02
1.612774175191448e-02	-1.000000e+00	-4.178174e-02	8.257116e-02	8.256698e-02	-4.178174e-06	8.257116e-02
1.617656987691448e-02	-1.000000e+00	-4.177739e-02	-8.256280e-02	-8.256697e-02	-4.177739e-06	-8.256280e-02
1.622539800191448e-02	-1.000000e+00	-4.177306e-02	8.257113e-02	8.256696e-02	-4.177306e-06	8.257113e-02
1.627422612691448e-02	-1.000000e+00	-4.176871e-02	-8.256277e-02	-8.256695e-02	-4.176871e-06	-8.256277e-02
1.632305425191448e-02	-1.000000e+00	-4.176438e-02	8.257111e-02	8.256694e-02	-4.176438e-06	8.257111e-02
1.637188237691448e-02	-1.000000e+00	-4.176003e-02	-8.256275e-02	-8.256692e-02	-4.176004e-06	-8.256275e-02
1.642071050191448e-02	-1.000000e+00	-4.175570e-02	8.257109e-02	8.256692e-02	-4.175570e-06	8.257109e-02
1.646953862691448e-02	-1.000000e+00	-4.175136e-02	-8.256273e-02	-8.256690e-02	-4.175136e-06	-8.256273e-02
1.651836675191449e-02	-1.000000e+00	-4.174703e-02	8.257107e-02	8.256689e-02	-4.174703e-06	8.257107e-02
1.656719487691449e-02	-1.000000e+00	-4.174269e-02	-8.256271e-02	-8.256688e-02	-4.174268e-06	-8.256271e-02
1.661602300191449e-02	-1.000000e+00	-4.173835e-02	8.257104e-02	8.256686e-02	-4.173835e-06	8.257104e-02
1.666485112691449e-02	-1.000000e+00	-4.173401e-02	-8.256269e-02	-8.256686e-02	-4.173401e-06	-8.256269e-02
1.671367925191449e-02	-1.000000e+00	-4.172968e-02	8.257101e-02	8.256684e-02	-4.172968e-06	8.257101e-02
1.676250737691449e-02	-1.000000e+00	-4.172534e-02	-8.256266e-02	-8.256683e-02	-4.172534e-06	-8.256266e-02
1.681133550191449e-02	-1.000000e+00	-4.172101e-02	8.257099e-02	8.256682e-02	-4.172101e-06	8.257099e-02
1.686016362691449e-02	-1.000000e+00	-4.171667e-02	-8.256264e-02	-8.256681e-02	-4.171667e-06	-8.256264e-02
1.690899175191449e-02	-1.000000e+00	-4.171234e-02	8.257097e-02	8.256680e-02	-4.171235e-06	8.257097e-02
1.695781987691449e-02	-1.000000e+00	-4.170800e-02	-8.256262e-02	-8.256679e-02	-4.170800e-06	-8.256262e-02
1.700664800191449e-02	-1.000000e+00	-4.170368e-02	8.257095e-02	8.256678e-02	-4.170368e-06	8.257095e-02
1.705547612691449e-02	-1.000000e+00	-4.169934e-02	-8.256260e-02	-8.256677e-02	-4.169934e-06	-8.256260e-02
1.710430425191449e-02	-1.000000e+00	-4.169501e-02	8.257093e-02	8.256675e-02	-4.169502e-06	8.257093e-02
1.715313237691449e-02	-1.000000e+00	-4.169068e-02	-8.256257e-02	-8.256675e-02	-4.169068e-06	-8.256257e-02
1.720196050191449e-02	-1.000000e+00	-4.168635e-02	8.257090e-02	8.256673e-02	-4.168635e-06	8.257090e-02
1.725078862691450e-02	-1.000000e+00	-4.168202e-02	-8.256255e-02	-8.256672e-02	-4.168201e-06	-8.256255e-02
1.729961675191450e-02	-1.000000e+00	-4.167769e-02	8.257087e-02	8.256671e-02	-4.167769e-06	8.257087e-02
1.734844487691450e-02	-1.000000e+00	-4.167335e-02	-8.256253e-02	-8.256669e-02	-4.167336e-06	-8.256253e-02
1.739727300191450e-02	-1.000000e+00	-4.166903e-02	8.257085e-02	8.256669e-02	-4.166903e-06	8.257085e-02
1.744610112691450e-02	-1.000000e+00	-4.166470e-02	-8.256251e-02	-8.256667e-02	-4.166470e-06	-8.256251e-02
1.749492925191450e-02	-1.000000e+00	-4.166038e-02	8.257083e-02	8.256666e-02	-4.166037e-06	8.257083e-02
1.754375737691450e-02	-1.000000e+00	-4.165604e-02	-8.256248e-02	-8.256665e-02	-4.165604e-06	-8.256248e-02
1.759258550191450e-02	-1.000000e+00	-4.165172e-02	8.257081e-02	8.256664e-02	-4.165172e-06	8.257081e-02
1.764141362691450e-02	-1.000000e+00	-4.164739e-02	-8.256246e-02	-8.256663e-02	-4.164739e-06	-8.256246e-02
1.769024175191450e-02	-1.000000e+00	-4.164306e-02	8.257078e-02	8.256662e-02	-4.164307e-06	8.257078e-02
1.773906987691450e-02	-1.000000e+00	-4.163873e-02	-8.256244e-02	-8.256660e-02	-4.163873e-06	-8.256244e-02
1.778789800191450e-02	-1.000000e+00	-4.163441e-02	8.257075e-02	8.256660e-02	-4.163441e-06	8.257075e-02
1.783672612691450e-02	-1.000000e+00	-4.163008e-02	-8.256242e-02	-8.256658e-02	-4.163008e-06	-8.256242e-02
1.788555425191450e-02	-1.000000e+00	-4.162576e-02	8.257073e-02	8.256657e-02	-4.162576e-06	8.257073e-02
1.793438237691451e-02	-1.000000e+00	-4.162143e-02	-8.256239e-02	-8.256656e-02	-4.162143e-06	-8.256239e-02
1.798321050191451e-02	-1.000000e+00	-4.161711e-02	8.257071e-02	8.256654e-02	-4.161711e-06	8.257071e-02
1.803203862691451e-02	-1.000000e+00	-4.161279e-02	-8.256237e-02	-8.256654e-02	-4.161278e-06	-8.256237e-02
1.808086675191451e-02	-1.000000e+00	-4.160847e-02	8.257069e-02	8.256652e-02	-4.160847e-06	8.257069e-02
1.812969487691451e-02	-1.000000e+00	-4.160414e-02	-8.256235e-02	-8.256651e-02	-4.160414e-06	-8.256235e-02
1.817852300191451e-02	-1.000000e+00	-4.159983e-02	8.257066e-02	8.256650e-02	-4.159982e-06	8.257066e-02
1.822735112691451e-02	-1.000000e+00	-4.159550e-02	-8.256233e-02	-8.256649e-02	-4.159549e-06	-8.256233e-02
1.827617925191451e-02	-1.000000e+00	-4.159118e-02	8.257063e-02	8.256648e-02	-4.159118e-06	8.257063e-02
1.832500737691451e-02	-1.000000e+00	-4.158685e-02	-8.256231e-02	-8.256647e-02	-4.158685e-06	-8.256231e-02
1.837383550191451e-02	-1.000000e+00	-4.158254e-02	8.257061e-02	8.256646e-02	-4.158254e-06	8.257061e-02
1.842266362691451e-02	-1.000000e+00	-4.157821e-02	-8.256228e-02	-8.256644e-02	-4.157821e-06	-8.256228e-02
1.847149175191451e-02	-1.000000e+00	-4.157390e-02	8.257059e-02	8.256643e-02	-4.157390e-06	8.257059e-02
1.852031987691451e-02	-1.000000e+00	-4.156958e-02	-8.256226e-02	-8.256642e-02	-4.156957e-06	-8.256226e-02
1.856914800191451e-02	-1.000000e+00	-4.156527e-02	8.257057e-02	8.256641e-02	-4.156526e-06	8.257057e-02
1.861797612691451e-02	-1.000000e+00	-4.156094e-02	-8.256224e-02	-8.256640e-02	-4.156094e-06	-8.256224e-02
1.866680425191452e-02	-1.000000e+00	-4.155663e-02	8.257055e-02	8.256639e-02	-4.155663e-06	8.257055e-02
1.871563237691452e-02	-1.000000e+00	-4.155231e-02	-8.256222e-02	-8.256637e-02	-4.155230e-06	-8.256222e-02
1.876446050191452e-02	-1.000000e+00	-4.154800e-02	8.257052e-02	8.256637e-02	-4.154800e-06	8.257052e-02
1.881328862691452e-02	-1.000000e+00	-4.154367e-02	-8.256220e-02	-8.256635e-02	-4.154367e-06	-8.256220e-02
1.886211675191452e-02	-1.000000e+00	-4.153936e-02	8.257049e-02	8.256634e-02	-4.153936e-06	8.257049e-02
1.891094487691452e-02	-1.000000e+00	-4.153504e-02	-8.256218e-02	-8.256633e-02	-4.153504e-06	-8.256218e-02
1.895977300191452e-02	-1.000000e+00	-4.153073e-02	8.257047e-02	8.256632e-02	-4.153073e-06	8.257047e-02
1.900860112691452e-02	-1.000000e+00	-4.152641e-02	-8.256216e-02	-8.256631e-02	-4.152641e-06	-8.256216e-02
1.905742925191452e-02	-1.000000e+00	-4.152210e-02	8.257045e-02	8.256629e-02	-4.152210e-06	8.257045e-02
1.910625737691452e-02	-1.000000e+00	-4.151778e-02	-8.256213e-02	-8.256628e-02	-4.151778e-06	-8.256213e-02
1.915508550191452e-02	-1.000000e+00	-4.151348e-02	8.257043e-02	8.256627e-02	-4.151348e-06	8.257043e-02
1.920391362691452e-02	-1.000000e+00	-4.150916e-02	-8.256211e-02	-8.256626e-02	-4.150916e-06	-8.256211e-02
1.925274175191452e-02	-1.000000e+00	-4.150485e-02	8.257040e-02	8.256625e-02	-4.150485e-06	8.257040e-02
1.930156987691452e-02	-1.000000e+00	-4.150053e-02	-8.256209e-02	-8.256624e-02	-4.150053e-06	-8.256209e-02
1.935039800191453e-02	-1.000000e+00	-4.149623e-02	8.257037e-02	8.256622e-02	-4.149623e-06	8.257037e-02
1.939922612691453e-02	-1.000000e+00	-4.149191e-02	-8.256207e-02	-8.256622e-02	-4.149191e-06	-8.256207e-02
1.944805425191453e-02	-1.000000e+00	-4.148761e-02	8.257035e-02	8.256620e-02	-4.148761e-06	8.257035e-02
1.949688237691453e-02	-1.000000e+00	-4.148329e-02	-8.256204e-02	-8.256619e-02	-4.148329e-06	-8.256204e-02
1.954571050191453e-02	-1.000000e+00	-4.147899e-02	8.257033e-02	8.256618e-02	-4.147899e-06	8.257033e-02
1.959453862691453e-02	-1.000000e+00	-4.147467e-02	-8.256202e-02	-8.256616e-02	-4.147467e-06	-8.256202e-02
1.964336675191453e-02	-1.000000e+00	-4.147037e-02	8.257031e-02	8.256616e-02	-4.147037e-06	8.257031e-02
1.969219487691453e-02	-1.000000e+00	-4.146606e-02	-8.256200e-02	-8.256614e-02	-4.146606e-06	-8.256200e-02
1.974102300191453e-02	-1.000000e+00	-4.146175e-02	8.257028e-02	8.256613e-02	-4.146175e-06	8.257028e-02
1.978985112691453e-02	-1.000000e+00	-4.145744e-02	-8.256198e-02	-8.256612e-02	-4.145744e-06	-8.256198e-02
1.983867925191453e-02	-1.000000e+00	-4.145314e-02	8.257025e-02	8.256611e-02	-4.145314e-06	8.257025e-02
1.988750737691453e-02	-1.000000e+00	-4.144883e-02	-8.256195e-02	-8.256610e-02	-4.144883e-06	-8.256195e-02
1.993633550191453e-02	-1.000000e+00	-4.144453e-02	8.257023e-02	8.256609e-02	-4.144453e-06	8.257023e-02
1.998516362691453e-02	-1.000000e+00	-4.144021e-02	-8.256193e-02	-8.256608e-02	-4.144022e-06	-8.256193e-02
2.000000000000000e-02	-1.000000e+00	-4.143891e-02	8.257018e-02	8.256604e-02	-4.143892e-06	8.257018e-02
2.000000100000000e-02	1.000000e+00	1.958560e+00	-2.120072e-01	-2.118113e-01	1.958560e-04	-2.120072e-01
2.000001699999999e-02	1.000000e+00	1.958560e+00	2.115538e-01	2.117497e-01	1.958560e-04	2.115538e-01
2.000002279666732e-02	1.000000e+00	1.958560e+00	-2.117754e-01	-2.115798e-01	1.958560e-04	-2.117754e-01
2.000002832243360e-02	1.000000e+00	1.958560e+00	2.112053e-01	2.114005e-01	1.958560e-04	2.112053e-01
2.000003937396617e-02	1.000000e+00	1.958560e+00	-2.115079e-01	-2.113129e-01	1.958560e-04	-2.115079e-01
2.000006147703132e-02	1.000000e+00	1.958559e+00	2.110717e-01	2.112671e-01	1.958559e-04	2.110717e-01
2.000010568316160e-02	1.000000e+00	1.958559e+00	-2.114411e-01	-2.112455e-01	1.958559e-04	-2.114411e-01
2.000019409542216e-02	1.000000e+00	1.958559e+00	2.110383e-01	2.112340e-01	1.958559e-04	2.110383e-01
2.000037091994328e-02	1.000000e+00	1.958558e+00	-2.114244e-01	-2.112286e-01	1.958558e-04	-2.114244e-01
2.000072456898553e-02	1.000000e+00	1.958557e+00	2.110299e-01	2.112258e-01	1.958557e-04	2.110299e-01
2.000143186707002e-02	1.000000e+00	1.958554e+00	-2.114203e-01	-2.112244e-01	1.958554e-04	-2.114203e-01
2.000284646323900e-02	1.000000e+00	1.958548e+00	2.110278e-01	2.112237e-01	1.958548e-04	2.110278e-01
2.000567565557696e-02	1.000000e+00	1.958536e+00	-2.114192e-01	-2.112234e-01	1.958536e-04	-2.114192e-01
2.001133404025289e-02	1.000000e+00	1.958512e+00	2.110273e-01	2.112232e-01	1.958512e-04	2.110273e-01
2.002265080960475e-02	1.000000e+00	1.958465e+00	-2.114189e-01	-2.112231e-01	1.958465e-04	-2.114189e-01
2.004528434830846e-02	1.000000e+00	1.958371e+00	2.110272e-01	2.112231e-01	1.958371e-04	2.110272e-01
2.009055142571589e-02	1.000000e+00	1.958182e+00	-2.114189e-01	-2.112230e-01	1.958182e-04	-2.114189e-01
2.013937955071589e-02	1.000000e+00	1.957979e+00	2.110272e-01	2.112230e-01	1.957979e-04	2.110272e-01
2.018820767571589e-02	1.000000e+00	1.957776e+00	-2.114188e-01	-2.112230e-01	1.957776e-04	-2.114188e-01
2.023703580071589e-02	1.000000e+00	1.957572e+00	2.110272e-01	2.112230e-01	1.957572e-04	2.110272e-01
2.028586392571589e-02	1.000000e+00	1.957369e+00	-2.114187e-01	-2.112229e-01	1.957369e-04	-2.114187e-01
2.033469205071589e-02	1.000000e+00	1.957165e+00	2.110272e-01	2.112229e-01	1.957166e-04	2.110272e-01
2.038352017571589e-02	1.000000e+00	1.956962e+00	-2.114186e-01	-2.112229e-01	1.956962e-04	-2.114186e-01
2.043234830071589e-02	1.000000e+00	1.956759e+00	2.110272e-01	2.112229e-01	1.956759e-04	2.110272e-01
2.048117642571589e-02	1.000000e+00	1.956556e+00	-2.114185e-01	-2.112229e-01	1.956556e-04	-2.114185e-01
2.053000455071589e-02	1.000000e+00	1.956352e+00	2.110272e-01	2.112229e-01	1.956352e-04	2.110272e-01
2.057883267571589e-02	1.000000e+00	1.956149e+00	-2.114184e-01	-2.112228e-01	1.956149e-04	-2.114184e-01
2.062766080071590e-02	1.000000e+00	1.955946e+00	2.110272e-01	2.112228e-01	1.955946e-04	2.110272e-01
2.067648892571590e-02	1.000000e+00	1.955743e+00	-2.114184e-01	-2.112228e-01	1.955743e-04	-2.114184e-01
2.072531705071590e-02	1.000000e+00	1.955540e+00	2.110272e-01	2.112228e-01	1.955539e-04	2.110272e-01
2.077414517571590e-02	1.000000e+00	1.955336e+00	-2.114183e-01	-2.112228e-01	1.955336e-04	-2.114183e-01
2.082297330071590e-02	1.000000e+00	1.955133e+00	2.110272e-01	2.112227e-01	1.955133e-04	2.110272e-01
2.087180142571590e-02	1.000000e+00	1.954930e+00	-2.114182e-01	-2.112227e-01	1.954930e-04	-2.114182e-01
2.092062955071590e-02	1.000000e+00	1.954727e+00	2.110272e-01	2.112227e-01	1.954727e-04	2.110272e-01
2.096945767571590e-02	1.000000e+00	1.954524e+00	-2.114181e-01	-2.112227e-01	1.954524e-04	-2.114181e-01
2.101828580071590e-02	1.000000e+00	1.954321e+00	2.110272e-01	2.112226e-01	1.954321e-04	2.110272e-01
2.106711392571590e-02	1.000000e+00	1.954118e+00	-2.114180e-01	-2.112226e-01	1.954118e-04	-2.114180e-01
2.111594205071590e-02	1.000000e+00	1.953915e+00	2.110272e-01	2.112226e-01	1.953915e-04	2.110272e-01
2.116477017571590e-02	1.000000e+00	1.953712e+00	-2.114180e-01	-2.112226e-01	1.953712e-04	-2.114180e-01
2.121359830071590e-02	1.000000e+00	1.953509e+00	2.110272e-01	2.112226e-01	1.953509e-04	2.110272e-01
2.126242642571590e-02	1.000000e+00	1.953306e+00	-2.114179e-01	-2.112225e-01	1.953306e-04	-2.114179e-01
2.131125455071591e-02	1.000000e+00	1.953103e+00	2.110272e-01	2.112225e-01	1.953103e-04	2.110272e-01
2.136008267571591e-02	1.000000e+00	1.952900e+00	-2.114178e-01	-2.112225e-01	1.952900e-04	-2.114178e-01
2.140891080071591e-02	1.000000e+00	1.952697e+00	2.110272e-01	2.112225e-01	1.952697e-04	2.110272e-01
2.145773892571591e-02	1.000000e+00	1.952495e+00	-2.114177e-01	-2.112225e-01	1.952494e-04	-2.114177e-01
2.150656705071591e-02	1.000000e+00	1.952292e+00	2.110272e-01	2.112225e-01	1.952292e-04	2.110272e-01
2.155539517571591e-02	1.000000e+00	1.952089e+00	-2.114176e-01	-2.112224e-01	1.952089e-04	-2.114176e-01
2.160422330071591e-02	1.000000e+00	1.951886e+00	2.110272e-01	2.112224e-01	1.951886e-04	2.110272e-01
2.165305142571591e-02	1.000000e+00	1.951683e+00	-2.114176e-01	-2.112224e-01	1.951683e-04	-2.114176e-01
2.170187955071591e-02	1.000000e+00	1.951481e+00	2.110272e-01	2.112224e-01	1.951481e-04	2.110272e-01
2.175070767571591e-02	1.000000e+00	1.951278e+00	-2.114175e-01	-2.112224e-01	1.951278e-04	-2.114175e-01
2.179953580071591e-02	1.000000e+00	1.951075e+00	2.110272e-01	2.112223e-01	1.951075e-04	2.110272e-01
2.184836392571591e-02	1.000000e+00	1.950872e+00	-2.114174e-01	-2.112223e-01	1.950872e-04	-2.114174e-01
2.189719205071591e-02	1.000000e+00	1.950670e+00	2.110272e-01	2.112223e-01	1.950670e-04	2.110272e-01
2.194602017571591e-02	1.000000e+00	1.950467e+00	-2.114173e-01	-2.112223e-01	1.950467e-04	-2.114173e-01
2.199484830071591e-02	1.000000e+00	1.950264e+00	2.110272e-01	2.112222e-01	1.950264e-04	2.110272e-01
2.204367642571592e-02	1.000000e+00	1.950062e+00	-2.114172e-01	-2.112222e-01	1.950062e-04	-2.114172e-01
2.209250455071592e-02	1.000000e+00	1.949859e+00	2.110272e-01	2.112222e-01	1.949859e-04	2.110272e-01
2.214133267571592e-02	1.000000e+00	1.949657e+00	-2.114172e-01	-2.112222e-01	1.949657e-04	-2.114172e-01
2.219016080071592e-02	1.000000e+00	1.949454e+00	2.110272e-01	2.112222e-01	1.949454e-04	2.110272e-01
2.223898892571592e-02	1.000000e+00	1.949252e+00	-2.114171e-01	-2.112221e-01	1.949252e-04	-2.114171e-01
2.228781705071592e-02	1.000000e+00	1.949049e+00	2.110272e-01	2.112221e-01	1.949049e-04	2.110272e-01
2.233664517571592e-02	1.000000e+00	1.948847e+00	-2.114170e-01	-2.112221e-01	1.948847e-04	-2.114170e-01
2.238547330071592e-02	1.000000e+00	1.948644e+00	2.110272e-01	2.112221e-01	1.948644e-04	2.110272e-01
2.243430142571592e-02	1.000000e+00	1.948442e+00	-2.114169e-01	-2.112221e-01	1.948442e-04	-2.114169e-01
2.248312955071592e-02	1.000000e+00	1.948239e+00	2.110272e-01	2.112221e-01	1.948239e-04	2.110272e-01
2.253195767571592e-02	1.000000e+00	1.948037e+00	-2.114168e-01	-2.112220e-01	1.948037e-04	-2.114168e-01
2.258078580071592e-02	1.000000e+00	1.947835e+00	2.110272e-01	2.112220e-01	1.947835e-04	2.110272e-01
2.262961392571592e-02	1.000000e+00	1.947632e+00	-2.114168e-01	-2.112220e-01	1.947632e-04	-2.114168e-01
2.267844205071592e-02	1.000000e+00	1.947430e+00	2.110272e-01	2.112220e-01	1.947430e-04	2.110272e-01
2.272727017571593e-02	1.000000e+00	1.947228e+00	-2.114167e-01	-2.112219e-01	1.947228e-04	-2.114167e-01
2.277609830071593e-02	1.000000e+00	1.947025e+00	2.110272e-01	2.112219e-01	1.947025e-04	2.110272e-01
2.282492642571593e-02	1.000000e+00	1.946823e+00	-2.114166e-01	-2.112219e-01	1.946823e-04	-2.114166e-01
2.287375455071593e-02	1.000000e+00	1.946621e+00	2.110272e-01	2.112219e-01	1.946621e-04	2.110272e-01
2.292258267571593e-02	1.000000e+00	1.946419e+00	-2.114165e-01	-2.112219e-01	1.946419e-04	-2.114165e-01
2.297141080071593e-02	1.000000e+00	1.946216e+00	2.110272e-01	2.112218e-01	1.946217e-04	2.110272e-01
2.302023892571593e-02	1.000000e+00	1.946014e+00	-2.114164e-01	-2.112218e-01	1.946014e-04	-2.114164e-01
2.306906705071593e-02	1.000000e+00	1.945812e+00	2.110272e-01	2.112218e-01	1.945812e-04	2.110272e-01
2.311789517571593e-02	1.000000e+00	1.945610e+00	-2.114163e-01	-2.112218e-01	1.945610e-04	-2.114163e-01
2.316672330071593e-02	1.000000e+00	1.945408e+00	2.110272e-01	2.112218e-01	1.945408e-04	2.110272e-01
2.321555142571593e-02	1.000000e+00	1.945206e+00	-2.114163e-01	-2.112217e-01	1.945206e-04	-2.114163e-01
2.326437955071593e-02	1.000000e+00	1.945004e+00	2.110272e-01	2.112217e-01	1.945004e-04	2.110272e-01
2.331320767571593e-02	1.000000e+00	1.944802e+00	-2.114162e-01	-2.112217e-01	1.944802e-04	-2.114162e-01
2.336203580071593e-02	1.000000e+00	1.944600e+00	2.110272e-01	2.112217e-01	1.944600e-04	2.110272e-01
2.341086392571593e-02	1.000000e+00	1.944398e+00	-2.114161e-01	-2.112217e-01	1.944398e-04	-2.114161e-01
2.345969205071594e-02	1.000000e+00	1.944196e+00	2.110272e-01	2.112216e-01	1.944196e-04	2.110272e-01
2.350852017571594e-02	1.000000e+00	1.943994e+00	-2.114160e-01	-2.112216e-01	1.943994e-04	-2.114160e-01
2.355734830071594e-02	1.000000e+00	1.943792e+00	2.110272e-01	2.112216e-01	1.943792e-04	2.110272e-01
2.360617642571594e-02	1.000000e+00	1.943590e+00	-2.114159e-01	-2.112216e-01	1.943590e-04	-2.114159e-01
2.365500455071594e-02	1.000000e+00	1.943388e+00	2.110272e-01	2.112216e-01	1.943388e-04	2.110272e-01
2.370383267571594e-02	1.000000e+00	1.943186e+00	-2.114159e-01	-2.112215e-01	1.943186e-04	-2.114159e-01
2.375266080071594e-02	1.000000e+00	1.942984e+00	2.110272e-01	2.112215e-01	1.942984e-04	2.110272e-01
2.380148892571594e-02	1.000000e+00	1.942782e+00	-2.114158e-01	-2.112215e-01	1.942782e-04	-2.114158e-01
2.385031705071594e-02	1.000000e+00	1.942580e+00	2.110272e-01	2.112215e-01	1.942580e-04	2.110272e-01
2.389914517571594e-02	1.000000e+00	1.942379e+00	-2.114157e-01	-2.112215e-01	1.942379e-04	-2.114157e-01
2.394797330071594e-02	1.000000e+00	1.942177e+00	2.110272e-01	2.112214e-01	1.942177e-04	2.110272e-01
2.399680142571594e-02	1.000000e+00	1.941975e+00	-2.114156e-01	-2.112214e-01	1.941975e-04	-2.114156e-01
2.404562955071594e-02	1.000000e+00	1.941773e+00	2.110272e-01	2.112214e-01	1.941773e-04	2.110272e-01
2.409445767571594e-02	1.000000e+00	1.941572e+00	-2.114155e-01	-2.112214e-01	1.941572e-04	-2.114155e-01
2.414328580071595e-02	1.000000e+00	1.941370e+00	2.110272e-01	2.112214e-01	1.941370e-04	2.110272e-01
2.419211392571595e-02	1.000000e+00	1.941168e+00	-2.114155e-01	-2.112213e-01	1.941168e-04	-2.114155e-01
2.424094205071595e-02	1.000000e+00	1.940967e+00	2.110272e-01	2.112213e-01	1.940967e-04	2.110272e-01
2.428977017571595e-02	1.000000e+00	1.940765e+00	-2.114154e-01	-2.112213e-01	1.940765e-04	-2.114154e-01
2.433859830071595e-02	1.000000e+00	1.940563e+00	2.110272e-01	2.112213e-01	1.940563e-04	2.110272e-01
2.438742642571595e-02	1.000000e+00	1.940362e+00	-2.114153e-01	-2.112213e-01	1.940362e-04	-2.114153e-01
2.443625455071595e-02	1.000000e+00	1.940160e+00	2.110272e-01	2.112212e-01	1.940160e-04	2.110272e-01
2.448508267571595e-02	1.000000e+00	1.939959e+00	-2.114152e-01	-2.112212e-01	1.939959e-04	-2.114152e-01
2.453391080071595e-02	1.000000e+00	1.939757e+00	2.110272e-01	2.112212e-01	1.939757e-04	2.110272e-01
2.458273892571595e-02	1.000000e+00	1.939556e+00	-2.114151e-01	-2.112212e-01	1.939556e-04	-2.114151e-01
2.463156705071595e-02	1.000000e+00	1.939354e+00	2.110272e-01	2.112212e-01	1.939354e-04	2.110272e-01
2.468039517571595e-02	1.000000e+00	1.939153e+00	-2.114151e-01	-2.112211e-01	1.939153e-04	-2.114151e-01
2.472922330071595e-02	1.000000e+00	1.938951e+00	2.110272e-01	2.112211e-01	1.938951e-04	2.110272e-01
2.477805142571595e-02	1.000000e+00	1.938750e+00	-2.114150e-01	-2.112211e-01	1.938750e-04	-2.114150e-01
2.482687955071596e-02	1.000000e+00	1.938548e+00	2.110272e-01	2.112211e-01	1.938548e-04	2.110272e-01
2.487570767571596e-02	1.000000e+00	1.938347e+00	-2.114149e-01	-2.112211e-01	1.938347e-04	-2.114149e-01
2.492453580071596e-02	1.000000e+00	1.938146e+00	2.110272e-01	2.112210e-01	1.938146e-04	2.110272e-01
2.497336392571596e-02	1.000000e+00	1.937944e+00	-2.114148e-01	-2.112210e-01	1.937944e-04	-2.114148e-01
2.500000100000000e-02	1.000000e+00	1.937834e+00	2.110272e-01	2.112210e-01	1.937834e-04	2.110272e-01
2.500000200000000e-02	-1.000000e+00	-6.216422e-02	-7.989967e-02	-7.990590e-02	-6.216422e-06	-7.989967e-02
2.500001799999999e-02	-1.000000e+00	-6.216422e-02	7.987796e-02	7.986286e-02	-6.216423e-06	7.987796e-02
2.500002129729873e-02	-1.000000e+00	-6.216422e-02	-7.970005e-02	-7.970657e-02	-6.216422e-06	-7.970005e-02
2.500002446873848e-02	-1.000000e+00	-6.216422e-02	7.954080e-02	7.953371e-02	-6.216423e-06	7.954080e-02
2.500003081161798e-02	-1.000000e+00	-6.216422e-02	-7.944266e-02	-7.944983e-02	-6.216422e-06	-7.944266e-02
2.500004349737698e-02	-1.000000e+00	-6.216422e-02	7.941227e-02	7.940554e-02	-6.216422e-06	7.941227e-02
2.500006886889498e-02	-1.000000e+00	-6.216421e-02	-7.937844e-02	-7.938489e-02	-6.216421e-06	-7.937844e-02
2.500011961193098e-02	-1.000000e+00	-6.216421e-02	7.938017e-02	7.937383e-02	-6.216421e-06	7.938017e-02
2.500022109800298e-02	-1.000000e+00	-6.216419e-02	-7.936239e-02	-7.936867e-02	-6.216419e-06	-7.936239e-02
2.500042407014697e-02	-1.000000e+00	-6.216417e-02	7.937215e-02	7.936590e-02	-6.216417e-06	7.937215e-02
2.500083001443495e-02	-1.000000e+00	-6.216411e-02	-7.935838e-02	-7.936461e-02	-6.216411e-06	-7.935838e-02
2.500164190301092e-02	-1.000000e+00	-6.216401e-02	7.937015e-02	7.936392e-02	-6.216401e-06	7.937015e-02
2.500326568016286e-02	-1.000000e+00	-6.216379e-02	-7.935738e-02	-7.936360e-02	-6.216379e-06	-7.935738e-02
2.500651323446674e-02	-1.000000e+00	-6.216337e-02	7.936964e-02	7.936343e-02	-6.216337e-06	7.936964e-02
2.501300834307449e-02	-1.000000e+00	-6.216250e-02	-7.935712e-02	-7.936335e-02	-6.216250e-06	-7.935712e-02
2.502599856028999e-02	-1.000000e+00	-6.216079e-02	7.936952e-02	7.936330e-02	-6.216079e-06	7.936952e-02
2.505197899472099e-02	-1.000000e+00	-6.215735e-02	-7.935707e-02	-7.936328e-02	-6.215735e-06	-7.935707e-02
2.510080711972099e-02	-1.000000e+00	-6.215090e-02	7.936949e-02	7.936327e-02	-6.215090e-06	7.936949e-02
2.514963524472099e-02	-1.000000e+00	-6.214444e-02	-7.935704e-02	-7.936326e-02	-6.214444e-06	-7.935704e-02
2.519846336972099e-02	-1.000000e+00	-6.213798e-02	7.936946e-02	7.936325e-02	-6.213798e-06	7.936946e-02
2.524729149472099e-02	-1.000000e+00	-6.213152e-02	-7.935702e-02	-7.936323e-02	-6.213153e-06	-7.935702e-02
2.529611961972099e-02	-1.000000e+00	-6.212508e-02	7.936944e-02	7.936323e-02	-6.212507e-06	7.936944e-02
2.534494774472099e-02	-1.000000e+00	-6.211862e-02	-7.935700e-02	-7.936321e-02	-6.211862e-06	-7.935700e-02
2.539377586972099e-02	-1.000000e+00	-6.211217e-02	7.936941e-02	7.936320e-02	-6.211217e-06	7.936941e-02
2.544260399472099e-02	-1.000000e+00	-6.210571e-02	-7.935698e-02	-7.936319e-02	-6.210571e-06	-7.935698e-02
2.549143211972099e-02	-1.000000e+00	-6.209926e-02	7.936939e-02	7.936318e-02	-6.209926e-06	7.936939e-02
2.554026024472099e-02	-1.000000e+00	-6.209281e-02	-7.935696e-02	-7.936317e-02	-6.209280e-06	-7.935696e-02
2.558908836972099e-02	-1.000000e+00	-6.208636e-02	7.936937e-02	7.936316e-02	-6.208636e-06	7.936937e-02
2.563791649472099e-02	-1.000000e+00	-6.207991e-02	-7.935694e-02	-7.936314e-02	-6.207990e-06	-7.935694e-02
2.568674461972099e-02	-1.000000e+00	-6.207346e-02	7.936934e-02	7.936314e-02	-6.207346e-06	7.936934e-02
2.573557274472099e-02	-1.000000e+00	-6.206701e-02	-7.935692e-02	-7.936312e-02	-6.206701e-06	-7.935692e-02
2.578440086972100e-02	-1.000000e+00	-6.206056e-02	7.936932e-02	7.936312e-02	-6.206056e-06	7.936932e-02
2.583322899472100e-02	-1.000000e+00	-6.205411e-02	-7.935689e-02	-7.936310e-02	-6.205411e-06	-7.935689e-02
2.588205711972100e-02	-1.000000e+00	-6.204767e-02	7.936930e-02	7.936309e-02	-6.204767e-06	7.936930e-02
2.593088524472100e-02	-1.000000e+00	-6.204122e-02	-7.935688e-02	-7.936308e-02	-6.204122e-06	-7.935688e-02
2.597971336972100e-02	-1.000000e+00	-6.203478e-02	7.936928e-02	7.936307e-02	-6.203478e-06	7.936928e-02
2.602854149472100e-02	-1.000000e+00	-6.202833e-02	-7.935686e-02	-7.936306e-02	-6.202833e-06	-7.935686e-02
2.607736961972100e-02	-1.000000e+00	-6.202189e-02	7.936925e-02	7.936305e-02	-6.202189e-06	7.936925e-02
2.612619774472100e-02	-1.000000e+00	-6.201544e-02	-7.935683e-02	-7.936303e-02	-6.201544e-06	-7.935683e-02
2.617502586972100e-02	-1.000000e+00	-6.200900e-02	7.936922e-02	7.936303e-02	-6.200900e-06	7.936922e-02
2.622385399472100e-02	-1.000000e+00	-6.200256e-02	-7.935681e-02	-7.936301e-02	-6.200255e-06	-7.935681e-02
2.627268211972100e-02	-1.000000e+00	-6.199612e-02	7.936920e-02	7.936300e-02	-6.199612e-06	7.936920e-02
2.632151024472100e-02	-1.000000e+00	-6.198968e-02	-7.935679e-02	-7.936299e-02	-6.198968e-06	-7.935679e-02
2.637033836972100e-02	-1.000000e+00	-6.198324e-02	7.936918e-02	7.936298e-02	-6.198324e-06	7.936918e-02
2.641916649472100e-02	-1.000000e+00	-6.197679e-02	-7.935677e-02	-7.936297e-02	-6.197679e-06	-7.935677e-02
2.646799461972101e-02	-1.000000e+00	-6.197036e-02	7.936916e-02	7.936296e-02	-6.197036e-06	7.936916e-02
2.651682274472101e-02	-1.000000e+00	-6.196392e-02	-7.935675e-02	-7.936294e-02	-6.196392e-06	-7.935675e-02
2.656565086972101e-02	-1.000000e+00	-6.195749e-02	7.936914e-02	7.936294e-02	-6.195749e-06	7.936914e-02
2.661447899472101e-02	-1.000000e+00	-6.195104e-02	-7.935673e-02	-7.936292e-02	-6.195105e-06	-7.935673e-02
2.666330711972101e-02	-1.000000e+00	-6.194462e-02	7.936911e-02	7.936291e-02	-6.194462e-06	7.936911e-02
2.671213524472101e-02	-1.000000e+00	-6.193817e-02	-7.935671e-02	-7.936290e-02	-6.193817e-06	-7.935671e-02
2.676096336972101e-02	-1.000000e+00	-6.193174e-02	7.936908e-02	7.936289e-02	-6.193175e-06	7.936908e-02
2.680979149472101e-02	-1.000000e+00	-6.192530e-02	-7.935669e-02	-7.936288e-02	-6.192531e-06	-7.935669e-02
2.685861961972101e-02	-1.000000e+00	-6.191888e-02	7.936906e-02	7.936287e-02	-6.191888e-06	7.936906e-02
2.690744774472101e-02	-1.000000e+00	-6.191244e-02	-7.935667e-02	-7.936285e-02	-6.191244e-06	-7.935667e-02
2.695627586972101e-02	-1.000000e+00	-6.190601e-02	7.936904e-02	7.936285e-02	-6.190601e-06	7.936904e-02
2.700510399472101e-02	-1.000000e+00	-6.189958e-02	-7.935665e-02	-7.936284e-02	-6.189958e-06	-7.935665e-02
2.705393211972101e-02	-1.000000e+00	-6.189315e-02	7.936902e-02	7.936282e-02	-6.189315e-06	7.936902e-02
2.710276024472101e-02	-1.000000e+00	-6.188672e-02	-7.935663e-02	-7.936282e-02	-6.188672e-06	-7.935663e-02
2.715158836972102e-02	-1.000000e+00	-6.188029e-02	7.936899e-02	7.936280e-02	-6.188029e-06	7.936899e-02
2.720041649472102e-02	-1.000000e+00	-6.187386e-02	-7.935660e-02	-7.936279e-02	-6.187386e-06	-7.935660e-02
2.724924461972102e-02	-1.000000e+00	-6.186743e-02	7.936896e-02	7.936278e-02	-6.186744e-06	7.936896e-02
2.729807274472102e-02	-1.000000e+00	-6.186100e-02	-7.935658e-02	-7.936277e-02	-6.186100e-06	-7.935658e-02
2.734690086972102e-02	-1.000000e+00	-6.185458e-02	7.936894e-02	7.936276e-02	-6.185458e-06	7.936894e-02
2.739572899472102e-02	-1.000000e+00	-6.184815e-02	-7.935656e-02	-7.936275e-02	-6.184815e-06	-7.935656e-02
2.744455711972102e-02	-1.000000e+00	-6.184173e-02	7.936892e-02	7.936274e-02	-6.184173e-06	7.936892e-02
2.749338524472102e-02	-1.000000e+00	-6.183530e-02	-7.935654e-02	-7.936273e-02	-6.183530e-06	-7.935654e-02
2.754221336972102e-02	-1.000000e+00	-6.182888e-02	7.936890e-02	7.936271e-02	-6.182888e-06	7.936890e-02
2.759104149472102e-02	-1.000000e+00	-6.182245e-02	-7.935652e-02	-7.936271e-02	-6.182245e-06	-7.935652e-02
2.763986961972102e-02	-1.000000e+00	-6.181604e-02	7.936887e-02	7.936269e-02	-6.181604e-06	7.936887e-02
2.768869774472102e-02	-1.000000e+00	-6.180961e-02	-7.935650e-02	-7.936268e-02	-6.180961e-06	-7.935650e-02
2.773752586972102e-02	-1.000000e+00	-6.180319e-02	7.936885e-02	7.936267e-02	-6.180319e-06	7.936885e-02
2.778635399472102e-02	-1.000000e+00	-6.179677e-02	-7.935648e-02	-7.936266e-02	-6.179676e-06	-7.935648e-02
2.783518211972102e-02	-1.000000e+00	-6.179035e-02	7.936883e-02	7.936265e-02	-6.179035e-06	7.936883e-02
2.788401024472103e-02	-1.000000e+00	-6.178392e-02	-7.935645e-02	-7.936264e-02	-6.178393e-06	-7.935645e-02
2.793283836972103e-02	-1.000000e+00	-6.177751e-02	7.936880e-02	7.936262e-02	-6.177751e-06	7.936880e-02
2.798166649472103e-02	-1.000000e+00	-6.177109e-02	-7.935644e-02	-7.936262e-02	-6.177109e-06	-7.935644e-02
2.803049461972103e-02	-1.000000e+00	-6.176468e-02	7.936878e-02	7.936260e-02	-6.176468e-06	7.936878e-02
2.807932274472103e-02	-1.000000e+00	-6.175826e-02	-7.935642e-02	-7.936259e-02	-6.175826e-06	-7.935642e-02
2.812815086972103e-02	-1.000000e+00	-6.175185e-02	7.936876e-02	7.936258e-02	-6.175184e-06	7.936876e-02
2.817697899472103e-02	-1.000000e+00	-6.174542e-02	-7.935639e-02	-7.936257e-02	-6.174542e-06	-7.935639e-02
2.822580711972103e-02	-1.000000e+00	-6.173902e-02	7.936873e-02	7.936256e-02	-6.173902e-06	7.936873e-02
2.827463524472103e-02	-1.000000e+00	-6.173260e-02	-7.935637e-02	-7.936255e-02	-6.173259e-06	-7.935637e-02
2.832346336972103e-02	-1.000000e+00	-6.172619e-02	7.936871e-02	7.936253e-02	-6.172619e-06	7.936871e-02
2.837229149472103e-02	-1.000000e+00	-6.171977e-02	-7.935635e-02	-7.936253e-02	-6.171977e-06	-7.935635e-02
2.842111961972103e-02	-1.000000e+00	-6.171336e-02	7.936869e-02	7.936251e-02	-6.171336e-06	7.936869e-02
2.846994774472103e-02	-1.000000e+00	-6.170695e-02	-7.935634e-02	-7.936250e-02	-6.170695e-06	-7.935634e-02
2.851877586972103e-02	-1.000000e+00	-6.170054e-02	7.936866e-02	7.936249e-02	-6.170054e-06	7.936866e-02
2.856760399472104e-02	-1.000000e+00	-6.169413e-02	-7.935631e-02	-7.936248e-02	-6.169413e-06	-7.935631e-02
2.861643211972104e-02	-1.000000e+00	-6.168772e-02	7.936864e-02	7.936247e-02	-6.168772e-06	7.936864e-02
2.866526024472104e-02	-1.000000e+00	-6.168131e-02	-7.935629e-02	-7.936246e-02	-6.168131e-06	-7.935629e-02
2.871408836972104e-02	-1.000000e+00	-6.167491e-02	7.936861e-02	7.936244e-02	-6.167490e-06	7.936861e-02
2.876291649472104e-02	-1.000000e+00	-6.166849e-02	-7.935627e-02	-7.936244e-02	-6.166849e-06	-7.935627e-02
2.881174461972104e-02	-1.000000e+00	-6.166209e-02	7.936859e-02	7.936242e-02	-6.166209e-06	7.936859e-02
2.886057274472104e-02	-1.000000e+00	-6.165568e-02	-7.935625e-02	-7.936241e-02	-6.165568e-06	-7.935625e-02
2.890940086972104e-02	-1.000000e+00	-6.164928e-02	7.936857e-02	7.936240e-02	-6.164928e-06	7.936857e-02
2.895822899472104e-02	-1.000000e+00	-6.164287e-02	-7.935622e-02	-7.936239e-02	-6.164287e-06	-7.935622e-02
2.900705711972104e-02	-1.000000e+00	-6.163647e-02	7.936855e-02	7.936238e-02	-6.163647e-06	7.936855e-02
2.905588524472104e-02	-1.000000e+00	-6.163006e-02	-7.935621e-02	-7.936237e-02	-6.163006e-06	-7.935621e-02
2.910471336972104e-02	-1.000000e+00	-6.162367e-02	7.936852e-02	7.936236e-02	-6.162367e-06	7.936852e-02
2.915354149472104e-02	-1.000000e+00	-6.161726e-02	-7.935619e-02	-7.936235e-02	-6.161726e-06	-7.935619e-02
2.920236961972104e-02	-1.000000e+00	-6.161086e-02	7.936849e-02	7.936233e-02	-6.161086e-06	7.936849e-02
2.925119774472104e-02	-1.000000e+00	-6.160446e-02	-7.935616e-02	-7.936233e-02	-6.160446e-06	-7.935616e-02
2.930002586972105e-02	-1.000000e+00	-6.159806e-02	7.936847e-02	7.936231e-02	-6.159806e-06	7.936847e-02
2.934885399472105e-02	-1.000000e+00	-6.159166e-02	-7.935614e-02	-7.936230e-02	-6.159166e-06	-7.935614e-02
2.939768211972105e-02	-1.000000e+00	-6.158527e-02	7.936845e-02	7.936229e-02	-6.158527e-06	7.936845e-02
2.944651024472105e-02	-1.000000e+00	-6.157886e-02	-7.935612e-02	-7.936228e-02	-6.157886e-06	-7.935612e-02
2.949533836972105e-02	-1.000000e+00	-6.157247e-02	7.936843e-02	7.936227e-02	-6.157247e-06	7.936843e-02
2.954416649472105e-02	-1.000000e+00	-6.156607e-02	-7.935610e-02	-7.936226e-02	-6.156607e-06	-7.935610e-02
2.959299461972105e-02	-1.000000e+00	-6.155968e-02	7.936841e-02	7.936225e-02	-6.155968e-06	7.936841e-02
2.964182274472105e-02	-1.000000e+00	-6.155328e-02	-7.935608e-02	-7.936224e-02	-6.155327e-06	-7.935608e-02
2.969065086972105e-02	-1.000000e+00	-6.154689e-02	7.936838e-02	7.936223e-02	-6.154689e-06	7.936838e-02
2.973947899472105e-02	-1.000000e+00	-6.154049e-02	-7.935606e-02	-7.936221e-02	-6.154049e-06	-7.935606e-02
2.978830711972105e-02	-1.000000e+00	-6.153410e-02	7.936835e-02	7.936221e-02	-6.153410e-06	7.936835e-02
2.983713524472105e-02	-1.000000e+00	-6.152770e-02	-7.935604e-02	-7.936219e-02	-6.152770e-06	-7.935604e-02
2.988596336972105e-02	-1.000000e+00	-6.152131e-02	7.936833e-02	7.936218e-02	-6.152131e-06	7.936833e-02
2.993479149472105e-02	-1.000000e+00	-6.151492e-02	-7.935601e-02	-7.936217e-02	-6.151492e-06	-7.935601e-02
2.998361961972106e-02	-1.000000e+00	-6.150853e-02	7.936831e-02	7.936216e-02	-6.150853e-06	7.936831e-02
3.000000000000000e-02	-1.000000e+00	-6.150638e-02	-7.935598e-02	-7.936212e-02	-6.150639e-06	-7.935598e-02
3.000000100000000e-02	1.000000e+00	1.938492e+00	-5.151509e-02	-5.132124e-02	1.938492e-04	-5.151509e-02
3.000001699999999e-02	1.000000e+00	1.938492e+00	5.111241e-02	5.130626e-02	1.938492e-04	5.111241e-02
3.000001959222118e-02	1.000000e+00	1.938492e+00	-5.140777e-02	-5.121395e-02	1.938492e-04	-5.140777e-02
3.000002209861885e-02	1.000000e+00	1.938492e+00	5.092473e-02	5.111849e-02	1.938492e-04	5.092473e-02
3.000002711141420e-02	1.000000e+00	1.938492e+00	-5.126483e-02	-5.107109e-02	1.938492e-04	-5.126483e-02
3.000003713700489e-02	1.000000e+00	1.938492e+00	5.085335e-02	5.104715e-02	1.938492e-04	5.085335e-02
3.000005718818627e-02	1.000000e+00	1.938492e+00	-5.122916e-02	-5.103534e-02	1.938492e-04	-5.122916e-02
3.000009729054902e-02	1.000000e+00	1.938492e+00	5.083552e-02	5.102936e-02	1.938492e-04	5.083552e-02
3.000017749527453e-02	1.000000e+00	1.938491e+00	-5.122025e-02	-5.102641e-02	1.938491e-04	-5.122025e-02
3.000033790472555e-02	1.000000e+00	1.938491e+00	5.083106e-02	5.102491e-02	1.938491e-04	5.083106e-02
3.000065872362760e-02	1.000000e+00	1.938490e+00	-5.121802e-02	-5.102417e-02	1.938489e-04	-5.121802e-02
3.000130036143168e-02	1.000000e+00	1.938487e+00	5.082995e-02	5.102380e-02	1.938487e-04	5.082995e-02
3.000258363703986e-02	1.000000e+00	1.938482e+00	-5.121746e-02	-5.102361e-02	1.938482e-04	-5.121746e-02
3.000515018825620e-02	1.000000e+00	1.938471e+00	5.082968e-02	5.102352e-02	1.938471e-04	5.082968e-02
3.001028329068890e-02	1.000000e+00	1.938450e+00	-5.121732e-02	-5.102348e-02	1.938450e-04	-5.121732e-02
3.002054949555428e-02	1.000000e+00	1.938407e+00	5.082961e-02	5.102345e-02	1.938408e-04	5.082961e-02
3.004108190528505e-02	1.000000e+00	1.938323e+00	-5.121727e-02	-5.102344e-02	1.938323e-04	-5.121727e-02
3.008214672474658e-02	1.000000e+00	1.938153e+00	5.082962e-02	5.102343e-02	1.938153e-04	5.082962e-02
3.013097484974658e-02	1.000000e+00	1.937952e+00	-5.121722e-02	-5.102343e-02	1.937952e-04	-5.121722e-02
3.017980297474658e-02	1.000000e+00	1.937751e+00	5.082965e-02	5.102342e-02	1.937751e-04	5.082965e-02
3.022863109974658e-02	1.000000e+00	1.937549e+00	-5.121718e-02	-5.102342e-02	1.937550e-04	-5.121718e-02
3.027745922474659e-02	1.000000e+00	1.937348e+00	5.082968e-02	5.102342e-02	1.937348e-04	5.082968e-02
3.032628734974659e-02	1.000000e+00	1.937147e+00	-5.121712e-02	-5.102341e-02	1.937147e-04	-5.121712e-02
3.037511547474659e-02	1.000000e+00	1.936946e+00	5.082971e-02	5.102341e-02	1.936946e-04	5.082971e-02
3.042394359974659e-02	1.000000e+00	1.936744e+00	-5.121708e-02	-5.102340e-02	1.936745e-04	-5.121708e-02
3.047277172474659e-02	1.000000e+00	1.936543e+00	5.082974e-02	5.102339e-02	1.936543e-04	5.082974e-02
3.052159984974659e-02	1.000000e+00	1.936342e+00	-5.121702e-02	-5.102339e-02	1.936342e-04	-5.121702e-02
3.057042797474659e-02	1.000000e+00	1.936141e+00	5.082977e-02	5.102339e-02	1.936141e-04	5.082977e-02
3.061925609974659e-02	1.000000e+00	1.935940e+00	-5.121697e-02	-5.102338e-02	1.935940e-04	-5.121697e-02
3.066808422474659e-02	1.000000e+00	1.935739e+00	5.082980e-02	5.102338e-02	1.935739e-04	5.082980e-02
3.071691234974659e-02	1.000000e+00	1.935538e+00	-5.121693e-02	-5.102337e-02	1.935538e-04	-5.121693e-02
3.076574047474659e-02	1.000000e+00	1.935337e+00	5.082983e-02	5.102337e-02	1.935336e-04	5.082983e-02
3.081456859974659e-02	1.000000e+00	1.935135e+00	-5.121687e-02	-5.102336e-02	1.935136e-04	-5.121687e-02
3.086339672474659e-02	1.000000e+00	1.934934e+00	5.082986e-02	5.102336e-02	1.934934e-04	5.082986e-02
3.091222484974659e-02	1.000000e+00	1.934734e+00	-5.121683e-02	-5.102335e-02	1.934733e-04	-5.121683e-02
3.096105297474660e-02	1.000000e+00	1.934532e+00	5.082989e-02	5.102335e-02	1.934532e-04	5.082989e-02
3.100988109974660e-02	1.000000e+00	1.934332e+00	-5.121677e-02	-5.102334e-02	1.934332e-04	-5.121677e-02
3.105870922474660e-02	1.000000e+00	1.934131e+00	5.082992e-02	5.102334e-02	1.934131e-04	5.082992e-02
3.110753734974660e-02	1.000000e+00	1.933930e+00	-5.121673e-02	-5.102333e-02	1.933930e-04	-5.121673e-02
3.115636547474660e-02	1.000000e+00	1.933729e+00	5.082995e-02	5.102333e-02	1.933729e-04	5.082995e-02
3.120519359974660e-02	1.000000e+00	1.933528e+00	-5.121668e-02	-5.102332e-02	1.933528e-04	-5.121668e-02
3.125402172474660e-02	1.000000e+00	1.933327e+00	5.082998e-02	5.102332e-02	1.933327e-04	5.082998e-02
3.130284984974659e-02	1.000000e+00	1.933126e+00	-5.121662e-02	-5.102331e-02	1.933126e-04	-5.121662e-02
3.135167797474659e-02	1.000000e+00	1.932925e+00	5.083001e-02	5.102331e-02	1.932925e-04	5.083001e-02
3.140050609974659e-02	1.000000e+00	1.932724e+00	-5.121658e-02	-5.102330e-02	1.932725e-04	-5.121658e-02
3.144933422474658e-02	1.000000e+00	1.932524e+00	5.083004e-02	5.102330e-02	1.932524e-04	5.083004e-02
3.149816234974658e-02	1.000000e+00	1.932323e+00	-5.121652e-02	-5.102329e-02	1.932323e-04	-5.121652e-02
3.154699047474658e-02	1.000000e+00	1.932122e+00	5.083008e-02	5.102329e-02	1.932122e-04	5.083008e-02
3.159581859974658e-02	1.000000e+00	1.931921e+00	-5.121648e-02	-5.102328e-02	1.931922e-04	-5.121648e-02
3.164464672474657e-02	1.000000e+00	1.931721e+00	5.083011e-02	5.102328e-02	1.931721e-04	5.083011e-02
3.169347484974657e-02	1.000000e+00	1.931520e+00	-5.121643e-02	-5.102327e-02	1.931520e-04	-5.121643e-02
3.174230297474657e-02	1.000000e+00	1.931319e+00	5.083014e-02	5.102327e-02	1.931319e-04	5.083014e-02
3.179113109974657e-02	1.000000e+00	1.931119e+00	-5.121638e-02	-5.102326e-02	1.931119e-04	-5.121638e-02
3.183995922474656e-02	1.000000e+00	1.930918e+00	5.083017e-02	5.102326e-02	1.930918e-04	5.083017e-02
3.188878734974656e-02	1.000000e+00	1.930718e+00	-5.121633e-02	-5.102325e-02	1.930718e-04	-5.121633e-02
3.193761547474656e-02	1.000000e+00	1.930517e+00	5.083020e-02	5.102325e-02	1.930517e-04	5.083020e-02
3.198644359974655e-02	1.000000e+00	1.930317e+00	-5.121627e-02	-5.102324e-02	1.930317e-04	-5.121627e-02
3.203527172474655e-02	1.000000e+00	1.930116e+00	5.083023e-02	5.102324e-02	1.930116e-04	5.083023e-02
3.208409984974655e-02	1.000000e+00	1.929916e+00	-5.121623e-02	-5.102323e-02	1.929915e-04	-5.121623e-02
3.213292797474655e-02	1.000000e+00	1.929715e+00	5.083026e-02	5.102323e-02	1.929715e-04	5.083026e-02
3.218175609974654e-02	1.000000e+00	1.929515e+00	-5.121618e-02	-5.102323e-02	1.929515e-04	-5.121618e-02
3.223058422474654e-02	1.000000e+00	1.929314e+00	5.083029e-02	5.102322e-02	1.929314e-04	5.083029e-02
3.227941234974654e-02	1.000000e+00	1.929114e+00	-5.121613e-02	-5.102322e-02	1.929114e-04	-5.121613e-02
3.232824047474653e-02	1.000000e+00	1.928913e+00	5.083032e-02	5.102321e-02	1.928913e-04	5.083032e-02
3.237706859974653e-02	1.000000e+00	1.928713e+00	-5.121608e-02	-5.102320e-02	1.928713e-04	-5.121608e-02
3.242589672474653e-02	1.000000e+00	1.928512e+00	5.083035e-02	5.102320e-02	1.928513e-04	5.083035e-02
3.247472484974653e-02	1.000000e+00	1.928312e+00	-5.121602e-02	-5.102320e-02	1.928312e-04	-5.121602e-02
3.252355297474652e-02	1.000000e+00	1.928112e+00	5.083038e-02	5.102319e-02	1.928112e-04	5.083038e-02
3.257238109974652e-02	1.000000e+00	1.927912e+00	-5.121598e-02	-5.102319e-02	1.927912e-04	-5.121598e-02
3.262120922474652e-02	1.000000e+00	1.927711e+00	5.083041e-02	5.102318e-02	1.927711e-04	5.083041e-02
3.267003734974652e-02	1.000000e+00	1.927511e+00	-5.121593e-02	-5.102317e-02	1.927511e-04	-5.121593e-02
3.271886547474651e-02	1.000000e+00	1.927311e+00	5.083044e-02	5.102317e-02	1.927311e-04	5.083044e-02
3.276769359974651e-02	1.000000e+00	1.927111e+00	-5.121588e-02	-5.102317e-02	1.927111e-04	-5.121588e-02
3.281652172474651e-02	1.000000e+00	1.926910e+00	5.083047e-02	5.102316e-02	1.926910e-04	5.083047e-02
3.286534984974650e-02	1.000000e+00	1.926710e+00	-5.121583e-02	-5.102316e-02	1.926710e-04	-5.121583e-02
3.291417797474650e-02	1.000000e+00	1.926510e+00	5.083050e-02	5.102315e-02	1.926510e-04	5.083050e-02
3.296300609974650e-02	1.000000e+00	1.926310e+00	-5.121578e-02	-5.102315e-02	1.926310e-04	-5.121578e-02
3.301183422474650e-02	1.000000e+00	1.926110e+00	5.083053e-02	5.102314e-02	1.926110e-04	5.083053e-02
3.306066234974649e-02	1.000000e+00	1.925910e+00	-5.121573e-02	-5.102314e-02	1.925910e-04	-5.121573e-02
3.310949047474649e-02	1.000000e+00	1.925710e+00	5.083056e-02	5.102313e-02	1.925710e-04	5.083056e-02
3.315831859974649e-02	1.000000e+00	1.925510e+00	-5.121568e-02	-5.102313e-02	1.925510e-04	-5.121568e-02
3.320714672474648e-02	1.000000e+00	1.925310e+00	5.083059e-02	5.102312e-02	1.925309e-04	5.083059e-02
3.325597484974648e-02	1.000000e+00	1.925110e+00	-5.121563e-02	-5.102312e-02	1.925110e-04	-5.121563e-02
3.330480297474648e-02	1.000000e+00	1.924910e+00	5.083062e-02	5.102311e-02	1.924910e-04	5.083062e-02
3.335363109974648e-02	1.000000e+00	1.924710e+00	-5.121558e-02	-5.102311e-02	1.924710e-04	-5.121558e-02
3.340245922474647e-02	1.000000e+00	1.924510e+00	5.083065e-02	5.102310e-02	1.924510e-04	5.083065e-02
3.345128734974647e-02	1.000000e+00	1.924310e+00	-5.121553e-02	-5.102310e-02	1.924310e-04	-5.121553e-02
3.350011547474647e-02	1.000000e+00	1.924110e+00	5.083068e-02	5.102309e-02	1.924110e-04	5.083068e-02
3.354894359974647e-02	1.000000e+00	1.923910e+00	-5.121548e-02	-5.102309e-02	1.923910e-04	-5.121548e-02
3.359777172474646e-02	1.000000e+00	1.923710e+00	5.083071e-02	5.102308e-02	1.923710e-04	5.083071e-02
3.364659984974646e-02	1.000000e+00	1.923510e+00	-5.121543e-02	-5.102308e-02	1.923510e-04	-5.121543e-02
3.369542797474646e-02	1.000000e+00	1.923310e+00	5.083074e-02	5.102307e-02	1.923310e-04	5.083074e-02
3.374425609974645e-02	1.000000e+00	1.923111e+00	-5.121538e-02	-5.102307e-02	1.923111e-04	-5.121538e-02
3.379308422474645e-02	1.000000e+00	1.922911e+00	5.083077e-02	5.102306e-02	1.922911e-04	5.083077e-02
3.384191234974645e-02	1.000000e+00	1.922711e+00	-5.121533e-02	-5.102306e-02	1.922711e-04	-5.121533e-02
3.389074047474645e-02	1.000000e+00	1.922511e+00	5.083080e-02	5.102305e-02	1.922511e-04	5.083080e-02
3.393956859974644e-02	1.000000e+00	1.922312e+00	-5.121528e-02	-5.102305e-02	1.922312e-04	-5.121528e-02
3.398839672474644e-02	1.000000e+00	1.922112e+00	5.083083e-02	5.102304e-02	1.922112e-04	5.083083e-02
3.403722484974644e-02	1.000000e+00	1.921912e+00	-5.121523e-02	-5.102304e-02	1.921912e-04	-5.121523e-02
3.408605297474643e-02	1.000000e+00	1.921713e+00	5.083086e-02	5.102303e-02	1.921713e-04	5.083086e-02
3.413488109974643e-02	1.000000e+00	1.921513e+00	-5.121518e-02	-5.102303e-02	1.921513e-04	-5.121518e-02
3.418370922474643e-02	1.000000e+00	1.921313e+00	5.083089e-02	5.102303e-02	1.921313e-04	5.083089e-02
3.423253734974643e-02	1.000000e+00	1.921114e+00	-5.121513e-02	-5.102302e-02	1.921114e-04	-5.121513e-02
3.428136547474642e-02	1.000000e+00	1.920914e+00	5.083092e-02	5.102301e-02	1.920914e-04	5.083092e-02
3.433019359974642e-02	1.000000e+00	1.920715e+00	-5.121508e-02	-5.102301e-02	1.920715e-04	-5.121508e-02
3.437902172474642e-02	1.000000e+00	1.920515e+00	5.083095e-02	5.102301e-02	1.920515e-04	5.083095e-02
3.442784984974642e-02	1.000000e+00	1.920316e+00	-5.121503e-02	-5.102300e-02	1.920316e-04	-5.121503e-02
3.447667797474641e-02	1.000000e+00	1.920116e+00	5.083098e-02	5.102300e-02	1.920116e-04	5.083098e-02
3.452550609974641e-02	1.000000e+00	1.919917e+00	-5.121498e-02	-5.102299e-02	1.919917e-04	-5.121498e-02
3.457433422474641e-02	1.000000e+00	1.919717e+00	5.083101e-02	5.102298e-02	1.919717e-04	5.083101e-02
3.462316234974640e-02	1.000000e+00	1.919518e+00	-5.121493e-02	-5.102298e-02	1.919518e-04	-5.121493e-02
3.467199047474640e-02	1.000000e+00	1.919318e+00	5.083104e-02	5.102298e-02	1.919318e-04	5.083104e-02
3.472081859974640e-02	1.000000e+00	1.919119e+00	-5.121488e-02	-5.102297e-02	1.919119e-04	-5.121488e-02
3.476964672474640e-02	1.000000e+00	1.918920e+00	5.083107e-02	5.102297e-02	1.918920e-04	5.083107e-02
3.481847484974639e-02	1.000000e+00	1.918720e+00	-5.121483e-02	-5.102296e-02	1.918720e-04	-5.121483e-02
3.486730297474639e-02	1.000000e+00	1.918521e+00	5.083111e-02	5.102295e-02	1.918521e-04	5.083111e-02
3.491613109974639e-02	1.000000e+00	1.918322e+00	-5.121478e-02	-5.102295e-02	1.918322e-04	-5.121478e-02
3.496495922474639e-02	1.000000e+00	1.918122e+00	5.083114e-02	5.102295e-02	1.918122e-04	5.083114e-02
3.500000100000000e-02	1.000000e+00	1.917979e+00	-5.121474e-02	-5.102294e-02	1.917979e-04	-5.121474e-02
3.500000200000000e-02	-1.000000e+00	-8.201934e-02	1.813540e-01	1.813458e-01	-8.201933e-06	1.813540e-01
3.500001799999999e-02	-1.000000e+00	-8.201933e-02	-1.812595e-01	-1.812842e-01	-8.201932e-06	-1.812595e-01
3.500002327422135e-02	-1.000000e+00	-8.201934e-02	1.810392e-01	1.810296e-01	-8.201934e-06	1.810392e-01
3.500002830860512e-02	-1.000000e+00	-8.201933e-02	-1.807751e-01	-1.807861e-01	-8.201932e-06	-1.807751e-01
3.500003837737269e-02	-1.000000e+00	-8.201934e-02	1.806677e-01	1.806555e-01	-8.201934e-06	1.806677e-01
3.500005851490781e-02	-1.000000e+00	-8.201932e-02	-1.805895e-01	-1.805993e-01	-8.201932e-06	-1.805895e-01
3.500009878997806e-02	-1.000000e+00	-8.201933e-02	1.805750e-01	1.805658e-01	-8.201933e-06	1.805750e-01
3.500017934011855e-02	-1.000000e+00	-8.201931e-02	-1.805431e-01	-1.805518e-01	-8.201931e-06	-1.805431e-01
3.500034044039954e-02	-1.000000e+00	-8.201929e-02	1.805518e-01	1.805434e-01	-8.201929e-06	1.805518e-01
3.500066264096152e-02	-1.000000e+00	-8.201922e-02	-1.805316e-01	-1.805399e-01	-8.201922e-06	-1.805316e-01
3.500130704208548e-02	-1.000000e+00	-8.201913e-02	1.805460e-01	1.805378e-01	-8.201912e-06	1.805460e-01
3.500259584433340e-02	-1.000000e+00	-8.201889e-02	-1.805287e-01	-1.805369e-01	-8.201889e-06	-1.805287e-01
3.500517344882924e-02	-1.000000e+00	-8.201845e-02	1.805446e-01	1.805364e-01	-8.201845e-06	1.805446e-01
3.501032865782091e-02	-1.000000e+00	-8.201754e-02	-1.805279e-01	-1.805362e-01	-8.201754e-06	-1.805279e-01
3.502063907580425e-02	-1.000000e+00	-8.201575e-02	1.805442e-01	1.805360e-01	-8.201576e-06	1.805442e-01
3.504125991177094e-02	-1.000000e+00	-8.201215e-02	-1.805278e-01	-1.805360e-01	-8.201215e-06	-1.805278e-01
3.508250158370432e-02	-1.000000e+00	-8.200496e-02	1.805441e-01	1.805359e-01	-8.200496e-06	1.805441e-01
3.513132970870432e-02	-1.000000e+00	-8.199643e-02	-1.805277e-01	-1.805359e-01	-8.199643e-06	-1.805277e-01
3.518015783370432e-02	-1.000000e+00	-8.198792e-02	1.805441e-01	1.805359e-01	-8.198793e-06	1.805441e-01
3.522898595870431e-02	-1.000000e+00	-8.197939e-02	-1.805277e-01	-1.805359e-01	-8.197940e-06	-1.805277e-01
3.527781408370431e-02	-1.000000e+00	-8.197089e-02	1.805440e-01	1.805358e-01	-8.197089e-06	1.805440e-01
3.532664220870431e-02	-1.000000e+00	-8.196236e-02	-1.805276e-01	-1.805358e-01	-8.196236e-06	-1.805276e-01
3.537547033370431e-02	-1.000000e+00	-8.195386e-02	1.805440e-01	1.805358e-01	-8.195387e-06	1.805440e-01
3.542429845870430e-02	-1.000000e+00	-8.194534e-02	-1.805276e-01	-1.805357e-01	-8.194534e-06	-1.805276e-01
3.547312658370430e-02	-1.000000e+00	-8.193684e-02	1.805439e-01	1.805357e-01	-8.193683e-06	1.805439e-01
3.552195470870430e-02	-1.000000e+00	-8.192831e-02	-1.805275e-01	-1.805357e-01	-8.192831e-06	-1.805275e-01
3.557078283370430e-02	-1.000000e+00	-8.191981e-02	1.805439e-01	1.805357e-01	-8.191982e-06	1.805439e-01
3.561961095870429e-02	-1.000000e+00	-8.191129e-02	-1.805275e-01	-1.805356e-01	-8.191129e-06	-1.805275e-01
3.566843908370429e-02	-1.000000e+00	-8.190279e-02	1.805438e-01	1.805356e-01	-8.190279e-06	1.805438e-01
3.571726720870429e-02	-1.000000e+00	-8.189427e-02	-1.805274e-01	-1.805356e-01	-8.189427e-06	-1.805274e-01
3.576609533370428e-02	-1.000000e+00	-8.188578e-02	1.805438e-01	1.805356e-01	-8.188577e-06	1.805438e-01
3.581492345870428e-02	-1.000000e+00	-8.187726e-02	-1.805274e-01	-1.805355e-01	-8.187726e-06	-1.805274e-01
3.586375158370428e-02	-1.000000e+00	-8.186877e-02	1.805437e-01	1.805355e-01	-8.186877e-06	1.805437e-01
3.591257970870428e-02	-1.000000e+00	-8.186024e-02	-1.805273e-01	-1.805355e-01	-8.186024e-06	-1.805273e-01
3.596140783370427e-02	-1.000000e+00	-8.185176e-02	1.805437e-01	1.805355e-01	-8.185176e-06	1.805437e-01
3.601023595870427e-02	-1.000000e+00	-8.184324e-02	-1.805273e-01	-1.805355e-01	-8.184324e-06	-1.805273e-01
3.605906408370427e-02	-1.000000e+00	-8.183475e-02	1.805436e-01	1.805354e-01	-8.183475e-06	1.805436e-01
3.610789220870426e-02	-1.000000e+00	-8.182624e-02	-1.805272e-01	-1.805354e-01	-8.182624e-06	-1.805272e-01
3.615672033370426e-02	-1.000000e+00	-8.181775e-02	1.805436e-01	1.805354e-01	-8.181775e-06	1.805436e-01
3.620554845870426e-02	-1.000000e+00	-8.180924e-02	-1.805272e-01	-1.805353e-01	-8.180924e-06	-1.805272e-01
3.625437658370426e-02	-1.000000e+00	-8.180075e-02	1.805435e-01	1.805353e-01	-8.180075e-06	1.805435e-01
3.630320470870425e-02	-1.000000e+00	-8.179224e-02	-1.805271e-01	-1.805353e-01	-8.179224e-06	-1.805271e-01
3.635203283370425e-02	-1.000000e+00	-8.178376e-02	1.805435e-01	1.805353e-01	-8.178376e-06	1.805435e-01
3.640086095870425e-02	-1.000000e+00	-8.177525e-02	-1.805271e-01	-1.805352e-01	-8.177524e-06	-1.805271e-01
3.644968908370425e-02	-1.000000e+00	-8.176676e-02	1.805434e-01	1.805352e-01	-8.176677e-06	1.805434e-01
3.649851720870424e-02	-1.000000e+00	-8.175826e-02	-1.805270e-01	-1.805352e-01	-8.175825e-06	-1.805270e-01
3.654734533370424e-02	-1.000000e+00	-8.174977e-02	1.805433e-01	1.805352e-01	-8.174978e-06	1.805433e-01
3.659617345870424e-02	-1.000000e+00	-8.174127e-02	-1.805270e-01	-1.805351e-01	-8.174127e-06	-1.805270e-01
3.664500158370423e-02	-1.000000e+00	-8.173279e-02	1.805433e-01	1.805351e-01	-8.173280e-06	1.805433e-01
3.669382970870423e-02	-1.000000e+00	-8.172429e-02	-1.805269e-01	-1.805351e-01	-8.172429e-06	-1.805269e-01
3.674265783370423e-02	-1.000000e+00	-8.171581e-02	1.805432e-01	1.805351e-01	-8.171582e-06	1.805432e-01
3.679148595870423e-02	-1.000000e+00	-8.170731e-02	-1.805269e-01	-1.805350e-01	-8.170731e-06	-1.805269e-01
3.684031408370422e-02	-1.000000e+00	-8.169883e-02	1.805432e-01	1.805350e-01	-8.169884e-06	1.805432e-01
3.688914220870422e-02	-1.000000e+00	-8.169033e-02	-1.805268e-01	-1.805350e-01	-8.169033e-06	-1.805268e-01
3.693797033370422e-02	-1.000000e+00	-8.168186e-02	1.805431e-01	1.805350e-01	-8.168186e-06	1.805431e-01
3.698679845870421e-02	-1.000000e+00	-8.167336e-02	-1.805268e-01	-1.805349e-01	-8.167336e-06	-1.805268e-01
3.703562658370421e-02	-1.000000e+00	-8.166489e-02	1.805431e-01	1.805349e-01	-8.166489e-06	1.805431e-01
3.708445470870421e-02	-1.000000e+00	-8.165640e-02	-1.805267e-01	-1.805349e-01	-8.165639e-06	-1.805267e-01
3.713328283370421e-02	-1.000000e+00	-8.164793e-02	1.805430e-01	1.805349e-01	-8.164792e-06	1.805430e-01
3.718211095870420e-02	-1.000000e+00	-8.163943e-02	-1.805267e-01	-1.805348e-01	-8.163943e-06	-1.805267e-01
3.723093908370420e-02	-1.000000e+00	-8.163096e-02	1.805430e-01	1.805348e-01	-8.163096e-06	1.805430e-01
3.727976720870420e-02	-1.000000e+00	-8.162247e-02	-1.805266e-01	-1.805348e-01	-8.162247e-06	-1.805266e-01
3.732859533370420e-02	-1.000000e+00	-8.161400e-02	1.805429e-01	1.805348e-01	-8.161400e-06	1.805429e-01
3.737742345870419e-02	-1.000000e+00	-8.160551e-02	-1.805266e-01	-1.805347e-01	-8.160551e-06	-1.805266e-01
3.742625158370419e-02	-1.000000e+00	-8.159705e-02	1.805429e-01	1.805347e-01	-8.159705e-06	1.805429e-01
3.747507970870419e-02	-1.000000e+00	-8.158856e-02	-1.805265e-01	-1.805347e-01	-8.158856e-06	-1.805265e-01
3.752390783370418e-02	-1.000000e+00	-8.158009e-02	1.805428e-01	1.805347e-01	-8.158009e-06	1.805428e-01
3.757273595870418e-02	-1.000000e+00	-8.157160e-02	-1.805265e-01	-1.805346e-01	-8.157161e-06	-1.805265e-01
3.762156408370418e-02	-1.000000e+00	-8.156314e-02	1.805428e-01	1.805346e-01	-8.156315e-06	1.805428e-01
3.767039220870418e-02	-1.000000e+00	-8.155466e-02	-1.805264e-01	-1.805346e-01	-8.155465e-06	-1.805264e-01
3.771922033370417e-02	-1.000000e+00	-8.154620e-02	1.805427e-01	1.805346e-01	-8.154620e-06	1.805427e-01
3.776804845870417e-02	-1.000000e+00	-8.153772e-02	-1.805264e-01	-1.805345e-01	-8.153771e-06	-1.805264e-01
3.781687658370417e-02	-1.000000e+00	-8.152926e-02	1.805427e-01	1.805345e-01	-8.152926e-06	1.805427e-01
3.786570470870416e-02	-1.000000e+00	-8.152077e-02	-1.805263e-01	-1.805345e-01	-8.152077e-06	-1.805263e-01
3.791453283370416e-02	-1.000000e+00	-8.151232e-02	1.805426e-01	1.805345e-01	-8.151232e-06	1.805426e-01
3.796336095870416e-02	-1.000000e+00	-8.150384e-02	-1.805263e-01	-1.805344e-01	-8.150384e-06	-1.805263e-01
3.801218908370416e-02	-1.000000e+00	-8.149538e-02	1.805425e-01	1.805344e-01	-8.149538e-06	1.805425e-01
3.806101720870415e-02	-1.000000e+00	-8.148690e-02	-1.805262e-01	-1.805344e-01	-8.148691e-06	-1.805262e-01
3.810984533370415e-02	-1.000000e+00	-8.147845e-02	1.805425e-01	1.805343e-01	-8.147846e-06	1.805425e-01
3.815867345870415e-02	-1.000000e+00	-8.146998e-02	-1.805262e-01	-1.805343e-01	-8.146997e-06	-1.805262e-01
3.820750158370415e-02	-1.000000e+00	-8.146153e-02	1.805424e-01	1.805343e-01	-8.146152e-06	1.805424e-01
3.825632970870414e-02	-1.000000e+00	-8.145305e-02	-1.805261e-01	-1.805343e-01	-8.145304e-06	-1.805261e-01
3.830515783370414e-02	-1.000000e+00	-8.144460e-02	1.805424e-01	1.805342e-01	-8.144460e-06	1.805424e-01
3.835398595870414e-02	-1.000000e+00	-8.143613e-02	-1.805261e-01	-1.805342e-01	-8.143613e-06	-1.805261e-01
3.840281408370413e-02	-1.000000e+00	-8.142768e-02	1.805423e-01	1.805342e-01	-8.142768e-06	1.805423e-01
3.845164220870413e-02	-1.000000e+00	-8.141921e-02	-1.805260e-01	-1.805342e-01	-8.141920e-06	-1.805260e-01
3.850047033370413e-02	-1.000000e+00	-8.141076e-02	1.805423e-01	1.805341e-01	-8.141076e-06	1.805423e-01
3.854929845870413e-02	-1.000000e+00	-8.140229e-02	-1.805260e-01	-1.805341e-01	-8.140230e-06	-1.805260e-01
3.859812658370412e-02	-1.000000e+00	-8.139385e-02	1.805422e-01	1.805341e-01	-8.139385e-06	1.805422e-01
3.864695470870412e-02	-1.000000e+00	-8.138538e-02	-1.805259e-01	-1.805341e-01	-8.138538e-06	-1.805259e-01
3.869578283370412e-02	-1.000000e+00	-8.137694e-02	1.805422e-01	1.805340e-01	-8.137694e-06	1.805422e-01
3.874461095870411e-02	-1.000000e+00	-8.136847e-02	-1.805259e-01	-1.805340e-01	-8.136847e-06	-1.805259e-01
3.879343908370411e-02	-1.000000e+00	-8.136003e-02	1.805421e-01	1.805340e-01	-8.136003e-06	1.805421e-01
3.884226720870411e-02	-1.000000e+00	-8.135156e-02	-1.805258e-01	-1.805340e-01	-8.135156e-06	-1.805258e-01
3.889109533370411e-02	-1.000000e+00	-8.134313e-02	1.805421e-01	1.805339e-01	-8.134312e-06	1.805421e-01
3.893992345870410e-02	-1.000000e+00	-8.133467e-02	-1.805258e-01	-1.805339e-01	-8.133467e-06	-1.805258e-01
3.898875158370410e-02	-1.000000e+00	-8.132623e-02	1.805420e-01	1.805339e-01	-8.132622e-06	1.805420e-01
3.903757970870410e-02	-1.000000e+00	-8.131777e-02	-1.805257e-01	-1.805339e-01	-8.131777e-06	-1.805257e-01
3.908640783370410e-02	-1.000000e+00	-8.130933e-02	1.805420e-01	1.805338e-01	-8.130934e-06	1.805420e-01
3.913523595870409e-02	-1.000000e+00	-8.130087e-02	-1.805257e-01	-1.805338e-01	-8.130087e-06	-1.805257e-01
3.918406408370409e-02	-1.000000e+00	-8.129244e-02	1.805419e-01	1.805338e-01	-8.129244e-06	1.805419e-01
3.923289220870409e-02	-1.000000e+00	-8.128398e-02	-1.805256e-01	-1.805338e-01	-8.128398e-06	-1.805256e-01
3.928172033370408e-02	-1.000000e+00	-8.127555e-02	1.805419e-01	1.805337e-01	-8.127555e-06	1.805419e-01
3.933054845870408e-02	-1.000000e+00	-8.126710e-02	-1.805256e-01	-1.805337e-01	-8.126709e-06	-1.805256e-01
3.937937658370408e-02	-1.000000e+00	-8.125866e-02	1.805418e-01	1.805337e-01	-8.125867e-06	1.805418e-01
3.942820470870408e-02	-1.000000e+00	-8.125021e-02	-1.805255e-01	-1.805337e-01	-8.125021e-06	-1.805255e-01
3.947703283370407e-02	-1.000000e+00	-8.124178e-02	1.805418e-01	1.805336e-01	-8.124178e-06	1.805418e-01
3.952586095870407e-02	-1.000000e+00	-8.123333e-02	-1.805255e-01	-1.805336e-01	-8.123333e-06	-1.805255e-01
3.957468908370407e-02	-1.000000e+00	-8.122490e-02	1.805417e-01	1.805336e-01	-8.122491e-06	1.805417e-01
3.962351720870406e-02	-1.000000e+00	-8.121645e-02	-1.805254e-01	-1.805336e-01	-8.121645e-06	-1.805254e-01
3.967234533370406e-02	-1.000000e+00	-8.120803e-02	1.805416e-01	1.805335e-01	-8.120803e-06	1.805416e-01
3.972117345870406e-02	-1.000000e+00	-8.119958e-02	-1.805254e-01	-1.805335e-01	-8.119958e-06	-1.805254e-01
3.977000158370406e-02	-1.000000e+00	-8.119116e-02	1.805416e-01	1.805335e-01	-8.119116e-06	1.805416e-01
3.981882970870405e-02	-1.000000e+00	-8.118271e-02	-1.805253e-01	-1.805335e-01	-8.118271e-06	-1.805253e-01
3.986765783370405e-02	-1.000000e+00	-8.117429e-02	1.805415e-01	1.805334e-01	-8.117428e-06	1.805415e-01
3.991648595870405e-02	-1.000000e+00	-8.116584e-02	-1.805253e-01	-1.805334e-01	-8.116584e-06	-1.805253e-01
3.996531408370405e-02	-1.000000e+00	-8.115742e-02	1.805415e-01	1.805334e-01	-8.115742e-06	1.805415e-01
4.000000000000000e-02	-1.000000e+00	-8.115143e-02	-1.805252e-01	-1.805333e-01	-8.115142e-06	-1.805252e-01
4.000000100000000e-02	1.000000e+00	1.918847e+00	4.856092e-02	4.875280e-02	1.918847e-04	4.856092e-02
4.000001699999999e-02	1.000000e+00	1.918847e+00	-4.893043e-02	-4.873854e-02	1.918847e-04	-4.893043e-02
4.000001950744469e-02	1.000000e+00	1.918847e+00	4.845577e-02	4.864763e-02	1.918847e-04	4.845577e-02
4.000002193278862e-02	1.000000e+00	1.918847e+00	-4.874575e-02	-4.855395e-02	1.918847e-04	-4.874575e-02
4.000002678347648e-02	1.000000e+00	1.918847e+00	4.831516e-02	4.850694e-02	1.918847e-04	4.831516e-02
4.000003648485220e-02	1.000000e+00	1.918847e+00	-4.867553e-02	-4.848369e-02	1.918847e-04	-4.867553e-02
4.000005588760364e-02	1.000000e+00	1.918847e+00	4.828006e-02	4.847193e-02	1.918847e-04	4.828006e-02
4.000009469310652e-02	1.000000e+00	1.918847e+00	-4.865799e-02	-4.846612e-02	1.918847e-04	-4.865799e-02
4.000017230411229e-02	1.000000e+00	1.918846e+00	4.827130e-02	4.846318e-02	1.918847e-04	4.827130e-02
4.000032752612382e-02	1.000000e+00	1.918846e+00	-4.865361e-02	-4.846172e-02	1.918846e-04	-4.865361e-02
4.000063797014689e-02	1.000000e+00	1.918845e+00	4.826910e-02	4.846099e-02	1.918845e-04	4.826910e-02
4.000125885819301e-02	1.000000e+00	1.918842e+00	-4.865251e-02	-4.846063e-02	1.918842e-04	-4.865251e-02
4.000250063428527e-02	1.000000e+00	1.918837e+00	4.826856e-02	4.846044e-02	1.918837e-04	4.826856e-02
4.000498418646977e-02	1.000000e+00	1.918827e+00	-4.865223e-02	-4.846035e-02	1.918827e-04	-4.865223e-02
4.000995129083879e-02	1.000000e+00	1.918807e+00	4.826843e-02	4.846030e-02	1.918807e-04	4.826843e-02
4.001988549957682e-02	1.000000e+00	1.918766e+00	-4.865216e-02	-4.846028e-02	1.918766e-04	-4.865216e-02
4.003975391705288e-02	1.000000e+00	1.918685e+00	4.826840e-02	4.846027e-02	1.918685e-04	4.826840e-02
4.007949075200500e-02	1.000000e+00	1.918523e+00	-4.865212e-02	-4.846026e-02	1.918523e-04	-4.865212e-02
4.012831887700499e-02	1.000000e+00	1.918323e+00	4.826843e-02	4.846026e-02	1.918323e-04	4.826843e-02
4.017714700200499e-02	1.000000e+00	1.918124e+00	-4.865207e-02	-4.846026e-02	1.918124e-04	-4.865207e-02
4.022597512700499e-02	1.000000e+00	1.917925e+00	4.826846e-02	4.846025e-02	1.917925e-04	4.826846e-02
4.027480325200498e-02	1.000000e+00	1.917726e+00	-4.865202e-02	-4.846025e-02	1.917726e-04	-4.865202e-02
4.032363137700498e-02	1.000000e+00	1.917526e+00	4.826849e-02	4.846024e-02	1.917526e-04	4.826849e-02
4.037245950200498e-02	1.000000e+00	1.917327e+00	-4.865197e-02	-4.846024e-02	1.917327e-04	-4.865197e-02
4.042128762700498e-02	1.000000e+00	1.917128e+00	4.826852e-02	4.846023e-02	1.917128e-04	4.826852e-02
4.047011575200497e-02	1.000000e+00	1.916929e+00	-4.865192e-02	-4.846023e-02	1.916929e-04	-4.865192e-02
4.051894387700497e-02	1.000000e+00	1.916730e+00	4.826855e-02	4.846022e-02	1.916730e-04	4.826855e-02
4.056777200200497e-02	1.000000e+00	1.916531e+00	-4.865187e-02	-4.846022e-02	1.916531e-04	-4.865187e-02
4.061660012700496e-02	1.000000e+00	1.916331e+00	4.826858e-02	4.846022e-02	1.916332e-04	4.826858e-02
4.066542825200496e-02	1.000000e+00	1.916132e+00	-4.865182e-02	-4.846021e-02	1.916132e-04	-4.865182e-02
4.071425637700496e-02	1.000000e+00	1.915933e+00	4.826861e-02	4.846020e-02	1.915933e-04	4.826861e-02
4.076308450200496e-02	1.000000e+00	1.915734e+00	-4.865177e-02	-4.846020e-02	1.915734e-04	-4.865177e-02
4.081191262700495e-02	1.000000e+00	1.915535e+00	4.826864e-02	4.846020e-02	1.915535e-04	4.826864e-02
4.086074075200495e-02	1.000000e+00	1.915336e+00	-4.865173e-02	-4.846019e-02	1.915336e-04	-4.865173e-02
4.090956887700495e-02	1.000000e+00	1.915137e+00	4.826867e-02	4.846019e-02	1.915137e-04	4.826867e-02
4.095839700200495e-02	1.000000e+00	1.914938e+00	-4.865168e-02	-4.846018e-02	1.914938e-04	-4.865168e-02
4.100722512700494e-02	1.000000e+00	1.914739e+00	4.826870e-02	4.846018e-02	1.914739e-04	4.826870e-02
4.105605325200494e-02	1.000000e+00	1.914541e+00	-4.865162e-02	-4.846017e-02	1.914540e-04	-4.865162e-02
4.110488137700494e-02	1.000000e+00	1.914342e+00	4.826873e-02	4.846017e-02	1.914342e-04	4.826873e-02
4.115370950200493e-02	1.000000e+00	1.914143e+00	-4.865158e-02	-4.846016e-02	1.914143e-04	-4.865158e-02
4.120253762700493e-02	1.000000e+00	1.913944e+00	4.826877e-02	4.846016e-02	1.913944e-04	4.826877e-02
4.125136575200493e-02	1.000000e+00	1.913745e+00	-4.865153e-02	-4.846015e-02	1.913745e-04	-4.865153e-02
4.130019387700493e-02	1.000000e+00	1.913546e+00	4.826880e-02	4.846015e-02	1.913546e-04	4.826880e-02
4.134902200200492e-02	1.000000e+00	1.913347e+00	-4.865148e-02	-4.846014e-02	1.913348e-04	-4.865148e-02
4.139785012700492e-02	1.000000e+00	1.913149e+00	4.826882e-02	4.846014e-02	1.913149e-04	4.826882e-02
4.144667825200492e-02	1.000000e+00	1.912950e+00	-4.865143e-02	-4.846013e-02	1.912950e-04	-4.865143e-02
4.149550637700491e-02	1.000000e+00	1.912751e+00	4.826885e-02	4.846013e-02	1.912751e-04	4.826885e-02
4.154433450200491e-02	1.000000e+00	1.912553e+00	-4.865138e-02	-4.846013e-02	1.912553e-04	-4.865138e-02
4.159316262700491e-02	1.000000e+00	1.912354e+00	4.826888e-02	4.846012e-02	1.912354e-04	4.826888e-02
4.164199075200491e-02	1.000000e+00	1.912155e+00	-4.865133e-02	-4.846011e-02	1.912155e-04	-4.865133e-02
4.169081887700490e-02	1.000000e+00	1.911957e+00	4.826892e-02	4.846011e-02	1.911956e-04	4.826892e-02
4.173964700200490e-02	1.000000e+00	1.911758e+00	-4.865128e-02	-4.846011e-02	1.911758e-04	-4.865128e-02
4.178847512700490e-02	1.000000e+00	1.911559e+00	4.826895e-02	4.846010e-02	1.911559e-04	4.826895e-02
4.183730325200490e-02	1.000000e+00	1.911361e+00	-4.865123e-02	-4.846010e-02	1.911361e-04	-4.865123e-02
4.188613137700489e-02	1.000000e+00	1.911162e+00	4.826898e-02	4.846009e-02	1.911162e-04	4.826898e-02
4.193495950200489e-02	1.000000e+00	1.910964e+00	-4.865118e-02	-4.846009e-02	1.910964e-04	-4.865118e-02
4.198378762700489e-02	1.000000e+00	1.910765e+00	4.826901e-02	4.846008e-02	1.910765e-04	4.826901e-02
4.203261575200488e-02	1.000000e+00	1.910567e+00	-4.865114e-02	-4.846008e-02	1.910567e-04	-4.865114e-02
4.208144387700488e-02	1.000000e+00	1.910368e+00	4.826904e-02	4.846007e-02	1.910368e-04	4.826904e-02
4.213027200200488e-02	1.000000e+00	1.910170e+00	-4.865109e-02	-4.846007e-02	1.910170e-04	-4.865109e-02
4.217910012700488e-02	1.000000e+00	1.909971e+00	4.826907e-02	4.846007e-02	1.909971e-04	4.826907e-02
4.222792825200487e-02	1.000000e+00	1.909773e+00	-4.865104e-02	-4.846006e-02	1.909773e-04	-4.865104e-02
4.227675637700487e-02	1.000000e+00	1.909575e+00	4.826910e-02	4.846006e-02	1.909574e-04	4.826910e-02
4.232558450200487e-02	1.000000e+00	1.909376e+00	-4.865099e-02	-4.846005e-02	1.909376e-04	-4.865099e-02
4.237441262700486e-02	1.000000e+00	1.909178e+00	4.826913e-02	4.846005e-02	1.909178e-04	4.826913e-02
4.242324075200486e-02	1.000000e+00	1.908979e+00	-4.865094e-02	-4.846004e-02	1.908979e-04	-4.865094e-02
4.247206887700486e-02	1.000000e+00	1.908781e+00	4.826916e-02	4.846004e-02	1.908781e-04	4.826916e-02
4.252089700200486e-02	1.000000e+00	1.908583e+00	-4.865089e-02	-4.846003e-02	1.908583e-04	-4.865089e-02
4.256972512700485e-02	1.000000e+00	1.908385e+00	4.826919e-02	4.846003e-02	1.908385e-04	4.826919e-02
4.261855325200485e-02	1.000000e+00	1.908186e+00	-4.865084e-02	-4.846002e-02	1.908186e-04	-4.865084e-02
4.266738137700485e-02	1.000000e+00	1.907988e+00	4.826922e-02	4.846002e-02	1.907988e-04	4.826922e-02
4.271620950200485e-02	1.000000e+00	1.907790e+00	-4.865079e-02	-4.846001e-02	1.907790e-04	-4.865079e-02
4.276503762700484e-02	1.000000e+00	1.907592e+00	4.826925e-02	4.846001e-02	1.907592e-04	4.826925e-02
4.281386575200484e-02	1.000000e+00	1.907393e+00	-4.865075e-02	-4.846001e-02	1.907393e-04	-4.865075e-02
4.286269387700484e-02	1.000000e+00	1.907195e+00	4.826928e-02	4.846000e-02	1.907195e-04	4.826928e-02
4.291152200200483e-02	1.000000e+00	1.906997e+00	-4.865070e-02	-4.846000e-02	1.906997e-04	-4.865070e-02
4.296035012700483e-02	1.000000e+00	1.906799e+00	4.826931e-02	4.845999e-02	1.906799e-04	4.826931e-02
4.300917825200483e-02	1.000000e+00	1.906601e+00	-4.865064e-02	-4.845999e-02	1.906601e-04	-4.865064e-02
4.305800637700483e-02	1.000000e+00	1.906403e+00	4.826934e-02	4.845998e-02	1.906403e-04	4.826934e-02
4.310683450200482e-02	1.000000e+00	1.906205e+00	-4.865060e-02	-4.845998e-02	1.906205e-04	-4.865060e-02
4.315566262700482e-02	1.000000e+00	1.906007e+00	4.826937e-02	4.845997e-02	1.906007e-04	4.826937e-02
4.320449075200482e-02	1.000000e+00	1.905809e+00	-4.865055e-02	-4.845997e-02	1.905809e-04	-4.865055e-02
4.325331887700481e-02	1.000000e+00	1.905611e+00	4.826940e-02	4.845996e-02	1.905611e-04	4.826940e-02
4.330214700200481e-02	1.000000e+00	1.905413e+00	-4.865050e-02	-4.845996e-02	1.905413e-04	-4.865050e-02
4.335097512700481e-02	1.000000e+00	1.905215e+00	4.826943e-02	4.845995e-02	1.905215e-04	4.826943e-02
4.339980325200481e-02	1.000000e+00	1.905017e+00	-4.865045e-02	-4.845995e-02	1.905017e-04	-4.865045e-02
4.344863137700480e-02	1.000000e+00	1.904819e+00	4.826946e-02	4.845994e-02	1.904819e-04	4.826946e-02
4.349745950200480e-02	1.000000e+00	1.904621e+00	-4.865040e-02	-4.845994e-02	1.904621e-04	-4.865040e-02
4.354628762700480e-02	1.000000e+00	1.904423e+00	4.826949e-02	4.845994e-02	1.904423e-04	4.826949e-02
4.359511575200480e-02	1.000000e+00	1.904226e+00	-4.865035e-02	-4.845993e-02	1.904226e-04	-4.865035e-02
4.364394387700479e-02	1.000000e+00	1.904028e+00	4.826952e-02	4.845992e-02	1.904028e-04	4.826952e-02
4.369277200200479e-02	1.000000e+00	1.903830e+00	-4.865031e-02	-4.845992e-02	1.903830e-04	-4.865031e-02
4.374160012700479e-02	1.000000e+00	1.903632e+00	4.826955e-02	4.845992e-02	1.903632e-04	4.826955e-02
4.379042825200478e-02	1.000000e+00	1.903434e+00	-4.865025e-02	-4.845991e-02	1.903434e-04	-4.865025e-02
4.383925637700478e-02	1.000000e+00	1.903237e+00	4.826958e-02	4.845991e-02	1.903237e-04	4.826958e-02
4.388808450200478e-02	1.000000e+00	1.903039e+00	-4.865021e-02	-4.845990e-02	1.903039e-04	-4.865021e-02
4.393691262700478e-02	1.000000e+00	1.902841e+00	4.826961e-02	4.845990e-02	1.902841e-04	4.826961e-02
4.398574075200477e-02	1.000000e+00	1.902644e+00	-4.865016e-02	-4.845989e-02	1.902644e-04	-4.865016e-02
4.403456887700477e-02	1.000000e+00	1.902446e+00	4.826964e-02	4.845989e-02	1.902446e-04	4.826964e-02
4.408339700200477e-02	1.000000e+00	1.902248e+00	-4.865011e-02	-4.845988e-02	1.902248e-04	-4.865011e-02
4.413222512700476e-02	1.000000e+00	1.902051e+00	4.826967e-02	4.845988e-02	1.902051e-04	4.826967e-02
4.418105325200476e-02	1.000000e+00	1.901853e+00	-4.865006e-02	-4.845988e-02	1.901853e-04	-4.865006e-02
4.422988137700476e-02	1.000000e+00	1.901656e+00	4.826970e-02	4.845987e-02	1.901655e-04	4.826970e-02
4.427870950200476e-02	1.000000e+00	1.901458e+00	-4.865001e-02	-4.845987e-02	1.901458e-04	-4.865001e-02
4.432753762700475e-02	1.000000e+00	1.901260e+00	4.826973e-02	4.845986e-02	1.901260e-04	4.826973e-02
4.437636575200475e-02	1.000000e+00	1.901063e+00	-4.864996e-02	-4.845986e-02	1.901063e-04	-4.864996e-02
4.442519387700475e-02	1.000000e+00	1.900865e+00	4.826976e-02	4.845985e-02	1.900865e-04	4.826976e-02
4.447402200200475e-02	1.000000e+00	1.900668e+00	-4.864991e-02	-4.845985e-02	1.900668e-04	-4.864991e-02
4.452285012700474e-02	1.000000e+00	1.900470e+00	4.826979e-02	4.845984e-02	1.900471e-04	4.826979e-02
4.457167825200474e-02	1.000000e+00	1.900273e+00	-4.864987e-02	-4.845984e-02	1.900273e-04	-4.864987e-02
4.462050637700474e-02	1.000000e+00	1.900076e+00	4.826983e-02	4.845983e-02	1.900076e-04	4.826983e-02
4.466933450200473e-02	1.000000e+00	1.899878e+00	-4.864982e-02	-4.845983e-02	1.899878e-04	-4.864982e-02
4.471816262700473e-02	1.000000e+00	1.899681e+00	4.826986e-02	4.845982e-02	1.899681e-04	4.826986e-02
4.476699075200473e-02	1.000000e+00	1.899484e+00	-4.864977e-02	-4.845982e-02	1.899484e-04	-4.864977e-02
4.481581887700473e-02	1.000000e+00	1.899286e+00	4.826989e-02	4.845981e-02	1.899286e-04	4.826989e-02
4.486464700200472e-02	1.000000e+00	1.899089e+00	-4.864972e-02	-4.845981e-02	1.899089e-04	-4.864972e-02
4.491347512700472e-02	1.000000e+00	1.898892e+00	4.826992e-02	4.845981e-02	1.898892e-04	4.826992e-02
4.496230325200472e-02	1.000000e+00	1.898694e+00	-4.864967e-02	-4.845980e-02	1.898694e-04	-4.864967e-02
4.500000100000000e-02	1.000000e+00	1.898542e+00	4.826994e-02	4.845979e-02	1.898542e-04	4.826994e-02
4.500000200000000e-02	-1.000000e+00	-1.014565e-01	8.295958e-02	8.294942e-02	-1.014565e-05	8.295958e-02
4.500001799999999e-02	-1.000000e+00	-1.014565e-01	-8.290326e-02	-8.294129e-02	-1.014565e-05	-8.290326e-02
4.500002136939444e-02	-1.000000e+00	-1.014565e-01	8.275264e-02	8.274209e-02	-1.014565e-05	8.275264e-02
4.500002461050271e-02	-1.000000e+00	-1.014565e-01	-8.255508e-02	-8.256627e-02	-1.014565e-05	-8.255508e-02
4.500003109271924e-02	-1.000000e+00	-1.014565e-01	8.248688e-02	8.247538e-02	-1.014565e-05	8.248688e-02
4.500004405715231e-02	-1.000000e+00	-1.014565e-01	-8.242238e-02	-8.243311e-02	-1.014565e-05	-8.242238e-02
4.500006998601846e-02	-1.000000e+00	-1.014565e-01	8.242057e-02	8.241009e-02	-1.014565e-05	8.242057e-02
4.500012184375075e-02	-1.000000e+00	-1.014565e-01	-8.238924e-02	-8.239952e-02	-1.014565e-05	-8.238924e-02
4.500022555921532e-02	-1.000000e+00	-1.014565e-01	8.240400e-02	8.239377e-02	-1.014565e-05	8.240400e-02
4.500043299014448e-02	-1.000000e+00	-1.014564e-01	-8.238095e-02	-8.239114e-02	-1.014564e-05	-8.238095e-02
4.500084785200279e-02	-1.000000e+00	-1.014563e-01	8.239986e-02	8.238970e-02	-1.014563e-05	8.239986e-02
4.500167757571941e-02	-1.000000e+00	-1.014561e-01	-8.237888e-02	-8.238903e-02	-1.014561e-05	-8.237888e-02
4.500333702315266e-02	-1.000000e+00	-1.014558e-01	8.239882e-02	8.238868e-02	-1.014558e-05	8.239882e-02
4.500665591801915e-02	-1.000000e+00	-1.014551e-01	-8.237836e-02	-8.238851e-02	-1.014551e-05	-8.237836e-02
4.501329370775212e-02	-1.000000e+00	-1.014536e-01	8.239857e-02	8.238842e-02	-1.014536e-05	8.239857e-02
4.502656928721808e-02	-1.000000e+00	-1.014508e-01	-8.237823e-02	-8.238838e-02	-1.014508e-05	-8.237823e-02
4.505312044614998e-02	-1.000000e+00	-1.014450e-01	8.239850e-02	8.238836e-02	-1.014450e-05	8.239850e-02
4.510194857114998e-02	-1.000000e+00	-1.014345e-01	-8.237820e-02	-8.238834e-02	-1.014345e-05	-8.237820e-02
4.515077669614997e-02	-1.000000e+00	-1.014240e-01	8.239847e-02	8.238833e-02	-1.014240e-05	8.239847e-02
4.519960482114997e-02	-1.000000e+00	-1.014134e-01	-8.237818e-02	-8.238832e-02	-1.014134e-05	-8.237818e-02
4.524843294614997e-02	-1.000000e+00	-1.014029e-01	8.239845e-02	8.238831e-02	-1.014029e-05	8.239845e-02
4.529726107114997e-02	-1.000000e+00	-1.013923e-01	-8.237816e-02	-8.238830e-02	-1.013923e-05	-8.237816e-02
4.534608919614996e-02	-1.000000e+00	-1.013818e-01	8.239842e-02	8.238829e-02	-1.013818e-05	8.239842e-02
4.539491732114996e-02	-1.000000e+00	-1.013713e-01	-8.237813e-02	-8.238827e-02	-1.013713e-05	-8.237813e-02
4.544374544614996e-02	-1.000000e+00	-1.013608e-01	8.239840e-02	8.238827e-02	-1.013608e-05	8.239840e-02
4.549257357114996e-02	-1.000000e+00	-1.013502e-01	-8.237811e-02	-8.238825e-02	-1.013502e-05	-8.237811e-02
4.554140169614995e-02	-1.000000e+00	-1.013397e-01	8.239838e-02	8.238824e-02	-1.013397e-05	8.239838e-02
4.559022982114995e-02	-1.000000e+00	-1.013292e-01	-8.237810e-02	-8.238823e-02	-1.013292e-05	-8.237810e-02
4.563905794614995e-02	-1.000000e+00	-1.013186e-01	8.239835e-02	8.238821e-02	-1.013186e-05	8.239835e-02
4.568788607114994e-02	-1.000000e+00	-1.013081e-01	-8.237807e-02	-8.238820e-02	-1.013081e-05	-8.237807e-02
4.573671419614994e-02	-1.000000e+00	-1.012976e-01	8.239833e-02	8.238819e-02	-1.012976e-05	8.239833e-02
4.578554232114994e-02	-1.000000e+00	-1.012871e-01	-8.237805e-02	-8.238818e-02	-1.012871e-05	-8.237805e-02
4.583437044614994e-02	-1.000000e+00	-1.012765e-01	8.239830e-02	8.238817e-02	-1.012765e-05	8.239830e-02
4.588319857114993e-02	-1.000000e+00	-1.012660e-01	-8.237803e-02	-8.238816e-02	-1.012660e-05	-8.237803e-02
4.593202669614993e-02	-1.000000e+00	-1.012555e-01	8.239827e-02	8.238815e-02	-1.012555e-05	8.239827e-02
4.598085482114993e-02	-1.000000e+00	-1.012450e-01	-8.237801e-02	-8.238813e-02	-1.012450e-05	-8.237801e-02
4.602968294614992e-02	-1.000000e+00	-1.012345e-01	8.239824e-02	8.238813e-02	-1.012345e-05	8.239824e-02
4.607851107114992e-02	-1.000000e+00	-1.012239e-01	-8.237799e-02	-8.238811e-02	-1.012239e-05	-8.237799e-02
4.612733919614992e-02	-1.000000e+00	-1.012134e-01	8.239822e-02	8.238810e-02	-1.012134e-05	8.239822e-02
4.617616732114992e-02	-1.000000e+00	-1.012029e-01	-8.237796e-02	-8.238809e-02	-1.012029e-05	-8.237796e-02
4.622499544614991e-02	-1.000000e+00	-1.011924e-01	8.239820e-02	8.238807e-02	-1.011924e-05	8.239820e-02
4.627382357114991e-02	-1.000000e+00	-1.011819e-01	-8.237795e-02	-8.238807e-02	-1.011819e-05	-8.237795e-02
4.632265169614991e-02	-1.000000e+00	-1.011714e-01	8.239817e-02	8.238805e-02	-1.011714e-05	8.239817e-02
4.637147982114991e-02	-1.000000e+00	-1.011609e-01	-8.237793e-02	-8.238804e-02	-1.011608e-05	-8.237793e-02
4.642030794614990e-02	-1.000000e+00	-1.011503e-01	8.239815e-02	8.238803e-02	-1.011503e-05	8.239815e-02
4.646913607114990e-02	-1.000000e+00	-1.011398e-01	-8.237790e-02	-8.238801e-02	-1.011398e-05	-8.237790e-02
4.651796419614990e-02	-1.000000e+00	-1.011293e-01	8.239812e-02	8.238801e-02	-1.011293e-05	8.239812e-02
4.656679232114989e-02	-1.000000e+00	-1.011188e-01	-8.237788e-02	-8.238799e-02	-1.011188e-05	-8.237788e-02
4.661562044614989e-02	-1.000000e+00	-1.011083e-01	8.239809e-02	8.238798e-02	-1.011083e-05	8.239809e-02
4.666444857114989e-02	-1.000000e+00	-1.010978e-01	-8.237786e-02	-8.238797e-02	-1.010978e-05	-8.237786e-02
4.671327669614989e-02	-1.000000e+00	-1.010873e-01	8.239806e-02	8.238796e-02	-1.010873e-05	8.239806e-02
4.676210482114988e-02	-1.000000e+00	-1.010768e-01	-8.237784e-02	-8.238795e-02	-1.010768e-05	-8.237784e-02
4.681093294614988e-02	-1.000000e+00	-1.010663e-01	8.239804e-02	8.238793e-02	-1.010663e-05	8.239804e-02
4.685976107114988e-02	-1.000000e+00	-1.010558e-01	-8.237781e-02	-8.238792e-02	-1.010558e-05	-8.237781e-02
4.690858919614987e-02	-1.000000e+00	-1.010453e-01	8.239802e-02	8.238791e-02	-1.010453e-05	8.239802e-02
4.695741732114987e-02	-1.000000e+00	-1.010348e-01	-8.237779e-02	-8.238790e-02	-1.010348e-05	-8.237779e-02
4.700624544614987e-02	-1.000000e+00	-1.010243e-01	8.239799e-02	8.238789e-02	-1.010243e-05	8.239799e-02
4.705507357114987e-02	-1.000000e+00	-1.010138e-01	-8.237778e-02	-8.238787e-02	-1.010138e-05	-8.237778e-02
4.710390169614986e-02	-1.000000e+00	-1.010033e-01	8.239797e-02	8.238786e-02	-1.010033e-05	8.239797e-02
4.715272982114986e-02	-1.000000e+00	-1.009928e-01	-8.237775e-02	-8.238785e-02	-1.009928e-05	-8.237775e-02
4.720155794614986e-02	-1.000000e+00	-1.009823e-01	8.239794e-02	8.238784e-02	-1.009823e-05	8.239794e-02
4.725038607114986e-02	-1.000000e+00	-1.009718e-01	-8.237773e-02	-8.238783e-02	-1.009718e-05	-8.237773e-02
4.729921419614985e-02	-1.000000e+00	-1.009614e-01	8.239792e-02	8.238782e-02	-1.009614e-05	8.239792e-02
4.734804232114985e-02	-1.000000e+00	-1.009509e-01	-8.237771e-02	-8.238780e-02	-1.009509e-05	-8.237771e-02
4.739687044614985e-02	-1.000000e+00	-1.009404e-01	8.239789e-02	8.238780e-02	-1.009404e-05	8.239789e-02
4.744569857114984e-02	-1.000000e+00	-1.009299e-01	-8.237769e-02	-8.238778e-02	-1.009299e-05	-8.237769e-02
4.749452669614984e-02	-1.000000e+00	-1.009194e-01	8.239786e-02	8.238777e-02	-1.009194e-05	8.239786e-02
4.754335482114984e-02	-1.000000e+00	-1.009089e-01	-8.237766e-02	-8.238776e-02	-1.009089e-05	-8.237766e-02
4.759218294614984e-02	-1.000000e+00	-1.008984e-01	8.239784e-02	8.238775e-02	-1.008984e-05	8.239784e-02
4.764101107114983e-02	-1.000000e+00	-1.008879e-01	-8.237764e-02	-8.238773e-02	-1.008879e-05	-8.237764e-02
4.768983919614983e-02	-1.000000e+00	-1.008775e-01	8.239781e-02	8.238772e-02	-1.008775e-05	8.239781e-02
4.773866732114983e-02	-1.000000e+00	-1.008670e-01	-8.237763e-02	-8.238771e-02	-1.008670e-05	-8.237763e-02
4.778749544614982e-02	-1.000000e+00	-1.008565e-01	8.239779e-02	8.238770e-02	-1.008565e-05	8.239779e-02
4.783632357114982e-02	-1.000000e+00	-1.008460e-01	-8.237761e-02	-8.238769e-02	-1.008460e-05	-8.237761e-02
4.788515169614982e-02	-1.000000e+00	-1.008356e-01	8.239776e-02	8.238768e-02	-1.008356e-05	8.239776e-02
4.793397982114982e-02	-1.000000e+00	-1.008251e-01	-8.237758e-02	-8.238766e-02	-1.008251e-05	-8.237758e-02
4.798280794614981e-02	-1.000000e+00	-1.008146e-01	8.239774e-02	8.238766e-02	-1.008146e-05	8.239774e-02
4.803163607114981e-02	-1.000000e+00	-1.008041e-01	-8.237756e-02	-8.238764e-02	-1.008041e-05	-8.237756e-02
4.808046419614981e-02	-1.000000e+00	-1.007937e-01	8.239771e-02	8.238763e-02	-1.007937e-05	8.239771e-02
4.812929232114981e-02	-1.000000e+00	-1.007832e-01	-8.237754e-02	-8.238762e-02	-1.007832e-05	-8.237754e-02
4.817812044614980e-02	-1.000000e+00	-1.007727e-01	8.239768e-02	8.238760e-02	-1.007727e-05	8.239768e-02
4.822694857114980e-02	-1.000000e+00	-1.007622e-01	-8.237752e-02	-8.238760e-02	-1.007622e-05	-8.237752e-02
4.827577669614980e-02	-1.000000e+00	-1.007518e-01	8.239766e-02	8.238758e-02	-1.007518e-05	8.239766e-02
4.832460482114979e-02	-1.000000e+00	-1.007413e-01	-8.237749e-02	-8.238757e-02	-1.007413e-05	-8.237749e-02
4.837343294614979e-02	-1.000000e+00	-1.007308e-01	8.239763e-02	8.238756e-02	-1.007308e-05	8.239763e-02
4.842226107114979e-02	-1.000000e+00	-1.007204e-01	-8.237747e-02	-8.238754e-02	-1.007204e-05	-8.237747e-02
4.847108919614979e-02	-1.000000e+00	-1.007099e-01	8.239761e-02	8.238754e-02	-1.007099e-05	8.239761e-02
4.851991732114978e-02	-1.000000e+00	-1.006994e-01	-8.237746e-02	-8.238752e-02	-1.006994e-05	-8.237746e-02
4.856874544614978e-02	-1.000000e+00	-1.006890e-01	8.239758e-02	8.238751e-02	-1.006890e-05	8.239758e-02
4.861757357114978e-02	-1.000000e+00	-1.006785e-01	-8.237743e-02	-8.238750e-02	-1.006785e-05	-8.237743e-02
4.866640169614977e-02	-1.000000e+00	-1.006681e-01	8.239756e-02	8.238749e-02	-1.006681e-05	8.239756e-02
4.871522982114977e-02	-1.000000e+00	-1.006576e-01	-8.237741e-02	-8.238748e-02	-1.006576e-05	-8.237741e-02
4.876405794614977e-02	-1.000000e+00	-1.006472e-01	8.239753e-02	8.238747e-02	-1.006471e-05	8.239753e-02
4.881288607114977e-02	-1.000000e+00	-1.006367e-01	-8.237739e-02	-8.238745e-02	-1.006367e-05	-8.237739e-02
4.886171419614976e-02	-1.000000e+00	-1.006262e-01	8.239751e-02	8.238744e-02	-1.006262e-05	8.239751e-02
4.891054232114976e-02	-1.000000e+00	-1.006158e-01	-8.237737e-02	-8.238743e-02	-1.006158e-05	-8.237737e-02
4.895937044614976e-02	-1.000000e+00	-1.006053e-01	8.239748e-02	8.238742e-02	-1.006053e-05	8.239748e-02
4.900819857114976e-02	-1.000000e+00	-1.005949e-01	-8.237734e-02	-8.238740e-02	-1.005949e-05	-8.237734e-02
4.905702669614975e-02	-1.000000e+00	-1.005844e-01	8.239745e-02	8.238740e-02	-1.005844e-05	8.239745e-02
4.910585482114975e-02	-1.000000e+00	-1.005740e-01	-8.237732e-02	-8.238738e-02	-1.005740e-05	-8.237732e-02
4.915468294614975e-02	-1.000000e+00	-1.005635e-01	8.239743e-02	8.238737e-02	-1.005635e-05	8.239743e-02
4.920351107114974e-02	-1.000000e+00	-1.005531e-01	-8.237731e-02	-8.238736e-02	-1.005531e-05	-8.237731e-02
4.925233919614974e-02	-1.000000e+00	-1.005426e-01	8.239740e-02	8.238735e-02	-1.005426e-05	8.239740e-02
4.930116732114974e-02	-1.000000e+00	-1.005322e-01	-8.237728e-02	-8.238734e-02	-1.005322e-05	-8.237728e-02
4.934999544614974e-02	-1.000000e+00	-1.005217e-01	8.239738e-02	8.238733e-02	-1.005217e-05	8.239738e-02
4.939882357114973e-02	-1.000000e+00	-1.005113e-01	-8.237726e-02	-8.238731e-02	-1.005113e-05	-8.237726e-02
4.944765169614973e-02	-1.000000e+00	-1.005009e-01	8.239735e-02	8.238731e-02	-1.005009e-05	8.239735e-02
4.949647982114973e-02	-1.000000e+00	-1.004904e-01	-8.237724e-02	-8.238729e-02	-1.004904e-05	-8.237724e-02
4.954530794614972e-02	-1.000000e+00	-1.004800e-01	8.239733e-02	8.238728e-02	-1.004800e-05	8.239733e-02
4.959413607114972e-02	-1.000000e+00	-1.004695e-01	-8.237722e-02	-8.238727e-02	-1.004695e-05	-8.237722e-02
4.964296419614972e-02	-1.000000e+00	-1.004591e-01	8.239730e-02	8.238725e-02	-1.004591e-05	8.239730e-02
4.969179232114972e-02	-1.000000e+00	-1.004487e-01	-8.237720e-02	-8.238724e-02	-1.004487e-05	-8.237720e-02
4.974062044614971e-02	-1.000000e+00	-1.004382e-01	8.239727e-02	8.238723e-02	-1.004382e-05	8.239727e-02
4.978944857114971e-02	-1.000000e+00	-1.004278e-01	-8.237717e-02	-8.238722e-02	-1.004278e-05	-8.237717e-02
4.983827669614971e-02	-1.000000e+00	-1.004174e-01	8.239725e-02	8.238721e-02	-1.004174e-05	8.239725e-02
4.988710482114971e-02	-1.000000e+00	-1.004069e-01	-8.237715e-02	-8.238719e-02	-1.004069e-05	-8.237715e-02
4.993593294614970e-02	-1.000000e+00	-1.003965e-01	8.239722e-02	8.238719e-02	-1.003965e-05	8.239722e-02
4.998476107114970e-02	-1.000000e+00	-1.003861e-01	-8.237714e-02	-8.238717e-02	-1.003861e-05	-8.237714e-02
5.000000000000000e-02	-1.000000e+00	-1.003828e-01	8.239717e-02	8.238713e-02	-1.003828e-05	8.239717e-02
