time	V(vi)	V(vo)	V(n003)	I(D1)	I(D2)	I(R1)	I(VI)
0.000000000000000e+00	0.000000e+00	0.000000e+00	0.000000e+00	0.000000e+00	0.000000e+00	0.000000e+00	0.000000e+00
2.929687603625553e-10	1.380583e-06	7.310245e-09	3.655122e-09	1.373272e-09	-1.373272e-09	-1.373272e-09	-1.373272e-09
5.859375207251105e-10	2.761165e-06	1.894693e-08	9.473465e-09	2.742219e-09	-2.742219e-09	-2.742219e-09	-2.742219e-09
1.171875041450221e-09	5.522331e-06	5.084591e-08	2.542296e-08	5.471485e-09	-5.471485e-09	-5.471485e-09	-5.471485e-09
2.343750082900442e-09	1.104466e-05	1.660725e-07	8.303625e-08	1.087859e-08	-1.087859e-08	-1.087859e-08	-1.087859e-08
4.687500165800884e-09	2.208932e-05	5.990299e-07	2.995150e-07	2.149029e-08	-2.149029e-08	-2.149029e-08	-2.149029e-08
9.375000331601768e-09	4.417865e-05	2.249992e-06	1.124996e-06	4.192865e-08	-4.192865e-08	-4.192865e-08	-4.192865e-08
1.875000066320354e-08	8.835729e-05	8.503172e-06	4.251589e-06	7.985413e-08	-7.985413e-08	-7.985413e-08	-7.985413e-08
3.750000132640707e-08	1.767146e-04	3.145923e-05	1.572966e-05	1.452554e-07	-1.452554e-07	-1.452554e-07	-1.452554e-07
7.073839446185965e-08	3.333468e-04	9.972152e-05	4.986127e-05	2.336253e-07	-2.336253e-07	-2.336253e-07	-2.336253e-07
1.059170904717750e-07	4.991225e-04	2.009780e-04	1.004912e-04	2.981446e-07	-2.981446e-07	-2.981446e-07	-2.981446e-07
1.611236663885889e-07	7.592774e-04	3.979156e-04	1.989667e-04	3.613617e-07	-3.613617e-07	-3.613617e-07	-3.613617e-07
2.304546989614688e-07	1.085992e-03	6.840504e-04	3.420520e-04	4.019418e-07	-4.019418e-07	-4.019418e-07	-4.019418e-07
3.402370770343796e-07	1.603329e-03	1.176114e-03	5.881371e-04	4.272154e-07	-4.272154e-07	-4.272154e-07	-4.272154e-07
4.948622781558705e-07	2.331984e-03	1.896838e-03	9.486286e-04	4.351455e-07	-4.351455e-07	-4.351455e-07	-4.351455e-07
7.688122087828359e-07	3.622942e-03	3.186825e-03	1.594007e-03	4.361169e-07	-4.361169e-07	-4.361169e-07	-4.361169e-07
1.283808687824314e-06	6.049805e-03	5.613850e-03	2.808775e-03	4.359550e-07	-4.359550e-07	-4.359550e-07	-4.359550e-07
2.313801645907271e-06	1.090353e-02	1.046733e-02	5.240123e-03	4.361989e-07	-4.361989e-07	-4.361989e-07	-4.361989e-07
4.373787562073184e-06	2.061096e-02	2.017461e-02	1.011148e-02	4.363557e-07	-4.363557e-07	-4.363557e-07	-4.363557e-07
8.493759394405013e-06	4.002571e-02	3.958876e-02	1.988891e-02	4.369462e-07	-4.369462e-07	-4.369462e-07	-4.369462e-07
1.673370305906867e-05	7.885426e-02	7.841626e-02	3.959066e-02	4.380036e-07	-4.380036e-07	-4.380036e-07	-4.380036e-07
3.321359038839598e-05	1.565040e-01	1.560628e-01	7.965269e-02	4.412124e-07	-4.412124e-07	-4.412124e-07	-4.412130e-07
6.251046538839598e-05	2.944979e-01	2.940445e-01	1.537662e-01	4.533798e-07	-4.533798e-07	-4.533798e-07	-4.534106e-07
9.180734038839597e-05	4.323920e-01	4.319075e-01	2.337758e-01	4.844932e-07	-4.844932e-07	-4.844932e-07	-4.848222e-07
1.211042153883960e-04	5.701396e-01	5.695925e-01	3.245214e-01	5.471337e-07	-5.471337e-07	-5.471337e-07	-5.471345e-07
1.504010903883960e-04	7.076941e-01	7.070699e-01	4.309644e-01	6.240971e-07	-6.240971e-07	-6.240971e-07	-6.241099e-07
1.796979653883960e-04	8.450087e-01	8.443353e-01	5.529766e-01	6.733385e-07	-6.733385e-07	-6.733385e-07	-6.733592e-07
2.089948403883960e-04	9.820369e-01	9.813539e-01	6.849799e-01	6.831161e-07	-6.831161e-07	-6.831161e-07	-6.831202e-07
2.382917153883960e-04	1.118733e+00	1.118062e+00	8.211208e-01	6.709499e-07	-6.709499e-07	-6.709499e-07	-6.715964e-07
2.675885903883960e-04	1.255049e+00	1.254395e+00	9.584444e-01	6.541026e-07	-6.541026e-07	-6.541026e-07	-6.541773e-07
2.968854653883960e-04	1.390940e+00	1.390305e+00	1.095851e+00	6.351855e-07	-6.351855e-07	-6.351855e-07	-6.351931e-07
3.261823403883960e-04	1.526360e+00	1.525743e+00	1.232824e+00	6.172991e-07	-6.172991e-07	-6.172991e-07	-6.172990e-07
3.554792153883960e-04	1.661263e+00	1.660662e+00	1.369230e+00	6.005412e-07	-6.005412e-07	-6.005412e-07	-6.005411e-07
3.847760903883961e-04	1.795603e+00	1.795018e+00	1.505009e+00	5.850438e-07	-5.850438e-07	-5.850438e-07	-5.850437e-07
4.140729653883961e-04	1.929334e+00	1.928764e+00	1.640120e+00	5.704468e-07	-5.704468e-07	-5.704468e-07	-5.704467e-07
4.433698403883961e-04	2.062412e+00	2.061855e+00	1.774524e+00	5.568295e-07	-5.568295e-07	-5.568295e-07	-5.568294e-07
4.726667153883961e-04	2.194791e+00	2.194247e+00	1.908183e+00	5.438709e-07	-5.438709e-07	-5.438709e-07	-5.438707e-07
5.019635903883962e-04	2.326426e+00	2.325894e+00	2.041057e+00	5.316949e-07	-5.316949e-07	-5.316949e-07	-5.316948e-07
5.312604653883962e-04	2.457273e+00	2.456753e+00	2.173105e+00	5.200432e-07	-5.200432e-07	-5.200432e-07	-5.200429e-07
5.605573403883962e-04	2.587287e+00	2.586778e+00	2.304284e+00	5.091140e-07	-5.091140e-07	-5.091140e-07	-5.091139e-07
5.898542153883963e-04	2.716425e+00	2.715926e+00	2.434543e+00	4.987806e-07	-4.987806e-07	-4.987806e-07	-4.987804e-07
6.191510903883963e-04	2.844642e+00	2.844153e+00	2.563823e+00	4.894694e-07	-4.894694e-07	-4.894694e-07	-4.894692e-07
6.484479653883963e-04	2.971895e+00	2.971414e+00	2.692043e+00	4.815082e-07	-4.815082e-07	-4.815082e-07	-4.815082e-07
6.777448403883963e-04	3.098142e+00	3.097666e+00	2.819076e+00	4.762126e-07	-4.762126e-07	-4.762126e-07	-4.762130e-07
7.070417153883964e-04	3.223338e+00	3.222863e+00	2.944708e+00	4.756799e-07	-4.756799e-07	-4.756799e-07	-4.756823e-07
7.363385903883964e-04	3.347443e+00	3.346958e+00	3.068555e+00	4.846605e-07	-4.846605e-07	-4.846605e-07	-4.846710e-07
7.656354653883964e-04	3.470413e+00	3.469901e+00	3.189926e+00	5.117471e-07	-5.117471e-07	-5.117471e-07	-5.117893e-07
7.949323403883964e-04	3.592207e+00	3.591634e+00	3.307645e+00	5.732864e-07	-5.732864e-07	-5.732864e-07	-5.734469e-07
8.242292153883965e-04	3.712785e+00	3.712088e+00	3.419996e+00	6.968885e-07	-6.968885e-07	-6.968885e-07	-6.974366e-07
8.535260903883965e-04	3.832103e+00	3.831175e+00	3.525306e+00	9.285160e-07	-9.285160e-07	-9.285160e-07	-9.285164e-07
8.828229653883965e-04	3.950124e+00	3.948791e+00	3.623041e+00	1.333574e-06	-1.333574e-06	-1.333574e-06	-1.333575e-06
9.121198403883965e-04	4.066806e+00	4.064791e+00	3.714816e+00	2.015404e-06	-2.015404e-06	-2.015404e-06	-2.015404e-06
9.414167153883966e-04	4.182111e+00	4.178978e+00	3.803158e+00	3.132196e-06	-3.132196e-06	-3.132196e-06	-3.132919e-06
9.707135903883966e-04	4.295998e+00	4.291064e+00	3.889231e+00	4.933822e-06	-4.933822e-06	-4.933822e-06	-4.934119e-06
1.000010465388397e-03	4.408429e+00	4.400638e+00	3.973023e+00	7.791332e-06	-7.791332e-06	-7.791332e-06	-7.791822e-06
1.029307340388397e-03	4.519367e+00	4.507127e+00	4.054253e+00	1.223995e-05	-1.223995e-05	-1.223995e-05	-1.224101e-05
1.058604215388397e-03	4.628774e+00	4.609772e+00	4.132431e+00	1.900143e-05	-1.900143e-05	-1.900143e-05	-1.900390e-05
1.087901090388397e-03	4.736611e+00	4.707638e+00	4.206897e+00	2.897401e-05	-2.897401e-05	-2.897401e-05	-2.897963e-05
1.117197965388397e-03	4.842844e+00	4.799692e+00	4.276914e+00	4.315260e-05	-4.315260e-05	-4.315260e-05	-4.316443e-05
1.146494840388397e-03	4.947437e+00	4.884963e+00	4.341784e+00	6.247422e-05	-6.247422e-05	-6.247422e-05	-6.249620e-05
1.175791715388397e-03	5.050353e+00	4.962729e+00	4.401001e+00	8.762405e-05	-8.762405e-05	-8.762405e-05	-8.765912e-05
1.205088590388397e-03	5.151557e+00	5.032670e+00	4.454354e+00	1.188872e-04	-1.188872e-04	-1.188872e-04	-1.189348e-04
1.234385465388397e-03	5.251016e+00	5.094905e+00	4.501950e+00	1.561107e-04	-1.561107e-04	-1.561107e-04	-1.561661e-04
1.263682340388397e-03	5.348696e+00	5.149913e+00	4.544157e+00	1.987828e-04	-1.987828e-04	-1.987828e-04	-1.988393e-04
1.292979215388397e-03	5.444563e+00	5.198393e+00	4.581494e+00	2.461706e-04	-2.461706e-04	-2.461706e-04	-2.462224e-04
1.322276090388397e-03	5.538586e+00	5.241129e+00	4.614543e+00	2.974568e-04	-2.974568e-04	-2.974568e-04	-2.975009e-04
1.351572965388397e-03	5.630732e+00	5.278895e+00	4.643870e+00	3.518372e-04	-3.518372e-04	-3.518372e-04	-3.518729e-04
1.380869840388397e-03	5.720970e+00	5.312395e+00	4.669992e+00	4.085758e-04	-4.085758e-04	-4.085758e-04	-4.086038e-04
1.410166715388397e-03	5.809270e+00	5.342244e+00	4.693361e+00	4.670258e-04	-4.670258e-04	-4.670258e-04	-4.670474e-04
1.439463590388397e-03	5.895601e+00	5.368968e+00	4.714363e+00	5.266328e-04	-5.266328e-04	-5.266328e-04	-5.266493e-04
1.468760465388397e-03	5.979935e+00	5.393008e+00	4.733322e+00	5.869269e-04	-5.869269e-04	-5.869269e-04	-5.869395e-04
1.498057340388397e-03	6.062242e+00	5.414730e+00	4.750510e+00	6.475120e-04	-6.475120e-04	-6.475120e-04	-6.475217e-04
1.527354215388397e-03	6.142495e+00	5.434441e+00	4.766154e+00	7.080546e-04	-7.080546e-04	-7.080546e-04	-7.080621e-04
1.556651090388397e-03	6.220667e+00	5.452394e+00	4.780443e+00	7.682730e-04	-7.682730e-04	-7.682730e-04	-7.682788e-04
1.585947965388397e-03	6.296731e+00	5.468803e+00	4.793535e+00	8.279283e-04	-8.279283e-04	-8.279283e-04	-8.279329e-04
1.615244840388397e-03	6.370662e+00	5.483845e+00	4.805563e+00	8.868172e-04	-8.868172e-04	-8.868172e-04	-8.868209e-04
1.644541715388397e-03	6.442434e+00	5.497668e+00	4.816640e+00	9.447657e-04	-9.447657e-04	-9.447657e-04	-9.447687e-04
1.673838590388397e-03	6.512023e+00	5.510399e+00	4.826859e+00	1.001624e-03	-1.001624e-03	-1.001624e-03	-1.001626e-03
1.703135465388397e-03	6.579405e+00	5.522143e+00	4.836300e+00	1.057263e-03	-1.057263e-03	-1.057263e-03	-1.057265e-03
1.732432340388397e-03	6.644559e+00	5.532989e+00	4.845031e+00	1.111569e-03	-1.111569e-03	-1.111569e-03	-1.111571e-03
1.761729215388397e-03	6.707460e+00	5.543015e+00	4.853107e+00	1.164446e-03	-1.164446e-03	-1.164446e-03	-1.164447e-03
1.791026090388397e-03	6.768089e+00	5.552284e+00	4.860579e+00	1.215806e-03	-1.215806e-03	-1.215806e-03	-1.215807e-03
1.820322965388397e-03	6.826425e+00	5.560853e+00	4.867488e+00	1.265573e-03	-1.265573e-03	-1.265573e-03	-1.265574e-03
1.849619840388397e-03	6.882448e+00	5.568770e+00	4.873870e+00	1.313678e-03	-1.313678e-03	-1.313678e-03	-1.313679e-03
1.878916715388397e-03	6.936139e+00	5.576078e+00	4.879758e+00	1.360061e-03	-1.360061e-03	-1.360061e-03	-1.360062e-03
1.908213590388397e-03	6.987479e+00	5.582814e+00	4.885181e+00	1.404665e-03	-1.404665e-03	-1.404665e-03	-1.404666e-03
1.937510465388397e-03	7.036452e+00	5.589013e+00	4.890164e+00	1.447439e-03	-1.447439e-03	-1.447439e-03	-1.447440e-03
1.966807340388397e-03	7.083041e+00	5.594707e+00	4.894733e+00	1.488334e-03	-1.488334e-03	-1.488334e-03	-1.488335e-03
1.996104215388397e-03	7.127229e+00	5.599924e+00	4.898911e+00	1.527306e-03	-1.527306e-03	-1.527306e-03	-1.527307e-03
2.025401090388397e-03	7.169003e+00	5.604692e+00	4.902719e+00	1.564311e-03	-1.564311e-03	-1.564311e-03	-1.564312e-03
2.054697965388397e-03	7.208348e+00	5.609038e+00	4.906182e+00	1.599310e-03	-1.599310e-03	-1.599310e-03	-1.599311e-03
2.083994840388396e-03	7.245250e+00	5.612987e+00	4.909318e+00	1.632263e-03	-1.632263e-03	-1.632263e-03	-1.632264e-03
2.113291715388396e-03	7.279697e+00	5.616562e+00	4.912149e+00	1.663135e-03	-1.663135e-03	-1.663135e-03	-1.663136e-03
2.142588590388396e-03	7.311677e+00	5.619786e+00	4.914694e+00	1.691892e-03	-1.691892e-03	-1.691892e-03	-1.691892e-03
2.171885465388396e-03	7.341181e+00	5.622680e+00	4.916971e+00	1.718501e-03	-1.718501e-03	-1.718501e-03	-1.718502e-03
2.201182340388396e-03	7.368196e+00	5.625262e+00	4.918996e+00	1.742935e-03	-1.742935e-03	-1.742935e-03	-1.742935e-03
2.230479215388396e-03	7.392715e+00	5.627550e+00	4.920785e+00	1.765165e-03	-1.765165e-03	-1.765165e-03	-1.765166e-03
2.259776090388395e-03	7.414730e+00	5.629560e+00	4.922353e+00	1.785169e-03	-1.785169e-03	-1.785169e-03	-1.785169e-03
2.289072965388395e-03	7.434231e+00	5.631307e+00	4.923710e+00	1.802924e-03	-1.802924e-03	-1.802924e-03	-1.802925e-03
2.318369840388395e-03	7.451214e+00	5.632802e+00	4.924870e+00	1.818412e-03	-1.818412e-03	-1.818412e-03	-1.818413e-03
2.347666715388395e-03	7.465672e+00	5.634055e+00	4.925839e+00	1.831617e-03	-1.831617e-03	-1.831617e-03	-1.831617e-03
2.376963590388395e-03	7.477600e+00	5.635076e+00	4.926628e+00	1.842524e-03	-1.842524e-03	-1.842524e-03	-1.842525e-03
2.406260465388394e-03	7.486995e+00	5.635872e+00	4.927241e+00	1.851123e-03	-1.851123e-03	-1.851123e-03	-1.851123e-03
2.435557340388394e-03	7.493853e+00	5.636448e+00	4.927685e+00	1.857404e-03	-1.857404e-03	-1.857404e-03	-1.857405e-03
2.464854215388394e-03	7.498171e+00	5.636809e+00	4.927963e+00	1.861362e-03	-1.861362e-03	-1.861362e-03	-1.861362e-03
2.494151090388394e-03	7.499949e+00	5.636958e+00	4.928077e+00	1.862992e-03	-1.862992e-03	-1.862992e-03	-1.862992e-03
2.523447965388394e-03	7.499186e+00	5.636894e+00	4.928029e+00	1.862292e-03	-1.862292e-03	-1.862292e-03	-1.862292e-03
2.552744840388393e-03	7.495882e+00	5.636619e+00	4.927816e+00	1.859263e-03	-1.859263e-03	-1.859263e-03	-1.859264e-03
2.582041715388393e-03	7.490037e+00	5.636128e+00	4.927439e+00	1.853909e-03	-1.853909e-03	-1.853909e-03	-1.853909e-03
2.611338590388393e-03	7.481656e+00	5.635421e+00	4.926894e+00	1.846235e-03	-1.846235e-03	-1.846235e-03	-1.846235e-03
2.640635465388393e-03	7.470738e+00	5.634490e+00	4.926176e+00	1.836248e-03	-1.836248e-03	-1.836248e-03	-1.836248e-03
2.669932340388393e-03	7.457290e+00	5.633331e+00	4.925279e+00	1.823959e-03	-1.823959e-03	-1.823959e-03	-1.823959e-03
2.699229215388392e-03	7.441315e+00	5.631934e+00	4.924197e+00	1.809381e-03	-1.809381e-03	-1.809381e-03	-1.809381e-03
2.728526090388392e-03	7.422818e+00	5.630290e+00	4.922920e+00	1.792528e-03	-1.792528e-03	-1.792528e-03	-1.792529e-03
2.757822965388392e-03	7.401806e+00	5.628386e+00	4.921438e+00	1.773420e-03	-1.773420e-03	-1.773420e-03	-1.773420e-03
2.787119840388392e-03	7.378286e+00	5.626211e+00	4.919739e+00	1.752076e-03	-1.752076e-03	-1.752076e-03	-1.752076e-03
2.816416715388392e-03	7.352266e+00	5.623748e+00	4.917810e+00	1.728519e-03	-1.728519e-03	-1.728519e-03	-1.728519e-03
2.845713590388392e-03	7.323755e+00	5.620981e+00	4.915636e+00	1.702774e-03	-1.702774e-03	-1.702774e-03	-1.702775e-03
2.875010465388391e-03	7.292763e+00	5.617892e+00	4.913200e+00	1.674871e-03	-1.674871e-03	-1.674871e-03	-1.674872e-03
2.904307340388391e-03	7.259299e+00	5.614460e+00	4.910486e+00	1.644840e-03	-1.644840e-03	-1.644840e-03	-1.644840e-03
2.933604215388391e-03	7.223376e+00	5.610662e+00	4.907474e+00	1.612713e-03	-1.612713e-03	-1.612713e-03	-1.612714e-03
2.962901090388391e-03	7.185005e+00	5.606478e+00	4.904144e+00	1.578527e-03	-1.578527e-03	-1.578527e-03	-1.578527e-03
2.992197965388391e-03	7.144199e+00	5.601882e+00	4.900476e+00	1.542317e-03	-1.542317e-03	-1.542317e-03	-1.542318e-03
3.021494840388390e-03	7.100973e+00	5.596848e+00	4.896449e+00	1.504125e-03	-1.504125e-03	-1.504125e-03	-1.504126e-03
3.050791715388390e-03	7.055341e+00	5.591349e+00	4.892039e+00	1.463993e-03	-1.463993e-03	-1.463993e-03	-1.463993e-03
3.080088590388390e-03	7.007318e+00	5.585356e+00	4.887225e+00	1.421963e-03	-1.421963e-03	-1.421963e-03	-1.421963e-03
3.109385465388390e-03	6.956921e+00	5.578838e+00	4.881981e+00	1.378083e-03	-1.378083e-03	-1.378083e-03	-1.378084e-03
3.138682340388390e-03	6.904167e+00	5.571764e+00	4.876283e+00	1.332403e-03	-1.332403e-03	-1.332403e-03	-1.332404e-03
3.167979215388389e-03	6.849073e+00	5.564095e+00	4.870102e+00	1.284978e-03	-1.284978e-03	-1.284978e-03	-1.284979e-03
3.197276090388389e-03	6.791658e+00	5.555792e+00	4.863408e+00	1.235866e-03	-1.235866e-03	-1.235866e-03	-1.235867e-03
3.226572965388389e-03	6.731943e+00	5.546809e+00	4.856166e+00	1.185133e-03	-1.185133e-03	-1.185133e-03	-1.185134e-03
3.255869840388389e-03	6.669946e+00	5.537094e+00	4.848337e+00	1.132852e-03	-1.132852e-03	-1.132852e-03	-1.132853e-03
3.285166715388389e-03	6.605689e+00	5.526585e+00	4.839875e+00	1.079104e-03	-1.079104e-03	-1.079104e-03	-1.079105e-03
3.314463590388388e-03	6.539194e+00	5.515210e+00	4.830726e+00	1.023984e-03	-1.023984e-03	-1.023984e-03	-1.023985e-03
3.343760465388388e-03	6.470483e+00	5.502886e+00	4.820828e+00	9.675965e-04	-9.675965e-04	-9.675965e-04	-9.675983e-04
3.373057340388388e-03	6.399580e+00	5.489514e+00	4.810105e+00	9.100653e-04	-9.100653e-04	-9.100653e-04	-9.100674e-04
3.402354215388388e-03	6.326508e+00	5.474977e+00	4.798470e+00	8.515309e-04	-8.515309e-04	-8.515309e-04	-8.515335e-04
3.431651090388388e-03	6.251293e+00	5.459136e+00	4.785819e+00	7.921571e-04	-7.921571e-04	-7.921571e-04	-7.921603e-04
3.460947965388388e-03	6.173959e+00	5.441824e+00	4.772027e+00	7.321350e-04	-7.321350e-04	-7.321350e-04	-7.321389e-04
3.490244840388387e-03	6.094534e+00	5.422846e+00	4.756948e+00	6.716881e-04	-6.716881e-04	-6.716881e-04	-6.716931e-04
3.519541715388387e-03	6.013043e+00	5.401964e+00	4.740404e+00	6.110799e-04	-6.110799e-04	-6.110799e-04	-6.110863e-04
3.548838590388387e-03	5.929515e+00	5.378893e+00	4.722185e+00	5.506221e-04	-5.506221e-04	-5.506221e-04	-5.506302e-04
3.578135465388387e-03	5.843978e+00	5.353294e+00	4.702039e+00	4.906841e-04	-4.906841e-04	-4.906841e-04	-4.906945e-04
3.607432340388387e-03	5.756461e+00	5.324757e+00	4.679663e+00	4.317046e-04	-4.317046e-04	-4.317046e-04	-4.317180e-04
3.636729215388386e-03	5.666994e+00	5.292791e+00	4.654697e+00	3.742023e-04	-3.742023e-04	-3.742023e-04	-3.742196e-04
3.666026090388386e-03	5.575605e+00	5.256820e+00	4.626719e+00	3.187854e-04	-3.187854e-04	-3.187854e-04	-3.188074e-04
3.695322965388386e-03	5.482328e+00	5.216175e+00	4.595235e+00	2.661537e-04	-2.661537e-04	-2.661537e-04	-2.661811e-04
3.724619840388386e-03	5.387194e+00	5.170108e+00	4.559699e+00	2.170858e-04	-2.170858e-04	-2.170858e-04	-2.171190e-04
3.753916715388386e-03	5.290234e+00	5.117833e+00	4.519532e+00	1.724004e-04	-1.724004e-04	-1.724004e-04	-1.724385e-04
3.783213590388385e-03	5.191481e+00	5.058603e+00	4.474178e+00	1.328776e-04	-1.328776e-04	-1.328776e-04	-1.329182e-04
3.812510465388385e-03	5.090970e+00	4.991831e+00	4.423198e+00	9.913812e-05	-9.913812e-05	-9.913812e-05	-9.917707e-05
3.841807340388385e-03	4.988733e+00	4.917234e+00	4.366365e+00	7.149861e-05	-7.149861e-05	-7.149861e-05	-7.153143e-05
3.871104215388385e-03	4.884806e+00	4.834948e+00	4.303763e+00	4.985764e-05	-4.985764e-05	-4.985764e-05	-4.988135e-05
3.900401090388385e-03	4.779223e+00	4.745543e+00	4.235794e+00	3.368059e-05	-3.368059e-05	-3.368059e-05	-3.369512e-05
3.929697965388385e-03	4.672022e+00	4.649913e+00	4.163107e+00	2.210873e-05	-2.210873e-05	-2.210873e-05	-2.211636e-05
3.958994840388385e-03	4.563237e+00	4.549089e+00	4.086470e+00	1.414782e-05	-1.414782e-05	-1.414782e-05	-1.415135e-05
3.988291715388385e-03	4.452907e+00	4.444060e+00	4.006631e+00	8.846376e-06	-8.846376e-06	-8.846376e-06	-8.847866e-06
4.017588590388386e-03	4.341067e+00	4.335660e+00	3.924251e+00	5.406831e-06	-5.406831e-06	-5.406831e-06	-5.407435e-06
4.046885465388386e-03	4.227756e+00	4.224536e+00	3.839878e+00	3.220122e-06	-3.220122e-06	-3.220122e-06	-3.220369e-06
4.076182340388386e-03	4.113013e+00	4.111161e+00	3.753972e+00	1.851897e-06	-1.851897e-06	-1.851897e-06	-1.852005e-06
4.105479215388386e-03	3.996876e+00	3.995870e+00	3.666940e+00	1.006211e-06	-1.006211e-06	-1.006211e-06	-1.006267e-06
4.134776090388387e-03	3.879385e+00	3.878897e+00	3.579177e+00	4.888939e-07	-4.888939e-07	-4.888939e-07	-4.889320e-07
4.164072965388387e-03	3.760580e+00	3.760405e+00	3.491091e+00	1.750064e-07	-1.750064e-07	-1.750064e-07	-1.750395e-07
4.193369840388387e-03	3.640500e+00	3.640514e+00	3.403090e+00	-1.383267e-08	1.383267e-08	1.383267e-08	1.383267e-08
4.222666715388387e-03	3.519187e+00	3.519314e+00	3.315541e+00	-1.268630e-07	1.268630e-07	1.268630e-07	1.268365e-07
4.251963590388388e-03	3.396682e+00	3.396875e+00	3.228725e+00	-1.939850e-07	1.939850e-07	1.939850e-07	1.939646e-07
4.281260465388388e-03	3.273025e+00	3.273259e+00	3.142813e+00	-2.339156e-07	2.339156e-07	2.339156e-07	2.339013e-07
4.310557340388388e-03	3.148259e+00	3.148517e+00	3.057845e+00	-2.576687e-07	2.576687e-07	2.576687e-07	2.576593e-07
4.339854215388388e-03	3.022427e+00	3.022699e+00	2.973773e+00	-2.721413e-07	2.721413e-07	2.721413e-07	2.721351e-07
4.369151090388389e-03	2.895571e+00	2.895852e+00	2.890497e+00	-2.810843e-07	2.810843e-07	2.810843e-07	2.810801e-07
4.398447965388389e-03	2.767733e+00	2.768020e+00	2.807909e+00	-2.869706e-07	2.869706e-07	2.869706e-07	2.869676e-07
4.427744840388389e-03	2.638958e+00	2.639249e+00	2.725916e+00	-2.909197e-07	2.909197e-07	2.909197e-07	2.909175e-07
4.457041715388389e-03	2.509288e+00	2.509582e+00	2.644447e+00	-2.938640e-07	2.938640e-07	2.938640e-07	2.938622e-07
4.486338590388390e-03	2.378768e+00	2.379064e+00	2.563459e+00	-2.960458e-07	2.960458e-07	2.960458e-07	2.960443e-07
4.515635465388390e-03	2.247442e+00	2.247741e+00	2.482932e+00	-2.978943e-07	2.978943e-07	2.978943e-07	2.978931e-07
4.544932340388390e-03	2.115355e+00	2.115654e+00	2.402858e+00	-2.993722e-07	2.993722e-07	2.993722e-07	2.993712e-07
4.574229215388390e-03	1.982551e+00	1.982852e+00	2.323245e+00	-3.007442e-07	3.007442e-07	3.007442e-07	3.007432e-07
4.603526090388390e-03	1.849075e+00	1.849377e+00	2.244107e+00	-3.018829e-07	3.018829e-07	3.018829e-07	3.018821e-07
4.632822965388391e-03	1.714973e+00	1.715276e+00	2.165463e+00	-3.029955e-07	3.029955e-07	3.029955e-07	3.029948e-07
4.662119840388391e-03	1.580289e+00	1.580593e+00	2.087337e+00	-3.039258e-07	3.039258e-07	3.039258e-07	3.039251e-07
4.691416715388391e-03	1.445071e+00	1.445375e+00	2.009753e+00	-3.048583e-07	3.048583e-07	3.048583e-07	3.048577e-07
4.720713590388391e-03	1.309362e+00	1.309668e+00	1.932737e+00	-3.056284e-07	3.056284e-07	3.056284e-07	3.056278e-07
4.750010465388392e-03	1.173210e+00	1.173516e+00	1.856315e+00	-3.064104e-07	3.064104e-07	3.064104e-07	3.064100e-07
4.779307340388392e-03	1.036660e+00	1.036967e+00	1.780515e+00	-3.070385e-07	3.070385e-07	3.070385e-07	3.070381e-07
4.808604215388392e-03	8.997590e-01	9.000667e-01	1.705364e+00	-3.076813e-07	3.076813e-07	3.076813e-07	3.076809e-07
4.837901090388392e-03	7.625532e-01	7.628613e-01	1.630889e+00	-3.081742e-07	3.081742e-07	3.081742e-07	3.081739e-07
4.867197965388393e-03	6.250889e-01	6.253976e-01	1.557115e+00	-3.086820e-07	3.086820e-07	3.086820e-07	3.086817e-07
4.896494840388393e-03	4.874128e-01	4.877219e-01	1.484071e+00	-3.090423e-07	3.090423e-07	3.090423e-07	3.090421e-07
4.925791715388393e-03	3.495716e-01	3.498810e-01	1.411781e+00	-3.094167e-07	3.094167e-07	3.094167e-07	3.094165e-07
4.955088590388393e-03	2.116119e-01	2.119216e-01	1.340271e+00	-3.096455e-07	3.096455e-07	3.096455e-07	3.096454e-07
4.984385465388394e-03	7.358058e-02	7.389047e-02	1.269567e+00	-3.098873e-07	3.098873e-07	3.098873e-07	3.098872e-07
5.013682340388394e-03	-6.447572e-02	-6.416573e-02	1.199694e+00	-3.099853e-07	3.099853e-07	3.099853e-07	3.099852e-07
5.042979215388394e-03	-2.025102e-01	-2.022001e-01	1.130676e+00	-3.100951e-07	3.100951e-07	3.100951e-07	3.100951e-07
5.072276090388394e-03	-3.404760e-01	-3.401659e-01	1.062537e+00	-3.100628e-07	3.100628e-07	3.100628e-07	3.100629e-07
5.101572965388395e-03	-4.783265e-01	-4.780164e-01	9.953015e-01	-3.100415e-07	3.100415e-07	3.100415e-07	3.100416e-07
5.130869840388395e-03	-6.160148e-01	-6.157050e-01	9.289916e-01	-3.098799e-07	3.098799e-07	3.098799e-07	3.098801e-07
5.160166715388395e-03	-7.534945e-01	-7.531848e-01	8.636303e-01	-3.097287e-07	3.097287e-07	3.097287e-07	3.097290e-07
5.189463590388395e-03	-8.907189e-01	-8.904094e-01	7.992400e-01	-3.094397e-07	3.094397e-07	3.094397e-07	3.094401e-07
5.218760465388396e-03	-1.027641e+00	-1.027332e+00	7.358423e-01	-3.091611e-07	3.091611e-07	3.091611e-07	3.091615e-07
5.248057340388396e-03	-1.164216e+00	-1.163907e+00	6.734582e-01	-3.087481e-07	3.087481e-07	3.087481e-07	3.087485e-07
5.277354215388396e-03	-1.300396e+00	-1.300087e+00	6.121083e-01	-3.083471e-07	3.083471e-07	3.083471e-07	3.083476e-07
5.306651090388396e-03	-1.436135e+00	-1.435827e+00	5.518121e-01	-3.078175e-07	3.078175e-07	3.078175e-07	3.078180e-07
5.335947965388397e-03	-1.571388e+00	-1.571080e+00	4.925885e-01	-3.073054e-07	3.073054e-07	3.073054e-07	3.073061e-07
5.365244840388397e-03	-1.706108e+00	-1.705801e+00	4.344549e-01	-3.066766e-07	3.066766e-07	3.066766e-07	3.066774e-07
5.394541715388397e-03	-1.840250e+00	-1.839944e+00	3.774272e-01	-3.060807e-07	3.060807e-07	3.060807e-07	3.060815e-07
5.423838590388397e-03	-1.973768e+00	-1.973463e+00	3.215192e-01	-3.053957e-07	3.053957e-07	3.053957e-07	3.053966e-07
5.453135465388398e-03	-2.106618e+00	-2.106313e+00	2.667414e-01	-3.047850e-07	3.047850e-07	3.047850e-07	3.047859e-07
5.482432340388398e-03	-2.238754e+00	-2.238450e+00	2.131001e-01	-3.041567e-07	3.041567e-07	3.041567e-07	3.041577e-07
5.511729215388398e-03	-2.370131e+00	-2.369828e+00	1.605962e-01	-3.037193e-07	3.037193e-07	3.037193e-07	3.037205e-07
5.541026090388398e-03	-2.500706e+00	-2.500402e+00	1.092237e-01	-3.034681e-07	3.034681e-07	3.034681e-07	3.034693e-07
5.570322965388399e-03	-2.630433e+00	-2.630129e+00	5.897208e-02	-3.037636e-07	3.037636e-07	3.037636e-07	3.037649e-07
5.599619840388399e-03	-2.759269e+00	-2.758964e+00	9.834250e-03	-3.048929e-07	3.048929e-07	3.048929e-07	3.048945e-07
5.628916715388399e-03	-2.887169e+00	-2.886861e+00	-3.816611e-02	-3.077681e-07	3.077681e-07	3.077681e-07	3.077700e-07
5.658213590388399e-03	-3.014092e+00	-3.013778e+00	-8.490597e-02	-3.137474e-07	3.137474e-07	3.137474e-07	3.137507e-07
5.687510465388399e-03	-3.139993e+00	-3.139667e+00	-1.300143e-01	-3.257632e-07	3.257632e-07	3.257632e-07	3.257716e-07
5.716807340388400e-03	-3.264830e+00	-3.264481e+00	-1.726233e-01	-3.486930e-07	3.486930e-07	3.486930e-07	3.487269e-07
5.746104215388400e-03	-3.388561e+00	-3.388171e+00	-2.111667e-01	-3.904001e-07	3.904001e-07	3.904001e-07	3.905576e-07
5.775401090388400e-03	-3.511144e+00	-3.510683e+00	-2.437052e-01	-4.609669e-07	4.609669e-07	4.609669e-07	4.609670e-07
5.804697965388400e-03	-3.632537e+00	-3.631965e+00	-2.694874e-01	-5.721680e-07	5.721680e-07	5.721680e-07	5.721683e-07
5.833994840388401e-03	-3.752699e+00	-3.751952e+00	-2.905915e-01	-7.471318e-07	7.471318e-07	7.471318e-07	7.478366e-07
5.863291715388401e-03	-3.871590e+00	-3.870552e+00	-3.108948e-01	-1.037719e-06	1.037719e-06	1.037719e-06	1.037747e-06
5.892588590388401e-03	-3.989169e+00	-3.987646e+00	-3.334776e-01	-1.523105e-06	1.523105e-06	1.523105e-06	1.523613e-06
5.921885465388401e-03	-4.105396e+00	-4.103068e+00	-3.585498e-01	-2.328504e-06	2.328504e-06	2.328504e-06	2.329480e-06
5.951182340388402e-03	-4.220232e+00	-4.216591e+00	-3.844998e-01	-3.641462e-06	3.641462e-06	3.641462e-06	3.641886e-06
5.980479215388402e-03	-4.333639e+00	-4.327892e+00	-4.104640e-01	-5.746197e-06	5.746197e-06	5.746197e-06	5.746530e-06
6.009776090388402e-03	-4.445576e+00	-4.436511e+00	-4.361083e-01	-9.065750e-06	9.065750e-06	9.065750e-06	9.066378e-06
6.039072965388402e-03	-4.556008e+00	-4.541812e+00	-4.611304e-01	-1.419563e-05	1.419563e-05	1.419563e-05	1.419704e-05
6.068369840388403e-03	-4.664896e+00	-4.642975e+00	-4.852750e-01	-2.192051e-05	2.192051e-05	2.192051e-05	2.192378e-05
6.097666715388403e-03	-4.772202e+00	-4.739019e+00	-5.082522e-01	-3.318356e-05	3.318356e-05	3.318356e-05	3.319084e-05
6.126963590388403e-03	-4.877893e+00	-4.828912e+00	-5.297731e-01	-4.898089e-05	4.898089e-05	4.898089e-05	4.899565e-05
6.156260465388403e-03	-4.981930e+00	-4.911744e+00	-5.495747e-01	-7.018669e-05	7.018669e-05	7.018669e-05	7.021282e-05
6.185557340388404e-03	-5.084280e+00	-4.986915e+00	-5.674764e-01	-9.736473e-05	9.736473e-05	9.736473e-05	9.740425e-05
6.214854215388404e-03	-5.184906e+00	-5.054254e+00	-5.834084e-01	-1.306518e-04	1.306518e-04	1.306518e-04	1.307027e-04
6.244151090388404e-03	-5.283776e+00	-5.114013e+00	-5.974188e-01	-1.697624e-04	1.697624e-04	1.697624e-04	1.698189e-04
6.273447965388404e-03	-5.380855e+00	-5.166760e+00	-6.096453e-01	-2.140945e-04	2.140945e-04	2.140945e-04	2.141500e-04
6.302744840388405e-03	-5.476111e+00	-5.213237e+00	-6.202793e-01	-2.628735e-04	2.628735e-04	2.628735e-04	2.629230e-04
6.332041715388405e-03	-5.569511e+00	-5.254234e+00	-6.295283e-01	-3.152778e-04	3.152778e-04	3.152778e-04	3.153192e-04
6.361338590388405e-03	-5.661025e+00	-5.290503e+00	-6.375934e-01	-3.705219e-04	3.705219e-04	3.705219e-04	3.705549e-04
6.390635465388405e-03	-5.750620e+00	-5.322722e+00	-6.446548e-01	-4.278982e-04	4.278982e-04	4.278982e-04	4.279239e-04
6.419932340388406e-03	-5.838267e+00	-5.351476e+00	-6.508683e-01	-4.867911e-04	4.867911e-04	4.867911e-04	4.868108e-04
6.449229215388406e-03	-5.923936e+00	-5.377260e+00	-6.563648e-01	-5.466754e-04	5.466754e-04	5.466754e-04	5.466905e-04
6.478526090388406e-03	-6.007597e+00	-5.400490e+00	-6.612534e-01	-6.071072e-04	6.071072e-04	6.071072e-04	6.071188e-04
6.507822965388406e-03	-6.089223e+00	-5.421510e+00	-6.656237e-01	-6.677125e-04	6.677125e-04	6.677125e-04	6.677214e-04
6.537119840388407e-03	-6.168785e+00	-5.440609e+00	-6.695500e-01	-7.281760e-04	7.281760e-04	7.281760e-04	7.281830e-04
6.566416715388407e-03	-6.246257e+00	-5.458026e+00	-6.730933e-01	-7.882314e-04	7.882314e-04	7.882314e-04	7.882367e-04
6.595713590388407e-03	-6.321613e+00	-5.473961e+00	-6.763042e-01	-8.476522e-04	8.476522e-04	8.476522e-04	8.476565e-04
6.625010465388407e-03	-6.394827e+00	-5.488581e+00	-6.792246e-01	-9.062457e-04	9.062457e-04	9.062457e-04	9.062491e-04
6.654307340388407e-03	-6.465874e+00	-5.502028e+00	-6.818897e-01	-9.638463e-04	9.638463e-04	9.638463e-04	9.638491e-04
6.683604215388408e-03	-6.534730e+00	-5.514419e+00	-6.843290e-01	-1.020312e-03	1.020312e-03	1.020312e-03	1.020314e-03
6.712901090388408e-03	-6.601372e+00	-5.525854e+00	-6.865673e-01	-1.075518e-03	1.075518e-03	1.075518e-03	1.075520e-03
6.742197965388408e-03	-6.665777e+00	-5.536419e+00	-6.886258e-01	-1.129358e-03	1.129358e-03	1.129358e-03	1.129360e-03
6.771494840388408e-03	-6.727924e+00	-5.546185e+00	-6.905224e-01	-1.181738e-03	1.181738e-03	1.181738e-03	1.181740e-03
6.800791715388409e-03	-6.787791e+00	-5.555215e+00	-6.922726e-01	-1.232575e-03	1.232575e-03	1.232575e-03	1.232576e-03
6.830088590388409e-03	-6.845357e+00	-5.563562e+00	-6.938897e-01	-1.281795e-03	1.281795e-03	1.281795e-03	1.281796e-03
6.859385465388409e-03	-6.900605e+00	-5.571272e+00	-6.953850e-01	-1.329333e-03	1.329333e-03	1.329333e-03	1.329334e-03
6.888682340388409e-03	-6.953514e+00	-5.578385e+00	-6.967686e-01	-1.375129e-03	1.375129e-03	1.375129e-03	1.375130e-03
6.917979215388410e-03	-7.004067e+00	-5.584939e+00	-6.980490e-01	-1.419129e-03	1.419129e-03	1.419129e-03	1.419130e-03
6.947276090388410e-03	-7.052248e+00	-5.590966e+00	-6.992337e-01	-1.461282e-03	1.461282e-03	1.461282e-03	1.461282e-03
6.976572965388410e-03	-7.098038e+00	-5.596497e+00	-7.003292e-01	-1.501541e-03	1.501541e-03	1.501541e-03	1.501541e-03
7.005869840388410e-03	-7.141423e+00	-5.601562e+00	-7.013413e-01	-1.539862e-03	1.539862e-03	1.539862e-03	1.539862e-03
7.035166715388411e-03	-7.182389e+00	-5.606186e+00	-7.022749e-01	-1.576202e-03	1.576202e-03	1.576202e-03	1.576203e-03
7.064463590388411e-03	-7.220921e+00	-5.610397e+00	-7.031344e-01	-1.610523e-03	1.610523e-03	1.610523e-03	1.610524e-03
7.093760465388411e-03	-7.257006e+00	-5.614219e+00	-7.039236e-01	-1.642787e-03	1.642787e-03	1.642787e-03	1.642787e-03
7.123057340388411e-03	-7.290632e+00	-5.617675e+00	-7.046458e-01	-1.672957e-03	1.672957e-03	1.672957e-03	1.672958e-03
7.152354215388412e-03	-7.321788e+00	-5.620786e+00	-7.053040e-01	-1.701002e-03	1.701002e-03	1.701002e-03	1.701002e-03
7.181651090388412e-03	-7.350463e+00	-5.623574e+00	-7.059008e-01	-1.726889e-03	1.726889e-03	1.726889e-03	1.726889e-03
7.210947965388412e-03	-7.376647e+00	-5.626057e+00	-7.064383e-01	-1.750591e-03	1.750591e-03	1.750591e-03	1.750591e-03
7.240244840388412e-03	-7.400332e+00	-5.628251e+00	-7.069187e-01	-1.772082e-03	1.772082e-03	1.772082e-03	1.772082e-03
7.269541715388413e-03	-7.421510e+00	-5.630171e+00	-7.073435e-01	-1.791338e-03	1.791338e-03	1.791338e-03	1.791339e-03
7.298838590388413e-03	-7.440172e+00	-5.631833e+00	-7.077144e-01	-1.808340e-03	1.808340e-03	1.808340e-03	1.808340e-03
7.328135465388413e-03	-7.456314e+00	-5.633246e+00	-7.080325e-01	-1.823068e-03	1.823068e-03	1.823068e-03	1.823069e-03
7.357432340388413e-03	-7.469929e+00	-5.634421e+00	-7.082989e-01	-1.835509e-03	1.835509e-03	1.835509e-03	1.835509e-03
7.386729215388414e-03	-7.481014e+00	-5.635366e+00	-7.085146e-01	-1.845647e-03	1.845647e-03	1.845647e-03	1.845648e-03
7.416026090388414e-03	-7.489563e+00	-5.636088e+00	-7.086802e-01	-1.853475e-03	1.853475e-03	1.853475e-03	1.853475e-03
7.445322965388414e-03	-7.495574e+00	-5.636592e+00	-7.087962e-01	-1.858982e-03	1.858982e-03	1.858982e-03	1.858982e-03
7.474619840388414e-03	-7.499046e+00	-5.636882e+00	-7.088631e-01	-1.862164e-03	1.862164e-03	1.862164e-03	1.862164e-03
7.503916715388415e-03	-7.499977e+00	-5.636960e+00	-7.088810e-01	-1.863017e-03	1.863017e-03	1.863017e-03	1.863017e-03
7.533213590388415e-03	-7.498367e+00	-5.636826e+00	-7.088500e-01	-1.861541e-03	1.861541e-03	1.861541e-03	1.861541e-03
7.562510465388415e-03	-7.494216e+00	-5.636479e+00	-7.087700e-01	-1.857737e-03	1.857737e-03	1.857737e-03	1.857737e-03
7.591807340388415e-03	-7.487525e+00	-5.635917e+00	-7.086408e-01	-1.851609e-03	1.851609e-03	1.851609e-03	1.851609e-03
7.621104215388416e-03	-7.478298e+00	-5.635136e+00	-7.084619e-01	-1.843162e-03	1.843162e-03	1.843162e-03	1.843163e-03
7.650401090388416e-03	-7.466537e+00	-5.634130e+00	-7.082328e-01	-1.832407e-03	1.832407e-03	1.832407e-03	1.832407e-03
7.679697965388416e-03	-7.452245e+00	-5.632892e+00	-7.079527e-01	-1.819353e-03	1.819353e-03	1.819353e-03	1.819354e-03
7.708994840388416e-03	-7.435429e+00	-5.631414e+00	-7.076206e-01	-1.804015e-03	1.804015e-03	1.804015e-03	1.804015e-03
7.738291715388416e-03	-7.416093e+00	-5.629684e+00	-7.072355e-01	-1.786409e-03	1.786409e-03	1.786409e-03	1.786409e-03
7.767588590388417e-03	-7.394245e+00	-5.627692e+00	-7.067959e-01	-1.766552e-03	1.766552e-03	1.766552e-03	1.766553e-03
7.796885465388417e-03	-7.369890e+00	-5.625422e+00	-7.063004e-01	-1.744468e-03	1.744468e-03	1.744468e-03	1.744468e-03
7.826182340388416e-03	-7.343039e+00	-5.622860e+00	-7.057473e-01	-1.720179e-03	1.720179e-03	1.720179e-03	1.720179e-03
7.855479215388416e-03	-7.313700e+00	-5.619988e+00	-7.051344e-01	-1.693712e-03	1.693712e-03	1.693712e-03	1.693712e-03
7.884776090388415e-03	-7.281882e+00	-5.616786e+00	-7.044594e-01	-1.665096e-03	1.665096e-03	1.665096e-03	1.665096e-03
7.914072965388414e-03	-7.247598e+00	-5.613235e+00	-7.037196e-01	-1.634362e-03	1.634362e-03	1.634362e-03	1.634363e-03
7.943369840388414e-03	-7.210857e+00	-5.609312e+00	-7.029120e-01	-1.601545e-03	1.601545e-03	1.601545e-03	1.601545e-03
7.972666715388413e-03	-7.171673e+00	-5.604993e+00	-7.020331e-01	-1.566680e-03	1.566680e-03	1.566680e-03	1.566680e-03
8.001963590388413e-03	-7.130059e+00	-5.600254e+00	-7.010790e-01	-1.529805e-03	1.529805e-03	1.529805e-03	1.529806e-03
8.031260465388412e-03	-7.086029e+00	-5.595068e+00	-7.000452e-01	-1.490961e-03	1.490961e-03	1.490961e-03	1.490962e-03
8.060557340388411e-03	-7.039598e+00	-5.589407e+00	-6.989264e-01	-1.450191e-03	1.450191e-03	1.450191e-03	1.450192e-03
8.089854215388411e-03	-6.990782e+00	-5.583243e+00	-6.977168e-01	-1.407539e-03	1.407539e-03	1.407539e-03	1.407540e-03
8.119151090388410e-03	-6.939597e+00	-5.576543e+00	-6.964097e-01	-1.363054e-03	1.363054e-03	1.363054e-03	1.363055e-03
8.148447965388409e-03	-6.886061e+00	-5.569275e+00	-6.949972e-01	-1.316786e-03	1.316786e-03	1.316786e-03	1.316787e-03
8.177744840388409e-03	-6.830192e+00	-5.561400e+00	-6.934704e-01	-1.268792e-03	1.268792e-03	1.268792e-03	1.268793e-03
8.207041715388408e-03	-6.772008e+00	-5.552876e+00	-6.918191e-01	-1.219132e-03	1.219132e-03	1.219132e-03	1.219133e-03
8.236338590388408e-03	-6.711529e+00	-5.543655e+00	-6.900312e-01	-1.167874e-03	1.167874e-03	1.167874e-03	1.167875e-03
8.265635465388407e-03	-6.648777e+00	-5.533682e+00	-6.880929e-01	-1.115094e-03	1.115094e-03	1.115094e-03	1.115096e-03
8.294932340388406e-03	-6.583771e+00	-5.522893e+00	-6.859884e-01	-1.060878e-03	1.060878e-03	1.060878e-03	1.060880e-03
8.324229215388406e-03	-6.516535e+00	-5.511212e+00	-6.836987e-01	-1.005323e-03	1.005323e-03	1.005323e-03	1.005325e-03
8.353526090388405e-03	-6.447091e+00	-5.498551e+00	-6.812018e-01	-9.485401e-04	9.485401e-04	9.485401e-04	9.485419e-04
8.382822965388404e-03	-6.375462e+00	-5.484805e+00	-6.784717e-01	-8.906577e-04	8.906577e-04	8.906577e-04	8.906600e-04
8.412119840388404e-03	-6.301673e+00	-5.469849e+00	-6.754776e-01	-8.318241e-04	8.318241e-04	8.318241e-04	8.318269e-04
8.441416715388403e-03	-6.225749e+00	-5.453537e+00	-6.721825e-01	-7.722115e-04	7.722115e-04	7.722115e-04	7.722150e-04
8.470713590388403e-03	-6.147715e+00	-5.435694e+00	-6.685424e-01	-7.120211e-04	7.120211e-04	7.120211e-04	7.120254e-04
8.500010465388402e-03	-6.067598e+00	-5.416110e+00	-6.645042e-01	-6.514890e-04	6.514890e-04	6.514890e-04	6.514944e-04
8.529307340388401e-03	-5.985426e+00	-5.394532e+00	-6.600035e-01	-5.908937e-04	5.908937e-04	5.908937e-04	5.909005e-04
8.558604215388401e-03	-5.901225e+00	-5.370660e+00	-6.549623e-01	-5.305649e-04	5.305649e-04	5.305649e-04	5.305737e-04
8.587901090388400e-03	-5.815024e+00	-5.344131e+00	-6.492862e-01	-4.708939e-04	4.708939e-04	4.708939e-04	4.709053e-04
8.617197965388399e-03	-5.726854e+00	-5.314509e+00	-6.428605e-01	-4.123449e-04	4.123449e-04	4.123449e-04	4.123595e-04
8.646494840388399e-03	-5.636743e+00	-5.281277e+00	-6.355482e-01	-3.554656e-04	3.554656e-04	3.554656e-04	3.554843e-04
8.675791715388398e-03	-5.544722e+00	-5.243827e+00	-6.271873e-01	-3.008950e-04	3.008950e-04	3.008950e-04	3.009187e-04
8.705088590388398e-03	-5.450822e+00	-5.201460e+00	-6.175919e-01	-2.493616e-04	2.493616e-04	2.493616e-04	2.493910e-04
8.734385465388397e-03	-5.355075e+00	-5.153411e+00	-6.065584e-01	-2.016634e-04	2.016634e-04	2.016634e-04	2.016984e-04
8.763682340388396e-03	-5.257514e+00	-5.098897e+00	-5.938814e-01	-1.586172e-04	1.586172e-04	1.586172e-04	1.586565e-04
8.792979215388396e-03	-5.158171e+00	-5.037206e+00	-5.793790e-01	-1.209653e-04	1.209653e-04	1.209653e-04	1.210058e-04
8.822276090388395e-03	-5.057080e+00	-4.967837e+00	-5.629310e-01	-8.924289e-05	8.924289e-05	8.924289e-05	8.928028e-05
8.851572965388394e-03	-4.954277e+00	-4.890640e+00	-5.445142e-01	-6.363647e-05	6.363647e-05	6.363647e-05	6.366646e-05
8.880869840388394e-03	-4.849794e+00	-4.805898e+00	-5.242234e-01	-4.389558e-05	4.389558e-05	4.389558e-05	4.391609e-05
8.910166715388393e-03	-4.743668e+00	-4.714308e+00	-5.022555e-01	-2.935984e-05	2.935984e-05	2.935984e-05	2.937176e-05
8.939463590388393e-03	-4.635934e+00	-4.616831e+00	-4.788693e-01	-1.910316e-05	1.910316e-05	1.910316e-05	1.910914e-05
8.968760465388392e-03	-4.526630e+00	-4.514502e+00	-4.543237e-01	-1.212835e-05	1.212835e-05	1.212835e-05	1.213101e-05
8.998057340388391e-03	-4.415792e+00	-4.408266e+00	-4.288414e-01	-7.526953e-06	7.526953e-06	7.526953e-06	7.528058e-06
9.027354215388391e-03	-4.303458e+00	-4.298895e+00	-4.025702e-01	-4.563462e-06	4.563462e-06	4.563462e-06	4.563909e-06
9.056651090388390e-03	-4.189666e+00	-4.186975e+00	-3.755845e-01	-2.690191e-06	2.690191e-06	2.690191e-06	2.690376e-06
9.085947965388389e-03	-4.074454e+00	-4.072930e+00	-3.478627e-01	-1.523292e-06	1.523292e-06	1.523292e-06	1.523377e-06
9.115244840388389e-03	-3.957861e+00	-3.957057e+00	-3.193099e-01	-8.046119e-07	8.046119e-07	8.046119e-07	8.046594e-07
9.144541715388388e-03	-3.839928e+00	-3.839561e+00	-2.897305e-01	-3.663158e-07	3.663158e-07	3.663158e-07	3.663517e-07
9.173838590388388e-03	-3.720693e+00	-3.720592e+00	-2.588648e-01	-1.010532e-07	1.010532e-07	1.010532e-07	1.010855e-07
9.203135465388387e-03	-3.600198e+00	-3.600256e+00	-2.264201e-01	5.815624e-08	-5.815624e-08	-5.815624e-08	-5.812667e-08
9.232432340388386e-03	-3.478482e+00	-3.478636e+00	-1.921320e-01	1.532410e-07	-1.532410e-07	-1.532410e-07	-1.532163e-07
9.261729215388386e-03	-3.355588e+00	-3.355798e+00	-1.558199e-01	2.096370e-07	-2.096370e-07	-2.096370e-07	-2.096187e-07
9.291026090388385e-03	-3.231558e+00	-3.231801e+00	-1.174189e-01	2.432365e-07	-2.432365e-07	-2.432365e-07	-2.432241e-07
9.320322965388384e-03	-3.106432e+00	-3.106695e+00	-7.697303e-02	2.632771e-07	-2.632771e-07	-2.632771e-07	-2.632690e-07
9.349619840388384e-03	-2.980253e+00	-2.980529e+00	-3.460145e-02	2.756068e-07	-2.756068e-07	-2.756068e-07	-2.756014e-07
9.378916715388383e-03	-2.853065e+00	-2.853348e+00	9.544337e-03	2.832982e-07	-2.832982e-07	-2.832982e-07	-2.832944e-07
9.408213590388383e-03	-2.724910e+00	-2.725199e+00	5.531369e-02	2.884655e-07	-2.884655e-07	-2.884655e-07	-2.884628e-07
9.437510465388382e-03	-2.595832e+00	-2.596124e+00	1.025760e-01	2.919788e-07	-2.919788e-07	-2.919788e-07	-2.919767e-07
9.466807340388381e-03	-2.465874e+00	-2.466168e+00	1.512265e-01	2.946696e-07	-2.946696e-07	-2.946696e-07	-2.946680e-07
9.496104215388381e-03	-2.335080e+00	-2.335377e+00	2.011852e-01	2.966823e-07	-2.966823e-07	-2.966823e-07	-2.966810e-07
9.525401090388380e-03	-2.203496e+00	-2.203794e+00	2.523916e-01	2.984314e-07	-2.984314e-07	-2.984314e-07	-2.984303e-07
9.554697965388379e-03	-2.071165e+00	-2.071465e+00	3.048002e-01	2.998305e-07	-2.998305e-07	-2.998305e-07	-2.998295e-07
9.583994840388379e-03	-1.938132e+00	-1.938433e+00	3.583753e-01	3.011561e-07	-3.011561e-07	-3.011561e-07	-3.011552e-07
9.613291715388378e-03	-1.804442e+00	-1.804744e+00	4.130883e-01	3.022479e-07	-3.022479e-07	-3.022479e-07	-3.022471e-07
9.642588590388378e-03	-1.670141e+00	-1.670444e+00	4.689144e-01	3.033333e-07	-3.033333e-07	-3.033333e-07	-3.033325e-07
9.671885465388377e-03	-1.535274e+00	-1.535578e+00	5.258319e-01	3.042284e-07	-3.042284e-07	-3.042284e-07	-3.042277e-07
9.701182340388376e-03	-1.399886e+00	-1.400192e+00	5.838203e-01	3.051407e-07	-3.051407e-07	-3.051407e-07	-3.051401e-07
9.730479215388376e-03	-1.264025e+00	-1.264331e+00	6.428601e-01	3.058802e-07	-3.058802e-07	-3.058802e-07	-3.058796e-07
9.759776090388375e-03	-1.127735e+00	-1.128042e+00	7.029320e-01	3.066446e-07	-3.066446e-07	-3.066446e-07	-3.066442e-07
9.789072965388375e-03	-9.910631e-01	-9.913703e-01	7.640168e-01	3.072438e-07	-3.072438e-07	-3.072438e-07	-3.072434e-07
9.818369840388374e-03	-8.540553e-01	-8.543632e-01	8.260952e-01	3.078699e-07	-3.078699e-07	-3.078699e-07	-3.078696e-07
9.847666715388373e-03	-7.167581e-01	-7.170665e-01	8.891475e-01	3.083347e-07	-3.083347e-07	-3.083347e-07	-3.083344e-07
9.876963590388373e-03	-5.792181e-01	-5.795269e-01	9.531537e-01	3.088260e-07	-3.088260e-07	-3.088260e-07	-3.088257e-07
9.906260465388372e-03	-4.414818e-01	-4.417910e-01	1.018094e+00	3.091585e-07	-3.091585e-07	-3.091585e-07	-3.091583e-07
9.935557340388371e-03	-3.035959e-01	-3.039054e-01	1.083947e+00	3.095165e-07	-3.095165e-07	-3.095165e-07	-3.095164e-07
9.964854215388371e-03	-1.656072e-01	-1.659169e-01	1.150691e+00	3.097178e-07	-3.097178e-07	-3.097178e-07	-3.097177e-07
9.994151090388370e-03	-2.756228e-02	-2.787222e-02	1.218306e+00	3.099432e-07	-3.099432e-07	-3.099432e-07	-3.099432e-07
1.002344796538837e-02	1.104919e-01	1.101819e-01	1.286770e+00	3.100138e-07	-3.100138e-07	-3.100138e-07	-3.100138e-07
1.005274484038837e-02	2.485087e-01	2.481986e-01	1.356059e+00	3.101073e-07	-3.101073e-07	-3.101073e-07	-3.101073e-07
1.008204171538837e-02	3.864413e-01	3.861312e-01	1.426151e+00	3.100479e-07	-3.100479e-07	-3.100479e-07	-3.100480e-07
1.011133859038837e-02	5.242429e-01	5.239329e-01	1.497023e+00	3.100102e-07	-3.100102e-07	-3.100102e-07	-3.100104e-07
1.014063546538837e-02	6.618669e-01	6.615571e-01	1.568651e+00	3.098219e-07	-3.098219e-07	-3.098219e-07	-3.098221e-07
1.016993234038837e-02	7.992666e-01	7.989570e-01	1.641011e+00	3.096546e-07	-3.096546e-07	-3.096546e-07	-3.096549e-07
1.019922921538837e-02	9.363955e-01	9.360862e-01	1.714078e+00	3.093393e-07	-3.093393e-07	-3.093393e-07	-3.093396e-07
1.022852609038837e-02	1.073207e+00	1.072898e+00	1.787828e+00	3.090451e-07	-3.090451e-07	-3.090451e-07	-3.090455e-07
1.025782296538836e-02	1.209655e+00	1.209347e+00	1.862235e+00	3.086067e-07	-3.086067e-07	-3.086067e-07	-3.086072e-07
1.028711984038836e-02	1.345693e+00	1.345385e+00	1.937272e+00	3.081913e-07	-3.081913e-07	-3.081913e-07	-3.081919e-07
1.031641671538836e-02	1.481275e+00	1.480968e+00	2.012914e+00	3.076384e-07	-3.076384e-07	-3.076384e-07	-3.076390e-07
1.034571359038836e-02	1.616356e+00	1.616049e+00	2.089133e+00	3.071150e-07	-3.071150e-07	-3.071150e-07	-3.071156e-07
1.037501046538836e-02	1.750888e+00	1.750582e+00	2.165900e+00	3.064677e-07	-3.064677e-07	-3.064677e-07	-3.064684e-07
1.040430734038836e-02	1.884827e+00	1.884522e+00	2.243184e+00	3.058677e-07	-3.058677e-07	-3.058677e-07	-3.058685e-07
1.043360421538836e-02	2.018128e+00	2.017823e+00	2.320953e+00	3.051763e-07	-3.051763e-07	-3.051763e-07	-3.051771e-07
1.046290109038836e-02	2.150745e+00	2.150440e+00	2.399171e+00	3.045810e-07	-3.045810e-07	-3.045810e-07	-3.045820e-07
1.049219796538836e-02	2.282633e+00	2.282329e+00	2.477798e+00	3.039790e-07	-3.039790e-07	-3.039790e-07	-3.039800e-07
1.052149484038836e-02	2.413748e+00	2.413444e+00	2.556787e+00	3.036125e-07	-3.036125e-07	-3.036125e-07	-3.036137e-07
1.055079171538836e-02	2.544044e+00	2.543741e+00	2.636086e+00	3.034846e-07	-3.034846e-07	-3.034846e-07	-3.034859e-07
1.058008859038836e-02	2.673479e+00	2.673175e+00	2.715640e+00	3.040248e-07	-3.040248e-07	-3.040248e-07	-3.040261e-07
1.060938546538836e-02	2.802008e+00	2.801702e+00	2.795403e+00	3.055973e-07	-3.055973e-07	-3.055973e-07	-3.055989e-07
1.063868234038836e-02	2.929587e+00	2.929278e+00	2.875377e+00	3.093186e-07	-3.093186e-07	-3.093186e-07	-3.093208e-07
1.066797921538836e-02	3.056174e+00	3.055857e+00	2.955701e+00	3.168838e-07	-3.168838e-07	-3.168838e-07	-3.168880e-07
1.069727609038836e-02	3.181726e+00	3.181394e+00	3.036833e+00	3.318731e-07	-3.318731e-07	-3.318731e-07	-3.318860e-07
1.072657296538835e-02	3.306199e+00	3.305839e+00	3.119817e+00	3.600528e-07	-3.600528e-07	-3.600528e-07	-3.601096e-07
1.075586984038835e-02	3.429552e+00	3.429142e+00	3.206367e+00	4.100895e-07	-4.100895e-07	-4.100895e-07	-4.103415e-07
1.078516671538835e-02	3.551743e+00	3.551250e+00	3.298211e+00	4.927417e-07	-4.927417e-07	-4.927417e-07	-4.927419e-07
1.081446359038835e-02	3.672730e+00	3.672108e+00	3.395248e+00	6.217783e-07	-6.217783e-07	-6.217783e-07	-6.217787e-07
1.084376046538835e-02	3.792473e+00	3.791645e+00	3.494434e+00	8.279699e-07	-8.279699e-07	-8.279699e-07	-8.283909e-07
1.087305734038835e-02	3.910931e+00	3.909758e+00	3.591680e+00	1.172726e-06	-1.172726e-06	-1.172726e-06	-1.172776e-06
1.090235421538835e-02	4.028063e+00	4.026315e+00	3.684680e+00	1.748258e-06	-1.748258e-06	-1.748258e-06	-1.749050e-06
1.093165109038835e-02	4.143831e+00	4.141133e+00	3.773965e+00	2.698185e-06	-2.698185e-06	-2.698185e-06	-2.698992e-06
1.096094796538835e-02	4.258195e+00	4.253958e+00	3.860788e+00	4.237360e-06	-4.237360e-06	-4.237360e-06	-4.237689e-06
1.099024484038835e-02	4.371116e+00	4.364424e+00	3.945359e+00	6.692174e-06	-6.692174e-06	-6.692174e-06	-6.692572e-06
1.101954171538835e-02	4.482556e+00	4.472016e+00	4.027486e+00	1.053967e-05	-1.053967e-05	-1.053967e-05	-1.054049e-05
1.104883859038835e-02	4.592477e+00	4.576039e+00	4.106749e+00	1.643829e-05	-1.643829e-05	-1.643829e-05	-1.644016e-05
1.107813546538835e-02	4.700842e+00	4.675610e+00	4.182532e+00	2.523217e-05	-2.523217e-05	-2.523217e-05	-2.523648e-05
1.110743234038835e-02	4.807614e+00	4.769716e+00	4.254115e+00	3.789793e-05	-3.789793e-05	-3.789793e-05	-3.790727e-05
1.113672921538835e-02	4.912757e+00	4.857345e+00	4.320769e+00	5.541273e-05	-5.541273e-05	-5.541273e-05	-5.543088e-05
1.116602609038835e-02	5.016236e+00	4.937669e+00	4.381910e+00	7.856642e-05	-7.856642e-05	-7.856642e-05	-7.859697e-05
1.119532296538834e-02	5.118015e+00	5.010227e+00	4.437221e+00	1.077877e-04	-1.077877e-04	-1.077877e-04	-1.078315e-04
1.122461984038834e-02	5.218060e+00	5.074993e+00	4.486706e+00	1.430662e-04	-1.430662e-04	-1.430662e-04	-1.431197e-04
1.125391671538834e-02	5.316336e+00	5.132340e+00	4.530656e+00	1.839957e-04	-1.839957e-04	-1.839957e-04	-1.840525e-04
1.128321359038834e-02	5.412811e+00	5.182910e+00	4.569554e+00	2.299007e-04	-2.299007e-04	-2.299007e-04	-2.299545e-04
1.131251046538834e-02	5.507452e+00	5.227473e+00	4.603968e+00	2.799789e-04	-2.799789e-04	-2.799789e-04	-2.800258e-04
1.134180734038834e-02	5.600227e+00	5.266814e+00	4.634475e+00	3.334138e-04	-3.334138e-04	-3.334138e-04	-3.334523e-04
1.137110421538834e-02	5.691105e+00	5.301662e+00	4.661612e+00	3.894428e-04	-3.894428e-04	-3.894428e-04	-3.894732e-04
1.140040109038834e-02	5.780054e+00	5.332665e+00	4.685853e+00	4.473884e-04	-4.473884e-04	-4.473884e-04	-4.474119e-04
1.142969796538834e-02	5.867044e+00	5.360379e+00	4.707604e+00	5.066658e-04	-5.066658e-04	-5.066658e-04	-5.066839e-04
1.145899484038834e-02	5.952047e+00	5.385269e+00	4.727212e+00	5.667783e-04	-5.667783e-04	-5.667783e-04	-5.667921e-04
1.148829171538834e-02	6.035033e+00	5.407727e+00	4.744963e+00	6.273064e-04	-6.273064e-04	-6.273064e-04	-6.273169e-04
1.151758859038834e-02	6.115974e+00	5.428077e+00	4.761099e+00	6.878969e-04	-6.878969e-04	-6.878969e-04	-6.879050e-04
1.154688546538834e-02	6.194843e+00	5.446591e+00	4.775820e+00	7.482518e-04	-7.482518e-04	-7.482518e-04	-7.482581e-04
1.157618234038834e-02	6.271613e+00	5.463493e+00	4.789295e+00	8.081190e-04	-8.081190e-04	-8.081190e-04	-8.081239e-04
1.160547921538834e-02	6.346257e+00	5.478973e+00	4.801665e+00	8.672840e-04	-8.672840e-04	-8.672840e-04	-8.672880e-04
1.163477609038834e-02	6.418751e+00	5.493187e+00	4.813048e+00	9.255637e-04	-9.255637e-04	-9.255637e-04	-9.255669e-04
1.166407296538833e-02	6.489070e+00	5.506270e+00	4.823544e+00	9.828007e-04	-9.828007e-04	-9.828007e-04	-9.828033e-04
1.169336984038833e-02	6.557191e+00	5.518332e+00	4.833236e+00	1.038859e-03	-1.038859e-03	-1.038859e-03	-1.038861e-03
1.172266671538833e-02	6.623090e+00	5.529469e+00	4.842196e+00	1.093622e-03	-1.093622e-03	-1.093622e-03	-1.093623e-03
1.175196359038833e-02	6.686745e+00	5.539760e+00	4.850485e+00	1.146985e-03	-1.146985e-03	-1.146985e-03	-1.146986e-03
1.178126046538833e-02	6.748134e+00	5.549274e+00	4.858153e+00	1.198859e-03	-1.198859e-03	-1.198859e-03	-1.198861e-03
1.181055734038833e-02	6.807236e+00	5.558071e+00	4.865245e+00	1.249165e-03	-1.249165e-03	-1.249165e-03	-1.249166e-03
1.183985421538833e-02	6.864032e+00	5.566201e+00	4.871799e+00	1.297831e-03	-1.297831e-03	-1.297831e-03	-1.297832e-03
1.186915109038833e-02	6.918502e+00	5.573707e+00	4.877849e+00	1.344795e-03	-1.344795e-03	-1.344795e-03	-1.344796e-03
1.189844796538833e-02	6.970628e+00	5.580630e+00	4.883424e+00	1.389998e-03	-1.389998e-03	-1.389998e-03	-1.389999e-03
1.192774484038833e-02	7.020392e+00	5.587005e+00	4.888550e+00	1.433387e-03	-1.433387e-03	-1.433387e-03	-1.433388e-03
1.195704171538833e-02	7.067777e+00	5.592863e+00	4.893255e+00	1.474914e-03	-1.474914e-03	-1.474914e-03	-1.474915e-03
1.198633859038833e-02	7.112768e+00	5.598236e+00	4.897560e+00	1.514532e-03	-1.514532e-03	-1.514532e-03	-1.514533e-03
1.201563546538833e-02	7.155348e+00	5.603150e+00	4.901490e+00	1.552197e-03	-1.552197e-03	-1.552197e-03	-1.552198e-03
1.204493234038833e-02	7.195504e+00	5.607635e+00	4.905065e+00	1.587869e-03	-1.587869e-03	-1.587869e-03	-1.587870e-03
1.207422921538833e-02	7.233222e+00	5.611713e+00	4.908308e+00	1.621508e-03	-1.621508e-03	-1.621508e-03	-1.621509e-03
1.210352609038833e-02	7.268488e+00	5.615410e+00	4.911239e+00	1.653078e-03	-1.653078e-03	-1.653078e-03	-1.653078e-03
1.213282296538832e-02	7.301292e+00	5.618749e+00	4.913877e+00	1.682543e-03	-1.682543e-03	-1.682543e-03	-1.682544e-03
1.216211984038832e-02	7.331622e+00	5.621750e+00	4.916241e+00	1.709872e-03	-1.709872e-03	-1.709872e-03	-1.709872e-03
1.219141671538832e-02	7.359468e+00	5.624434e+00	4.918348e+00	1.735034e-03	-1.735034e-03	-1.735034e-03	-1.735034e-03
1.222071359038832e-02	7.384820e+00	5.626819e+00	4.920214e+00	1.758001e-03	-1.758001e-03	-1.758001e-03	-1.758002e-03
1.225001046538832e-02	7.407670e+00	5.628921e+00	4.921854e+00	1.778750e-03	-1.778750e-03	-1.778750e-03	-1.778750e-03
1.227930734038832e-02	7.428010e+00	5.630754e+00	4.923280e+00	1.797257e-03	-1.797257e-03	-1.797257e-03	-1.797257e-03
1.230860421538832e-02	7.445833e+00	5.632331e+00	4.924504e+00	1.813503e-03	-1.813503e-03	-1.813503e-03	-1.813503e-03
1.233790109038832e-02	7.461133e+00	5.633664e+00	4.925537e+00	1.827470e-03	-1.827470e-03	-1.827470e-03	-1.827470e-03
1.236719796538832e-02	7.473906e+00	5.634761e+00	4.926384e+00	1.839145e-03	-1.839145e-03	-1.839145e-03	-1.839145e-03
1.239649484038832e-02	7.484145e+00	5.635631e+00	4.927056e+00	1.848514e-03	-1.848514e-03	-1.848514e-03	-1.848514e-03
1.242579171538832e-02	7.491849e+00	5.636281e+00	4.927556e+00	1.855568e-03	-1.855568e-03	-1.855568e-03	-1.855569e-03
1.245508859038832e-02	7.497014e+00	5.636713e+00	4.927889e+00	1.860301e-03	-1.860301e-03	-1.860301e-03	-1.860301e-03
1.248438546538832e-02	7.499639e+00	5.636932e+00	4.928058e+00	1.862707e-03	-1.862707e-03	-1.862707e-03	-1.862707e-03
1.251368234038832e-02	7.499723e+00	5.636939e+00	4.928063e+00	1.862784e-03	-1.862784e-03	-1.862784e-03	-1.862784e-03
1.254297921538832e-02	7.497265e+00	5.636734e+00	4.927905e+00	1.860531e-03	-1.860531e-03	-1.860531e-03	-1.860532e-03
1.257227609038832e-02	7.492268e+00	5.636316e+00	4.927583e+00	1.855952e-03	-1.855952e-03	-1.855952e-03	-1.855952e-03
1.260157296538831e-02	7.484731e+00	5.635681e+00	4.927094e+00	1.849050e-03	-1.849050e-03	-1.849050e-03	-1.849051e-03
1.263086984038831e-02	7.474659e+00	5.634826e+00	4.926435e+00	1.839833e-03	-1.839833e-03	-1.839833e-03	-1.839833e-03
1.266016671538831e-02	7.462054e+00	5.633743e+00	4.925598e+00	1.828310e-03	-1.828310e-03	-1.828310e-03	-1.828311e-03
1.268946359038831e-02	7.446920e+00	5.632427e+00	4.924579e+00	1.814494e-03	-1.814494e-03	-1.814494e-03	-1.814494e-03
1.271876046538831e-02	7.429263e+00	5.630866e+00	4.923368e+00	1.798398e-03	-1.798398e-03	-1.798398e-03	-1.798398e-03
1.274805734038831e-02	7.409089e+00	5.629050e+00	4.921955e+00	1.780039e-03	-1.780039e-03	-1.780039e-03	-1.780039e-03
1.277735421538831e-02	7.386405e+00	5.626967e+00	4.920330e+00	1.759437e-03	-1.759437e-03	-1.759437e-03	-1.759438e-03
1.280665109038831e-02	7.361217e+00	5.624602e+00	4.918479e+00	1.736615e-03	-1.736615e-03	-1.736615e-03	-1.736616e-03
1.283594796538831e-02	7.333535e+00	5.621938e+00	4.916389e+00	1.711597e-03	-1.711597e-03	-1.711597e-03	-1.711598e-03
1.286524484038831e-02	7.303369e+00	5.618958e+00	4.914042e+00	1.684410e-03	-1.684410e-03	-1.684410e-03	-1.684411e-03
1.289454171538831e-02	7.270728e+00	5.615643e+00	4.911423e+00	1.655085e-03	-1.655085e-03	-1.655085e-03	-1.655085e-03
1.292383859038831e-02	7.235623e+00	5.611970e+00	4.908512e+00	1.623653e-03	-1.623653e-03	-1.623653e-03	-1.623653e-03
1.295313546538831e-02	7.198066e+00	5.607918e+00	4.905291e+00	1.590149e-03	-1.590149e-03	-1.590149e-03	-1.590149e-03
1.298243234038831e-02	7.158071e+00	5.603462e+00	4.901738e+00	1.554609e-03	-1.554609e-03	-1.554609e-03	-1.554610e-03
1.301172921538831e-02	7.115650e+00	5.598576e+00	4.897833e+00	1.517074e-03	-1.517074e-03	-1.517074e-03	-1.517075e-03
1.304102609038831e-02	7.070818e+00	5.593235e+00	4.893553e+00	1.477583e-03	-1.477583e-03	-1.477583e-03	-1.477584e-03
1.307032296538830e-02	7.023591e+00	5.587410e+00	4.888876e+00	1.436181e-03	-1.436181e-03	-1.436181e-03	-1.436181e-03
1.309961984038830e-02	6.973983e+00	5.581071e+00	4.883779e+00	1.392912e-03	-1.392912e-03	-1.392912e-03	-1.392913e-03
1.312891671538830e-02	6.922012e+00	5.574186e+00	4.878235e+00	1.347827e-03	-1.347827e-03	-1.347827e-03	-1.347827e-03
1.315821359038830e-02	6.867696e+00	5.566720e+00	4.872218e+00	1.300977e-03	-1.300977e-03	-1.300977e-03	-1.300978e-03
1.318751046538830e-02	6.811053e+00	5.558633e+00	4.865698e+00	1.252420e-03	-1.252420e-03	-1.252420e-03	-1.252421e-03
1.321680734038830e-02	6.752102e+00	5.549882e+00	4.858644e+00	1.202220e-03	-1.202220e-03	-1.202220e-03	-1.202221e-03
1.324610421538830e-02	6.690864e+00	5.540418e+00	4.851015e+00	1.150446e-03	-1.150446e-03	-1.150446e-03	-1.150447e-03
1.327540109038830e-02	6.627357e+00	5.530180e+00	4.842770e+00	1.097177e-03	-1.097177e-03	-1.097177e-03	-1.097179e-03
1.330469796538830e-02	6.561606e+00	5.519103e+00	4.833856e+00	1.042503e-03	-1.042503e-03	-1.042503e-03	-1.042505e-03
1.333399484038830e-02	6.493631e+00	5.507105e+00	4.824215e+00	9.865258e-04	-9.865258e-04	-9.865258e-04	-9.865274e-04
1.336329171538830e-02	6.423456e+00	5.494095e+00	4.813776e+00	9.293612e-04	-9.293612e-04	-9.293612e-04	-9.293632e-04
1.339258859038830e-02	6.351105e+00	5.479960e+00	4.802456e+00	8.711442e-04	-8.711442e-04	-8.711442e-04	-8.711466e-04
1.342188546538830e-02	6.276601e+00	5.464571e+00	4.790156e+00	8.120305e-04	-8.120305e-04	-8.120305e-04	-8.120335e-04
1.345118234038830e-02	6.199971e+00	5.447770e+00	4.776760e+00	7.522014e-04	-7.522014e-04	-7.522014e-04	-7.522050e-04
1.348047921538830e-02	6.121240e+00	5.429371e+00	4.762127e+00	6.918688e-04	-6.918688e-04	-6.918688e-04	-6.918735e-04
1.350977609038830e-02	6.040435e+00	5.409152e+00	4.746093e+00	6.312824e-04	-6.312824e-04	-6.312824e-04	-6.312883e-04
1.353907296538829e-02	5.957583e+00	5.386846e+00	4.728459e+00	5.707365e-04	-5.707365e-04	-5.707365e-04	-5.707440e-04
1.356836984038829e-02	5.872712e+00	5.362132e+00	4.708986e+00	5.105801e-04	-5.105801e-04	-5.105801e-04	-5.105897e-04
1.359766671538829e-02	5.785852e+00	5.334624e+00	4.687390e+00	4.512277e-04	-4.512277e-04	-4.512277e-04	-4.512400e-04
1.362696359038829e-02	5.697031e+00	5.303861e+00	4.663332e+00	3.931699e-04	-3.931699e-04	-3.931699e-04	-3.931859e-04
1.365626046538829e-02	5.606280e+00	5.269295e+00	4.636409e+00	3.369846e-04	-3.369846e-04	-3.369846e-04	-3.370050e-04
1.368555734038829e-02	5.513629e+00	5.230288e+00	4.606152e+00	2.833414e-04	-2.833414e-04	-2.833414e-04	-2.833670e-04
1.371485421538829e-02	5.419110e+00	5.186114e+00	4.572030e+00	2.329954e-04	-2.329954e-04	-2.329954e-04	-2.330267e-04
1.374415109038829e-02	5.322754e+00	5.135996e+00	4.533471e+00	1.867585e-04	-1.867585e-04	-1.867585e-04	-1.867951e-04
1.377344796538829e-02	5.224596e+00	5.079161e+00	4.489903e+00	1.454351e-04	-1.454351e-04	-1.454351e-04	-1.454752e-04
1.380274484038829e-02	5.124667e+00	5.014952e+00	4.440836e+00	1.097147e-04	-1.097147e-04	-1.097147e-04	-1.097547e-04
1.383204171538829e-02	5.023001e+00	4.942970e+00	4.385962e+00	8.003093e-05	-8.003093e-05	-8.003093e-05	-8.006625e-05
1.386133859038829e-02	4.919634e+00	4.863204e+00	4.325253e+00	5.642960e-05	-5.642960e-05	-5.642960e-05	-5.645651e-05
1.389063546538829e-02	4.814599e+00	4.776085e+00	4.259010e+00	3.851408e-05	-3.851408e-05	-3.851408e-05	-3.853151e-05
1.391993234038829e-02	4.707933e+00	4.682418e+00	4.187814e+00	2.551511e-05	-2.551511e-05	-2.551511e-05	-2.552472e-05
1.394922921538829e-02	4.599672e+00	4.583211e+00	4.112407e+00	1.646141e-05	-1.646141e-05	-1.646141e-05	-1.646602e-05
1.397852609038829e-02	4.489853e+00	4.479482e+00	4.033557e+00	1.037111e-05	-1.037111e-05	-1.037111e-05	-1.037311e-05
1.400782296538828e-02	4.378512e+00	4.372124e+00	3.951957e+00	6.387912e-06	-6.387912e-06	-6.387912e-06	-6.388730e-06
1.403711984038828e-02	4.265687e+00	4.261847e+00	3.868194e+00	3.839888e-06	-3.839888e-06	-3.839888e-06	-3.840219e-06
1.406641671538828e-02	4.151418e+00	4.149180e+00	3.782751e+00	2.237700e-06	-2.237700e-06	-2.237700e-06	-2.237841e-06
1.409571359038828e-02	4.035741e+00	4.034497e+00	3.696052e+00	1.243765e-06	-1.243765e-06	-1.243765e-06	-1.243833e-06
1.412501046538828e-02	3.918697e+00	3.918063e+00	3.608488e+00	6.336699e-07	-6.336699e-07	-6.336699e-07	-6.337118e-07
1.415430734038828e-02	3.800325e+00	3.800063e+00	3.520464e+00	2.626453e-07	-2.626453e-07	-2.626453e-07	-2.626795e-07
1.418360421538828e-02	3.680666e+00	3.680627e+00	3.432388e+00	3.867622e-08	-3.867622e-08	-3.867622e-08	-3.870779e-08
1.421290109038828e-02	3.559759e+00	3.559855e+00	3.344648e+00	-9.544987e-08	9.544987e-08	9.544987e-08	9.542168e-08
1.424219796538828e-02	3.437647e+00	3.437822e+00	3.257564e+00	-1.754020e-07	1.754020e-07	1.754020e-07	1.753794e-07
1.427149484038828e-02	3.314369e+00	3.314592e+00	3.171340e+00	-2.228034e-07	2.228034e-07	2.228034e-07	2.227872e-07
1.430079171538828e-02	3.189969e+00	3.190220e+00	3.086060e+00	-2.510828e-07	2.510828e-07	2.510828e-07	2.510719e-07
1.433008859038828e-02	3.064487e+00	3.064755e+00	3.001699e+00	-2.680452e-07	2.680452e-07	2.680452e-07	2.680381e-07
1.435938546538828e-02	2.937967e+00	2.938246e+00	2.918170e+00	-2.785694e-07	2.785694e-07	2.785694e-07	2.785646e-07
1.438868234038828e-02	2.810452e+00	2.810737e+00	2.835365e+00	-2.852360e-07	2.852360e-07	2.852360e-07	2.852326e-07
1.441797921538828e-02	2.681984e+00	2.682274e+00	2.753182e+00	-2.897817e-07	2.897817e-07	2.897817e-07	2.897792e-07
1.444727609038828e-02	2.552608e+00	2.552901e+00	2.671544e+00	-2.929465e-07	2.929465e-07	2.929465e-07	2.929446e-07
1.447657296538827e-02	2.422367e+00	2.422662e+00	2.590400e+00	-2.954024e-07	2.954024e-07	2.954024e-07	2.954009e-07
1.450586984038827e-02	2.291305e+00	2.291602e+00	2.509720e+00	-2.972884e-07	2.972884e-07	2.972884e-07	2.972871e-07
1.453516671538827e-02	2.159466e+00	2.159765e+00	2.429495e+00	-2.989314e-07	2.989314e-07	2.989314e-07	2.989303e-07
1.456446359038827e-02	2.026896e+00	2.027196e+00	2.349727e+00	-3.002789e-07	3.002789e-07	3.002789e-07	3.002779e-07
1.459376046538827e-02	1.893639e+00	1.893941e+00	2.270428e+00	-3.015435e-07	3.015435e-07	3.015435e-07	3.015426e-07
1.462305734038827e-02	1.759741e+00	1.760043e+00	2.191617e+00	-3.026104e-07	3.026104e-07	3.026104e-07	3.026096e-07
1.465235421538827e-02	1.625246e+00	1.625549e+00	2.113316e+00	-3.036513e-07	3.036513e-07	3.036513e-07	3.036506e-07
1.468165109038827e-02	1.490200e+00	1.490505e+00	2.035548e+00	-3.045312e-07	3.045312e-07	3.045312e-07	3.045305e-07
1.471094796538827e-02	1.354650e+00	1.354955e+00	1.958340e+00	-3.054053e-07	3.054053e-07	3.054053e-07	3.054047e-07
1.474024484038827e-02	1.218640e+00	1.218946e+00	1.881717e+00	-3.061330e-07	3.061330e-07	3.061330e-07	3.061325e-07
1.476954171538827e-02	1.082218e+00	1.082525e+00	1.805707e+00	-3.068618e-07	3.068618e-07	3.068618e-07	3.068613e-07
1.479883859038827e-02	9.454288e-01	9.457363e-01	1.730337e+00	-3.074504e-07	3.074504e-07	3.074504e-07	3.074500e-07
1.482813546538827e-02	8.083194e-01	8.086275e-01	1.655633e+00	-3.080418e-07	3.080418e-07	3.080418e-07	3.080415e-07
1.485743234038827e-02	6.709362e-01	6.712446e-01	1.581622e+00	-3.084964e-07	3.084964e-07	3.084964e-07	3.084961e-07
1.488672921538827e-02	5.333255e-01	5.336344e-01	1.508332e+00	-3.089536e-07	3.089536e-07	3.089536e-07	3.089534e-07
1.491602609038827e-02	3.955342e-01	3.958434e-01	1.435788e+00	-3.092759e-07	3.092759e-07	3.092759e-07	3.092757e-07
1.494532296538826e-02	2.576088e-01	2.579184e-01	1.364015e+00	-3.096002e-07	3.096002e-07	3.096002e-07	3.096000e-07
1.497461984038826e-02	1.195961e-01	1.199059e-01	1.293040e+00	-3.097911e-07	3.097911e-07	3.097911e-07	3.097910e-07
1.500391671538826e-02	-1.845707e-02	-1.814708e-02	1.222887e+00	-3.099831e-07	3.099831e-07	3.099831e-07	3.099831e-07
1.503321359038826e-02	-1.565040e-01	-1.561940e-01	1.153581e+00	-3.100432e-07	3.100432e-07	3.100432e-07	3.100432e-07
1.506251046538826e-02	-2.944979e-01	-2.941878e-01	1.085147e+00	-3.101036e-07	3.101036e-07	3.101036e-07	3.101037e-07
1.509180734038826e-02	-4.323920e-01	-4.320820e-01	1.017607e+00	-3.100337e-07	3.100337e-07	3.100337e-07	3.100338e-07
1.512110421538826e-02	-5.701396e-01	-5.698296e-01	9.509862e-01	-3.099633e-07	3.099633e-07	3.099633e-07	3.099635e-07
1.515040109038826e-02	-7.076941e-01	-7.073843e-01	8.853062e-01	-3.097646e-07	3.097646e-07	3.097646e-07	3.097648e-07
1.517969796538826e-02	-8.450087e-01	-8.446991e-01	8.205899e-01	-3.095651e-07	3.095651e-07	3.095651e-07	3.095654e-07
1.520899484038826e-02	-9.820369e-01	-9.817277e-01	7.568589e-01	-3.092396e-07	3.092396e-07	3.092396e-07	3.092400e-07
1.523829171538826e-02	-1.118733e+00	-1.118424e+00	6.941347e-01	-3.089141e-07	3.089141e-07	3.089141e-07	3.089145e-07
1.526758859038826e-02	-1.255049e+00	-1.254741e+00	6.324378e-01	-3.084664e-07	3.084664e-07	3.084664e-07	3.084668e-07
1.529688546538826e-02	-1.390940e+00	-1.390632e+00	5.717883e-01	-3.080214e-07	3.080214e-07	3.080214e-07	3.080219e-07
1.532618234038826e-02	-1.526360e+00	-1.526053e+00	5.122052e-01	-3.074612e-07	3.074612e-07	3.074612e-07	3.074618e-07
1.535547921538826e-02	-1.661263e+00	-1.660956e+00	4.537064e-01	-3.069117e-07	3.069117e-07	3.069117e-07	3.069124e-07
1.538477609038826e-02	-1.795603e+00	-1.795297e+00	3.963085e-01	-3.062624e-07	3.062624e-07	3.062624e-07	3.062632e-07
1.541407296538825e-02	-1.929334e+00	-1.929029e+00	3.400259e-01	-3.056454e-07	3.056454e-07	3.056454e-07	3.056462e-07
1.544336984038825e-02	-2.062412e+00	-2.062107e+00	2.848705e-01	-3.049659e-07	3.049659e-07	3.049659e-07	3.049668e-07
1.547266671538825e-02	-2.194791e+00	-2.194486e+00	2.308500e-01	-3.043769e-07	3.043769e-07	3.043769e-07	3.043779e-07
1.550196359038825e-02	-2.326426e+00	-2.326122e+00	1.779673e-01	-3.038255e-07	3.038255e-07	3.038255e-07	3.038266e-07
1.553126046538825e-02	-2.457273e+00	-2.456969e+00	1.262187e-01	-3.035322e-07	3.035322e-07	3.035322e-07	3.035334e-07
1.556055734038825e-02	-2.587287e+00	-2.586984e+00	7.559481e-02	-3.035721e-07	3.035721e-07	3.035721e-07	3.035734e-07
1.558985421538825e-02	-2.716425e+00	-2.716120e+00	2.608557e-02	-3.043980e-07	3.043980e-07	3.043980e-07	3.043994e-07
1.561915109038825e-02	-2.844642e+00	-2.844336e+00	-2.230054e-02	-3.065322e-07	3.065322e-07	3.065322e-07	3.065340e-07
1.564844796538825e-02	-2.971895e+00	-2.971584e+00	-6.948519e-02	-3.112844e-07	3.112844e-07	3.112844e-07	3.112870e-07
1.567774484038825e-02	-3.098142e+00	-3.097821e+00	-1.152031e-01	-3.208226e-07	3.208226e-07	3.208226e-07	3.208283e-07
1.570704171538825e-02	-3.223338e+00	-3.222999e+00	-1.587835e-01	-3.394254e-07	3.394254e-07	3.394254e-07	3.394459e-07
1.573633859038825e-02	-3.347443e+00	-3.347069e+00	-1.988942e-01	-3.738291e-07	3.738291e-07	3.738291e-07	3.739244e-07
1.576563546538826e-02	-3.470413e+00	-3.469980e+00	-2.336549e-01	-4.332936e-07	4.332936e-07	4.332936e-07	4.336788e-07
1.579493234038826e-02	-3.592207e+00	-3.591678e+00	-2.616391e-01	-5.295857e-07	5.295857e-07	5.295857e-07	5.295859e-07
1.582422921538826e-02	-3.712785e+00	-3.712105e+00	-2.838283e-01	-6.797576e-07	6.797576e-07	6.797576e-07	6.797579e-07
1.585352609038826e-02	-3.832103e+00	-3.831180e+00	-3.039134e-01	-9.237997e-07	9.237997e-07	9.237997e-07	9.239639e-07
1.588282296538826e-02	-3.950124e+00	-3.948791e+00	-3.256079e-01	-1.332992e-06	1.332992e-06	1.332992e-06	1.333239e-06
1.591211984038826e-02	-4.066806e+00	-4.064792e+00	-3.500175e-01	-2.014467e-06	2.014467e-06	2.014467e-06	2.015418e-06
1.594141671538826e-02	-4.182111e+00	-4.178978e+00	-3.758266e-01	-3.132398e-06	3.132398e-06	3.132398e-06	3.132992e-06
1.597071359038826e-02	-4.295998e+00	-4.291064e+00	-4.018285e-01	-4.933755e-06	4.933755e-06	4.933755e-06	4.934060e-06
1.600001046538826e-02	-4.408429e+00	-4.400638e+00	-4.276165e-01	-7.791377e-06	7.791377e-06	7.791377e-06	7.791872e-06
1.602930734038827e-02	-4.519367e+00	-4.507127e+00	-4.528738e-01	-1.223991e-05	1.223991e-05	1.223991e-05	1.224097e-05
1.605860421538827e-02	-4.628774e+00	-4.609772e+00	-4.773421e-01	-1.900147e-05	1.900147e-05	1.900147e-05	1.900394e-05
1.608790109038827e-02	-4.736611e+00	-4.707638e+00	-5.007408e-01	-2.897397e-05	2.897397e-05	2.897397e-05	2.897959e-05
1.611719796538827e-02	-4.842844e+00	-4.799692e+00	-5.227787e-01	-4.315264e-05	4.315264e-05	4.315264e-05	4.316446e-05
1.614649484038827e-02	-4.947437e+00	-4.884963e+00	-5.431784e-01	-6.247419e-05	6.247419e-05	6.247419e-05	6.249616e-05
1.617579171538827e-02	-5.050353e+00	-4.962729e+00	-5.617271e-01	-8.762409e-05	8.762409e-05	8.762409e-05	8.765915e-05
1.620508859038827e-02	-5.151557e+00	-5.032670e+00	-5.783159e-01	-1.188871e-04	1.188871e-04	1.188871e-04	1.189347e-04
1.623438546538827e-02	-5.251016e+00	-5.094905e+00	-5.929552e-01	-1.561107e-04	1.561107e-04	1.561107e-04	1.561661e-04
1.626368234038827e-02	-5.348696e+00	-5.149913e+00	-6.057569e-01	-1.987828e-04	1.987828e-04	1.987828e-04	1.988392e-04
1.629297921538828e-02	-5.444563e+00	-5.198393e+00	-6.168988e-01	-2.461706e-04	2.461706e-04	2.461706e-04	2.462225e-04
1.632227609038828e-02	-5.538586e+00	-5.241129e+00	-6.265864e-01	-2.974567e-04	2.974567e-04	2.974567e-04	2.975009e-04
1.635157296538828e-02	-5.630732e+00	-5.278895e+00	-6.350250e-01	-3.518372e-04	3.518372e-04	3.518372e-04	3.518730e-04
1.638086984038828e-02	-5.720970e+00	-5.312395e+00	-6.424024e-01	-4.085758e-04	4.085758e-04	4.085758e-04	4.086038e-04
1.641016671538828e-02	-5.809270e+00	-5.342244e+00	-6.488827e-01	-4.670258e-04	4.670258e-04	4.670258e-04	4.670474e-04
1.643946359038828e-02	-5.895601e+00	-5.368968e+00	-6.546052e-01	-5.266328e-04	5.266328e-04	5.266328e-04	5.266493e-04
1.646876046538828e-02	-5.979935e+00	-5.393008e+00	-6.596855e-01	-5.869269e-04	5.869269e-04	5.869269e-04	5.869395e-04
1.649805734038828e-02	-6.062242e+00	-5.414730e+00	-6.642197e-01	-6.475120e-04	6.475120e-04	6.475120e-04	6.475217e-04
1.652735421538828e-02	-6.142495e+00	-5.434441e+00	-6.682866e-01	-7.080546e-04	7.080546e-04	7.080546e-04	7.080621e-04
1.655665109038829e-02	-6.220667e+00	-5.452394e+00	-6.719514e-01	-7.682730e-04	7.682730e-04	7.682730e-04	7.682788e-04
1.658594796538829e-02	-6.296731e+00	-5.468803e+00	-6.752681e-01	-8.279283e-04	8.279283e-04	8.279283e-04	8.279329e-04
1.661524484038829e-02	-6.370662e+00	-5.483845e+00	-6.782811e-01	-8.868172e-04	8.868172e-04	8.868172e-04	8.868208e-04
1.664454171538829e-02	-6.442434e+00	-5.497668e+00	-6.810278e-01	-9.447657e-04	9.447657e-04	9.447657e-04	9.447687e-04
1.667383859038829e-02	-6.512023e+00	-5.510399e+00	-6.835393e-01	-1.001624e-03	1.001624e-03	1.001624e-03	1.001626e-03
1.670313546538829e-02	-6.579405e+00	-5.522143e+00	-6.858422e-01	-1.057263e-03	1.057263e-03	1.057263e-03	1.057265e-03
1.673243234038829e-02	-6.644559e+00	-5.532989e+00	-6.879584e-01	-1.111569e-03	1.111569e-03	1.111569e-03	1.111571e-03
1.676172921538829e-02	-6.707460e+00	-5.543015e+00	-6.899072e-01	-1.164446e-03	1.164446e-03	1.164446e-03	1.164447e-03
1.679102609038829e-02	-6.768089e+00	-5.552284e+00	-6.917046e-01	-1.215806e-03	1.215806e-03	1.215806e-03	1.215807e-03
1.682032296538830e-02	-6.826425e+00	-5.560853e+00	-6.933647e-01	-1.265573e-03	1.265573e-03	1.265573e-03	1.265574e-03
1.684961984038830e-02	-6.882448e+00	-5.568770e+00	-6.948994e-01	-1.313678e-03	1.313678e-03	1.313678e-03	1.313679e-03
1.687891671538830e-02	-6.936139e+00	-5.576078e+00	-6.963193e-01	-1.360061e-03	1.360061e-03	1.360061e-03	1.360062e-03
1.690821359038830e-02	-6.987479e+00	-5.582814e+00	-6.976331e-01	-1.404665e-03	1.404665e-03	1.404665e-03	1.404666e-03
1.693751046538830e-02	-7.036452e+00	-5.589013e+00	-6.988490e-01	-1.447439e-03	1.447439e-03	1.447439e-03	1.447440e-03
1.696680734038830e-02	-7.083041e+00	-5.594707e+00	-6.999736e-01	-1.488334e-03	1.488334e-03	1.488334e-03	1.488335e-03
1.699610421538830e-02	-7.127229e+00	-5.599924e+00	-7.010129e-01	-1.527306e-03	1.527306e-03	1.527306e-03	1.527307e-03
1.702540109038830e-02	-7.169003e+00	-5.604692e+00	-7.019722e-01	-1.564311e-03	1.564311e-03	1.564311e-03	1.564312e-03
1.705469796538830e-02	-7.208348e+00	-5.609038e+00	-7.028559e-01	-1.599310e-03	1.599310e-03	1.599310e-03	1.599311e-03
1.708399484038831e-02	-7.245250e+00	-5.612987e+00	-7.036681e-01	-1.632263e-03	1.632263e-03	1.632263e-03	1.632264e-03
1.711329171538831e-02	-7.279697e+00	-5.616562e+00	-7.044123e-01	-1.663135e-03	1.663135e-03	1.663135e-03	1.663136e-03
1.714258859038831e-02	-7.311677e+00	-5.619786e+00	-7.050915e-01	-1.691892e-03	1.691892e-03	1.691892e-03	1.691892e-03
1.717188546538831e-02	-7.341181e+00	-5.622680e+00	-7.057085e-01	-1.718501e-03	1.718501e-03	1.718501e-03	1.718502e-03
1.720118234038831e-02	-7.368196e+00	-5.625262e+00	-7.062656e-01	-1.742935e-03	1.742935e-03	1.742935e-03	1.742935e-03
1.723047921538831e-02	-7.392715e+00	-5.627550e+00	-7.067648e-01	-1.765165e-03	1.765165e-03	1.765165e-03	1.765166e-03
1.725977609038831e-02	-7.414730e+00	-5.629560e+00	-7.072080e-01	-1.785169e-03	1.785169e-03	1.785169e-03	1.785169e-03
1.728907296538831e-02	-7.434231e+00	-5.631307e+00	-7.075967e-01	-1.802924e-03	1.802924e-03	1.802924e-03	1.802925e-03
1.731836984038831e-02	-7.451214e+00	-5.632802e+00	-7.079322e-01	-1.818412e-03	1.818412e-03	1.818412e-03	1.818413e-03
1.734766671538832e-02	-7.465672e+00	-5.634055e+00	-7.082158e-01	-1.831617e-03	1.831617e-03	1.831617e-03	1.831617e-03
1.737696359038832e-02	-7.477600e+00	-5.635076e+00	-7.084483e-01	-1.842524e-03	1.842524e-03	1.842524e-03	1.842525e-03
1.740626046538832e-02	-7.486995e+00	-5.635872e+00	-7.086305e-01	-1.851123e-03	1.851123e-03	1.851123e-03	1.851123e-03
1.743555734038832e-02	-7.493853e+00	-5.636448e+00	-7.087630e-01	-1.857404e-03	1.857404e-03	1.857404e-03	1.857405e-03
1.746485421538832e-02	-7.498171e+00	-5.636809e+00	-7.088462e-01	-1.861362e-03	1.861362e-03	1.861362e-03	1.861362e-03
1.749415109038832e-02	-7.499949e+00	-5.636958e+00	-7.088804e-01	-1.862992e-03	1.862992e-03	1.862992e-03	1.862992e-03
1.752344796538832e-02	-7.499186e+00	-5.636894e+00	-7.088658e-01	-1.862292e-03	1.862292e-03	1.862292e-03	1.862292e-03
1.755274484038832e-02	-7.495882e+00	-5.636619e+00	-7.088022e-01	-1.859263e-03	1.859263e-03	1.859263e-03	1.859264e-03
1.758204171538832e-02	-7.490037e+00	-5.636128e+00	-7.086894e-01	-1.853909e-03	1.853909e-03	1.853909e-03	1.853909e-03
1.761133859038833e-02	-7.481656e+00	-5.635421e+00	-7.085271e-01	-1.846235e-03	1.846235e-03	1.846235e-03	1.846235e-03
1.764063546538833e-02	-7.470738e+00	-5.634490e+00	-7.083148e-01	-1.836248e-03	1.836248e-03	1.836248e-03	1.836248e-03
1.766993234038833e-02	-7.457290e+00	-5.633331e+00	-7.080517e-01	-1.823959e-03	1.823959e-03	1.823959e-03	1.823959e-03
1.769922921538833e-02	-7.441315e+00	-5.631934e+00	-7.077371e-01	-1.809381e-03	1.809381e-03	1.809381e-03	1.809381e-03
1.772852609038833e-02	-7.422818e+00	-5.630290e+00	-7.073698e-01	-1.792528e-03	1.792528e-03	1.792528e-03	1.792529e-03
1.775782296538833e-02	-7.401806e+00	-5.628386e+00	-7.069486e-01	-1.773420e-03	1.773420e-03	1.773420e-03	1.773420e-03
1.778711984038833e-02	-7.378286e+00	-5.626211e+00	-7.064719e-01	-1.752076e-03	1.752076e-03	1.752076e-03	1.752076e-03
1.781641671538833e-02	-7.352266e+00	-5.623748e+00	-7.059382e-01	-1.728519e-03	1.728519e-03	1.728519e-03	1.728519e-03
1.784571359038833e-02	-7.323755e+00	-5.620981e+00	-7.053455e-01	-1.702774e-03	1.702774e-03	1.702774e-03	1.702775e-03
1.787501046538834e-02	-7.292763e+00	-5.617892e+00	-7.046914e-01	-1.674871e-03	1.674871e-03	1.674871e-03	1.674872e-03
1.790430734038834e-02	-7.259299e+00	-5.614460e+00	-7.039735e-01	-1.644840e-03	1.644840e-03	1.644840e-03	1.644840e-03
1.793360421538834e-02	-7.223376e+00	-5.610662e+00	-7.031889e-01	-1.612713e-03	1.612713e-03	1.612713e-03	1.612714e-03
1.796290109038834e-02	-7.185005e+00	-5.606478e+00	-7.023342e-01	-1.578527e-03	1.578527e-03	1.578527e-03	1.578527e-03
1.799219796538834e-02	-7.144199e+00	-5.601882e+00	-7.014056e-01	-1.542317e-03	1.542317e-03	1.542317e-03	1.542318e-03
1.802149484038834e-02	-7.100973e+00	-5.596848e+00	-7.003989e-01	-1.504125e-03	1.504125e-03	1.504125e-03	1.504126e-03
1.805079171538834e-02	-7.055341e+00	-5.591349e+00	-6.993091e-01	-1.463993e-03	1.463993e-03	1.463993e-03	1.463993e-03
1.808008859038834e-02	-7.007318e+00	-5.585356e+00	-6.981305e-01	-1.421963e-03	1.421963e-03	1.421963e-03	1.421963e-03
1.810938546538834e-02	-6.956921e+00	-5.578838e+00	-6.968567e-01	-1.378083e-03	1.378083e-03	1.378083e-03	1.378084e-03
1.813868234038835e-02	-6.904167e+00	-5.571764e+00	-6.954803e-01	-1.332403e-03	1.332403e-03	1.332403e-03	1.332404e-03
1.816797921538835e-02	-6.849073e+00	-5.564095e+00	-6.939927e-01	-1.284978e-03	1.284978e-03	1.284978e-03	1.284979e-03
1.819727609038835e-02	-6.791658e+00	-5.555792e+00	-6.923841e-01	-1.235866e-03	1.235866e-03	1.235866e-03	1.235867e-03
1.822657296538835e-02	-6.731943e+00	-5.546809e+00	-6.906431e-01	-1.185133e-03	1.185133e-03	1.185133e-03	1.185134e-03
1.825586984038835e-02	-6.669946e+00	-5.537094e+00	-6.887567e-01	-1.132852e-03	1.132852e-03	1.132852e-03	1.132853e-03
1.828516671538835e-02	-6.605689e+00	-5.526585e+00	-6.867095e-01	-1.079104e-03	1.079104e-03	1.079104e-03	1.079105e-03
1.831446359038835e-02	-6.539194e+00	-5.515210e+00	-6.844838e-01	-1.023984e-03	1.023984e-03	1.023984e-03	1.023985e-03
1.834376046538835e-02	-6.470483e+00	-5.502886e+00	-6.820586e-01	-9.675965e-04	9.675965e-04	9.675965e-04	9.675983e-04
1.837305734038835e-02	-6.399580e+00	-5.489514e+00	-6.794094e-01	-9.100653e-04	9.100653e-04	9.100653e-04	9.100674e-04
1.840235421538836e-02	-6.326508e+00	-5.474977e+00	-6.765071e-01	-8.515309e-04	8.515309e-04	8.515309e-04	8.515335e-04
1.843165109038836e-02	-6.251293e+00	-5.459136e+00	-6.733168e-01	-7.921571e-04	7.921571e-04	7.921571e-04	7.921603e-04
1.846094796538836e-02	-6.173959e+00	-5.441824e+00	-6.697972e-01	-7.321350e-04	7.321350e-04	7.321350e-04	7.321389e-04
1.849024484038836e-02	-6.094534e+00	-5.422846e+00	-6.658982e-01	-6.716881e-04	6.716881e-04	6.716881e-04	6.716931e-04
1.851954171538836e-02	-6.013043e+00	-5.401963e+00	-6.615596e-01	-6.110799e-04	6.110799e-04	6.110799e-04	6.110863e-04
1.854883859038836e-02	-5.929515e+00	-5.378893e+00	-6.567082e-01	-5.506221e-04	5.506221e-04	5.506221e-04	5.506302e-04
1.857813546538836e-02	-5.843978e+00	-5.353294e+00	-6.512554e-01	-4.906841e-04	4.906841e-04	4.906841e-04	4.906946e-04
1.860743234038836e-02	-5.756461e+00	-5.324757e+00	-6.450936e-01	-4.317046e-04	4.317046e-04	4.317046e-04	4.317180e-04
1.863672921538836e-02	-5.666994e+00	-5.292791e+00	-6.380937e-01	-3.742023e-04	3.742023e-04	3.742023e-04	3.742196e-04
1.866602609038837e-02	-5.575605e+00	-5.256820e+00	-6.301017e-01	-3.187854e-04	3.187854e-04	3.187854e-04	3.188074e-04
1.869532296538837e-02	-5.482328e+00	-5.216175e+00	-6.209398e-01	-2.661537e-04	2.661537e-04	2.661537e-04	2.661812e-04
1.872461984038837e-02	-5.387194e+00	-5.170108e+00	-6.104089e-01	-2.170858e-04	2.170858e-04	2.170858e-04	2.171190e-04
1.875391671538837e-02	-5.290234e+00	-5.117833e+00	-5.983018e-01	-1.724004e-04	1.724004e-04	1.724004e-04	1.724385e-04
1.878321359038837e-02	-5.191481e+00	-5.058603e+00	-5.844250e-01	-1.328776e-04	1.328776e-04	1.328776e-04	1.329181e-04
1.881251046538837e-02	-5.090970e+00	-4.991831e+00	-5.686336e-01	-9.913814e-05	9.913814e-05	9.913814e-05	9.917710e-05
1.884180734038837e-02	-4.988733e+00	-4.917234e+00	-5.508685e-01	-7.149858e-05	7.149858e-05	7.149858e-05	7.153140e-05
1.887110421538837e-02	-4.884806e+00	-4.834948e+00	-5.311848e-01	-4.985767e-05	4.985767e-05	4.985767e-05	4.988138e-05
1.890040109038837e-02	-4.779223e+00	-4.745543e+00	-5.097492e-01	-3.368055e-05	3.368055e-05	3.368055e-05	3.369509e-05
1.892969796538838e-02	-4.672022e+00	-4.649913e+00	-4.868057e-01	-2.210876e-05	2.210876e-05	2.210876e-05	2.211639e-05
1.895899484038838e-02	-4.563237e+00	-4.549089e+00	-4.626195e-01	-1.414779e-05	1.414779e-05	1.414779e-05	1.415132e-05
1.898829171538838e-02	-4.452907e+00	-4.444060e+00	-4.374288e-01	-8.846408e-06	8.846408e-06	8.846408e-06	8.847897e-06
1.901758859038838e-02	-4.341067e+00	-4.335660e+00	-4.114086e-01	-5.406800e-06	5.406800e-06	5.406800e-06	5.407404e-06
1.904688546538838e-02	-4.227756e+00	-4.224536e+00	-3.846587e-01	-3.220152e-06	3.220152e-06	3.220152e-06	3.220399e-06
1.907618234038838e-02	-4.113013e+00	-4.111161e+00	-3.571890e-01	-1.851868e-06	1.851868e-06	1.851868e-06	1.851976e-06
1.910547921538838e-02	-3.996876e+00	-3.995870e+00	-3.289303e-01	-1.006239e-06	1.006239e-06	1.006239e-06	1.006295e-06
1.913477609038838e-02	-3.879385e+00	-3.878897e+00	-2.997191e-01	-4.888668e-07	4.888668e-07	4.888668e-07	4.889050e-07
1.916407296538838e-02	-3.760580e+00	-3.760405e+00	-2.693143e-01	-1.750331e-07	1.750331e-07	1.750331e-07	1.750663e-07
1.919336984038839e-02	-3.640500e+00	-3.640514e+00	-2.374244e-01	1.385918e-08	-1.385918e-08	-1.385918e-08	-1.385918e-08
1.922266671538839e-02	-3.519187e+00	-3.519314e+00	-2.037732e-01	1.268368e-07	-1.268368e-07	-1.268368e-07	-1.268103e-07
1.925196359038839e-02	-3.396682e+00	-3.396876e+00	-1.681502e-01	1.940110e-07	-1.940110e-07	-1.940110e-07	-1.939907e-07
1.928126046538839e-02	-3.273025e+00	-3.273259e+00	-1.304461e-01	2.338898e-07	-2.338898e-07	-2.338898e-07	-2.338755e-07
1.931055734038839e-02	-3.148259e+00	-3.148517e+00	-9.067170e-02	2.576943e-07	-2.576943e-07	-2.576943e-07	-2.576849e-07
1.933985421538839e-02	-3.022427e+00	-3.022699e+00	-4.892608e-02	2.721159e-07	-2.721159e-07	-2.721159e-07	-2.721097e-07
1.936915109038839e-02	-2.895571e+00	-2.895852e+00	-5.354430e-03	2.811094e-07	-2.811094e-07	-2.811094e-07	-2.811052e-07
1.939844796538839e-02	-2.767733e+00	-2.768020e+00	3.988947e-02	2.869458e-07	-2.869458e-07	-2.869458e-07	-2.869427e-07
1.942774484038839e-02	-2.638958e+00	-2.639249e+00	8.666707e-02	2.909444e-07	-2.909444e-07	-2.909444e-07	-2.909421e-07
1.945704171538840e-02	-2.509288e+00	-2.509582e+00	1.348649e-01	2.938396e-07	-2.938396e-07	-2.938396e-07	-2.938378e-07
1.948633859038840e-02	-2.378768e+00	-2.379064e+00	1.843951e-01	2.960699e-07	-2.960699e-07	-2.960699e-07	-2.960685e-07
1.951563546538840e-02	-2.247442e+00	-2.247741e+00	2.351913e-01	2.978703e-07	-2.978703e-07	-2.978703e-07	-2.978691e-07
1.954493234038840e-02	-2.115355e+00	-2.115655e+00	2.872036e-01	2.993960e-07	-2.993960e-07	-2.993960e-07	-2.993949e-07
1.957422921538840e-02	-1.982551e+00	-1.982852e+00	3.403934e-01	3.007207e-07	-3.007207e-07	-3.007207e-07	-3.007197e-07
1.960352609038840e-02	-1.849075e+00	-1.849377e+00	3.947300e-01	3.019063e-07	-3.019063e-07	-3.019063e-07	-3.019054e-07
1.963282296538840e-02	-1.714973e+00	-1.715276e+00	4.501876e-01	3.029724e-07	-3.029724e-07	-3.029724e-07	-3.029716e-07
1.966211984038840e-02	-1.580289e+00	-1.580593e+00	5.067437e-01	3.039487e-07	-3.039487e-07	-3.039487e-07	-3.039480e-07
1.969141671538840e-02	-1.445071e+00	-1.445375e+00	5.643774e-01	3.048356e-07	-3.048356e-07	-3.048356e-07	-3.048350e-07
1.972071359038841e-02	-1.309362e+00	-1.309668e+00	6.230689e-01	3.056509e-07	-3.056509e-07	-3.056509e-07	-3.056503e-07
1.975001046538841e-02	-1.173210e+00	-1.173516e+00	6.827989e-01	3.063882e-07	-3.063882e-07	-3.063882e-07	-3.063877e-07
1.977930734038841e-02	-1.036660e+00	-1.036967e+00	7.435482e-01	3.070606e-07	-3.070606e-07	-3.070606e-07	-3.070602e-07
1.980860421538841e-02	-8.997590e-01	-9.000667e-01	8.052976e-01	3.076594e-07	-3.076594e-07	-3.076594e-07	-3.076591e-07
1.983790109038841e-02	-7.625532e-01	-7.628613e-01	8.680274e-01	3.081959e-07	-3.081959e-07	-3.081959e-07	-3.081956e-07
1.986719796538841e-02	-6.250889e-01	-6.253976e-01	9.317179e-01	3.086605e-07	-3.086605e-07	-3.086605e-07	-3.086602e-07
1.989649484038841e-02	-4.874128e-01	-4.877219e-01	9.963490e-01	3.090636e-07	-3.090636e-07	-3.090636e-07	-3.090634e-07
1.992579171538841e-02	-3.495716e-01	-3.498810e-01	1.061900e+00	3.093955e-07	-3.093955e-07	-3.093955e-07	-3.093954e-07
1.995508859038841e-02	-2.116119e-01	-2.119216e-01	1.128350e+00	3.096664e-07	-3.096664e-07	-3.096664e-07	-3.096663e-07
1.998438546538842e-02	-7.358058e-02	-7.389045e-02	1.195677e+00	3.098666e-07	-3.098666e-07	-3.098666e-07	-3.098665e-07
2.001368234038842e-02	6.447572e-02	6.416571e-02	1.263860e+00	3.100058e-07	-3.100058e-07	-3.100058e-07	-3.100058e-07
2.004297921538842e-02	2.025102e-01	2.022001e-01	1.332876e+00	3.100747e-07	-3.100747e-07	-3.100747e-07	-3.100747e-07
2.007227609038842e-02	3.404760e-01	3.401659e-01	1.402703e+00	3.100830e-07	-3.100830e-07	-3.100830e-07	-3.100831e-07
2.010157296538842e-02	4.783265e-01	4.780164e-01	1.473318e+00	3.100214e-07	-3.100214e-07	-3.100214e-07	-3.100216e-07
2.013086984038842e-02	6.160148e-01	6.157050e-01	1.544696e+00	3.098998e-07	-3.098998e-07	-3.098998e-07	-3.099000e-07
2.016016671538842e-02	7.534945e-01	7.531848e-01	1.616815e+00	3.097091e-07	-3.097091e-07	-3.097091e-07	-3.097093e-07
2.018946359038842e-02	8.907189e-01	8.904094e-01	1.689649e+00	3.094592e-07	-3.094592e-07	-3.094592e-07	-3.094595e-07
2.021876046538842e-02	1.027641e+00	1.027332e+00	1.763175e+00	3.091418e-07	-3.091418e-07	-3.091418e-07	-3.091422e-07
2.024805734038843e-02	1.164216e+00	1.163907e+00	1.837365e+00	3.087672e-07	-3.087672e-07	-3.087672e-07	-3.087676e-07
2.027735421538843e-02	1.300396e+00	1.300087e+00	1.912196e+00	3.083281e-07	-3.083281e-07	-3.083281e-07	-3.083286e-07
2.030665109038843e-02	1.436135e+00	1.435827e+00	1.987639e+00	3.078362e-07	-3.078362e-07	-3.078362e-07	-3.078368e-07
2.033594796538843e-02	1.571388e+00	1.571080e+00	2.063669e+00	3.072868e-07	-3.072868e-07	-3.072868e-07	-3.072875e-07
2.036524484038843e-02	1.706108e+00	1.705801e+00	2.140256e+00	3.066951e-07	-3.066951e-07	-3.066951e-07	-3.066958e-07
2.039454171538843e-02	1.840250e+00	1.839944e+00	2.217371e+00	3.060624e-07	-3.060624e-07	-3.060624e-07	-3.060632e-07
2.042383859038843e-02	1.973768e+00	1.973463e+00	2.294982e+00	3.054138e-07	-3.054138e-07	-3.054138e-07	-3.054147e-07
2.045313546538843e-02	2.106618e+00	2.106313e+00	2.373055e+00	3.047670e-07	-3.047670e-07	-3.047670e-07	-3.047680e-07
2.048243234038843e-02	2.238754e+00	2.238450e+00	2.451550e+00	3.041744e-07	-3.041744e-07	-3.041744e-07	-3.041755e-07
2.051172921538844e-02	2.370131e+00	2.369828e+00	2.530424e+00	3.037017e-07	-3.037017e-07	-3.037017e-07	-3.037028e-07
2.054102609038844e-02	2.500706e+00	2.500402e+00	2.609626e+00	3.034856e-07	-3.034856e-07	-3.034856e-07	-3.034868e-07
2.057032296538844e-02	2.630433e+00	2.630129e+00	2.689101e+00	3.037463e-07	-3.037463e-07	-3.037463e-07	-3.037477e-07
2.059961984038844e-02	2.759269e+00	2.758964e+00	2.768798e+00	3.049101e-07	-3.049101e-07	-3.049101e-07	-3.049116e-07
2.062891671538844e-02	2.887169e+00	2.886861e+00	2.848695e+00	3.077511e-07	-3.077511e-07	-3.077511e-07	-3.077531e-07
2.065821359038844e-02	3.014092e+00	3.013778e+00	2.928872e+00	3.137643e-07	-3.137643e-07	-3.137643e-07	-3.137675e-07
2.068751046538844e-02	3.139993e+00	3.139667e+00	3.009653e+00	3.257465e-07	-3.257465e-07	-3.257465e-07	-3.257549e-07
2.071680734038844e-02	3.264830e+00	3.264481e+00	3.091858e+00	3.487095e-07	-3.487095e-07	-3.487095e-07	-3.487434e-07
2.074610421538844e-02	3.388561e+00	3.388171e+00	3.177004e+00	3.903838e-07	-3.903838e-07	-3.903838e-07	-3.905413e-07
2.077540109038845e-02	3.511144e+00	3.510683e+00	3.266978e+00	4.609831e-07	-4.609831e-07	-4.609831e-07	-4.609832e-07
2.080469796538845e-02	3.632537e+00	3.631965e+00	3.362478e+00	5.721520e-07	-5.721520e-07	-5.721520e-07	-5.721523e-07
2.083399484038845e-02	3.752699e+00	3.751952e+00	3.461361e+00	7.471477e-07	-7.471477e-07	-7.471477e-07	-7.478524e-07
2.086329171538845e-02	3.871590e+00	3.870552e+00	3.559658e+00	1.037703e-06	-1.037703e-06	-1.037703e-06	-1.037732e-06
2.089258859038845e-02	3.989169e+00	3.987646e+00	3.654168e+00	1.523120e-06	-1.523120e-06	-1.523120e-06	-1.523628e-06
2.092188546538845e-02	4.105396e+00	4.103068e+00	3.744518e+00	2.328489e-06	-2.328489e-06	-2.328489e-06	-2.329464e-06
2.095118234038845e-02	4.220232e+00	4.216591e+00	3.832091e+00	3.641477e-06	-3.641477e-06	-3.641477e-06	-3.641901e-06
2.098047921538845e-02	4.333639e+00	4.327892e+00	3.917428e+00	5.746183e-06	-5.746183e-06	-5.746183e-06	-5.746515e-06
2.100977609038845e-02	4.445576e+00	4.436511e+00	4.000402e+00	9.065764e-06	-9.065764e-06	-9.065764e-06	-9.066393e-06
2.103907296538846e-02	4.556008e+00	4.541812e+00	4.080682e+00	1.419562e-05	-1.419562e-05	-1.419562e-05	-1.419702e-05
2.106836984038846e-02	4.664896e+00	4.642975e+00	4.157700e+00	2.192052e-05	-2.192052e-05	-2.192052e-05	-2.192380e-05
2.109766671538846e-02	4.772202e+00	4.739019e+00	4.230767e+00	3.318354e-05	-3.318354e-05	-3.318354e-05	-3.319083e-05
2.112696359038846e-02	4.877893e+00	4.828912e+00	4.299139e+00	4.898090e-05	-4.898090e-05	-4.898090e-05	-4.899566e-05
2.115626046538846e-02	4.981930e+00	4.911744e+00	4.362169e+00	7.018667e-05	-7.018667e-05	-7.018667e-05	-7.021282e-05
2.118555734038846e-02	5.084280e+00	4.986915e+00	4.419438e+00	9.736473e-05	-9.736473e-05	-9.736473e-05	-9.740426e-05
2.121485421538846e-02	5.184906e+00	5.054254e+00	4.470846e+00	1.306518e-04	-1.306518e-04	-1.306518e-04	-1.307027e-04
2.124415109038846e-02	5.283776e+00	5.114013e+00	4.516594e+00	1.697625e-04	-1.697625e-04	-1.697625e-04	-1.698189e-04
2.127344796538846e-02	5.380855e+00	5.166760e+00	4.557115e+00	2.140945e-04	-2.140945e-04	-2.140945e-04	-2.141499e-04
2.130274484038847e-02	5.476111e+00	5.213237e+00	4.592958e+00	2.628735e-04	-2.628735e-04	-2.628735e-04	-2.629230e-04
2.133204171538847e-02	5.569511e+00	5.254234e+00	4.624705e+00	3.152778e-04	-3.152778e-04	-3.152778e-04	-3.153192e-04
2.136133859038847e-02	5.661025e+00	5.290503e+00	4.652910e+00	3.705219e-04	-3.705219e-04	-3.705219e-04	-3.705549e-04
2.139063546538847e-02	5.750620e+00	5.322722e+00	4.678067e+00	4.278982e-04	-4.278982e-04	-4.278982e-04	-4.279239e-04
2.141993234038847e-02	5.838267e+00	5.351476e+00	4.700608e+00	4.867911e-04	-4.867911e-04	-4.867911e-04	-4.868108e-04
2.144922921538847e-02	5.923936e+00	5.377260e+00	4.720895e+00	5.466754e-04	-5.466754e-04	-5.466754e-04	-5.466905e-04
2.147852609038847e-02	6.007597e+00	5.400490e+00	4.739236e+00	6.071072e-04	-6.071072e-04	-6.071072e-04	-6.071188e-04
2.150782296538847e-02	6.089223e+00	5.421510e+00	4.755887e+00	6.677125e-04	-6.677125e-04	-6.677125e-04	-6.677214e-04
2.153711984038847e-02	6.168785e+00	5.440609e+00	4.771059e+00	7.281760e-04	-7.281760e-04	-7.281760e-04	-7.281830e-04
2.156641671538848e-02	6.246257e+00	5.458026e+00	4.784933e+00	7.882314e-04	-7.882314e-04	-7.882314e-04	-7.882367e-04
2.159571359038848e-02	6.321613e+00	5.473961e+00	4.797657e+00	8.476522e-04	-8.476522e-04	-8.476522e-04	-8.476565e-04
2.162501046538848e-02	6.394827e+00	5.488581e+00	4.809357e+00	9.062457e-04	-9.062457e-04	-9.062457e-04	-9.062491e-04
2.165430734038848e-02	6.465874e+00	5.502028e+00	4.820138e+00	9.638463e-04	-9.638463e-04	-9.638463e-04	-9.638491e-04
2.168360421538848e-02	6.534730e+00	5.514419e+00	4.830090e+00	1.020312e-03	-1.020312e-03	-1.020312e-03	-1.020314e-03
2.171290109038848e-02	6.601372e+00	5.525854e+00	4.839287e+00	1.075518e-03	-1.075518e-03	-1.075518e-03	-1.075520e-03
2.174219796538848e-02	6.665777e+00	5.536419e+00	4.847793e+00	1.129358e-03	-1.129358e-03	-1.129358e-03	-1.129360e-03
2.177149484038848e-02	6.727924e+00	5.546185e+00	4.855663e+00	1.181738e-03	-1.181738e-03	-1.181738e-03	-1.181740e-03
2.180079171538848e-02	6.787791e+00	5.555215e+00	4.862943e+00	1.232575e-03	-1.232575e-03	-1.232575e-03	-1.232576e-03
2.183008859038849e-02	6.845357e+00	5.563562e+00	4.869672e+00	1.281795e-03	-1.281795e-03	-1.281795e-03	-1.281796e-03
2.185938546538849e-02	6.900605e+00	5.571272e+00	4.875886e+00	1.329333e-03	-1.329333e-03	-1.329333e-03	-1.329334e-03
2.188868234038849e-02	6.953514e+00	5.578385e+00	4.881617e+00	1.375129e-03	-1.375129e-03	-1.375129e-03	-1.375130e-03
2.191797921538849e-02	7.004067e+00	5.584939e+00	4.886889e+00	1.419129e-03	-1.419129e-03	-1.419129e-03	-1.419130e-03
2.194727609038849e-02	7.052248e+00	5.590966e+00	4.891732e+00	1.461282e-03	-1.461282e-03	-1.461282e-03	-1.461282e-03
2.197657296538849e-02	7.098038e+00	5.596497e+00	4.896168e+00	1.501541e-03	-1.501541e-03	-1.501541e-03	-1.501541e-03
2.200586984038849e-02	7.141423e+00	5.601562e+00	4.900220e+00	1.539862e-03	-1.539862e-03	-1.539862e-03	-1.539862e-03
2.203516671538849e-02	7.182389e+00	5.606186e+00	4.903911e+00	1.576202e-03	-1.576202e-03	-1.576202e-03	-1.576203e-03
2.206446359038849e-02	7.220921e+00	5.610397e+00	4.907263e+00	1.610523e-03	-1.610523e-03	-1.610523e-03	-1.610524e-03
2.209376046538850e-02	7.257006e+00	5.614219e+00	4.910295e+00	1.642787e-03	-1.642787e-03	-1.642787e-03	-1.642787e-03
2.212305734038850e-02	7.290632e+00	5.617675e+00	4.913029e+00	1.672957e-03	-1.672957e-03	-1.672957e-03	-1.672958e-03
2.215235421538850e-02	7.321788e+00	5.620786e+00	4.915482e+00	1.701002e-03	-1.701002e-03	-1.701002e-03	-1.701002e-03
2.218165109038850e-02	7.350463e+00	5.623574e+00	4.917673e+00	1.726889e-03	-1.726889e-03	-1.726889e-03	-1.726889e-03
2.221094796538850e-02	7.376647e+00	5.626057e+00	4.919618e+00	1.750591e-03	-1.750591e-03	-1.750591e-03	-1.750591e-03
2.224024484038850e-02	7.400332e+00	5.628251e+00	4.921332e+00	1.772082e-03	-1.772082e-03	-1.772082e-03	-1.772082e-03
2.226954171538850e-02	7.421510e+00	5.630171e+00	4.922828e+00	1.791338e-03	-1.791338e-03	-1.791338e-03	-1.791339e-03
2.229883859038850e-02	7.440172e+00	5.631833e+00	4.924118e+00	1.808340e-03	-1.808340e-03	-1.808340e-03	-1.808340e-03
2.232813546538850e-02	7.456314e+00	5.633246e+00	4.925213e+00	1.823068e-03	-1.823068e-03	-1.823068e-03	-1.823069e-03
2.235743234038851e-02	7.469929e+00	5.634421e+00	4.926122e+00	1.835509e-03	-1.835509e-03	-1.835509e-03	-1.835509e-03
2.238672921538851e-02	7.481014e+00	5.635366e+00	4.926851e+00	1.845647e-03	-1.845647e-03	-1.845647e-03	-1.845648e-03
2.241602609038851e-02	7.489563e+00	5.636088e+00	4.927408e+00	1.853475e-03	-1.853475e-03	-1.853475e-03	-1.853475e-03
2.244532296538851e-02	7.495574e+00	5.636592e+00	4.927796e+00	1.858982e-03	-1.858982e-03	-1.858982e-03	-1.858982e-03
2.247461984038851e-02	7.499046e+00	5.636882e+00	4.928020e+00	1.862164e-03	-1.862164e-03	-1.862164e-03	-1.862164e-03
2.250391671538851e-02	7.499977e+00	5.636960e+00	4.928079e+00	1.863017e-03	-1.863017e-03	-1.863017e-03	-1.863017e-03
2.253321359038851e-02	7.498367e+00	5.636826e+00	4.927976e+00	1.861541e-03	-1.861541e-03	-1.861541e-03	-1.861541e-03
2.256251046538851e-02	7.494216e+00	5.636479e+00	4.927709e+00	1.857737e-03	-1.857737e-03	-1.857737e-03	-1.857737e-03
2.259180734038851e-02	7.487525e+00	5.635917e+00	4.927276e+00	1.851609e-03	-1.851609e-03	-1.851609e-03	-1.851609e-03
2.262110421538852e-02	7.478298e+00	5.635136e+00	4.926674e+00	1.843162e-03	-1.843162e-03	-1.843162e-03	-1.843163e-03
2.265040109038852e-02	7.466537e+00	5.634130e+00	4.925897e+00	1.832407e-03	-1.832407e-03	-1.832407e-03	-1.832407e-03
2.267969796538852e-02	7.452245e+00	5.632892e+00	4.924940e+00	1.819353e-03	-1.819353e-03	-1.819353e-03	-1.819354e-03
2.270899484038852e-02	7.435429e+00	5.631414e+00	4.923793e+00	1.804015e-03	-1.804015e-03	-1.804015e-03	-1.804015e-03
2.273829171538852e-02	7.416093e+00	5.629684e+00	4.922449e+00	1.786409e-03	-1.786409e-03	-1.786409e-03	-1.786409e-03
2.276758859038852e-02	7.394245e+00	5.627692e+00	4.920896e+00	1.766552e-03	-1.766552e-03	-1.766552e-03	-1.766553e-03
2.279688546538852e-02	7.369890e+00	5.625422e+00	4.919122e+00	1.744468e-03	-1.744468e-03	-1.744468e-03	-1.744468e-03
2.282618234038852e-02	7.343039e+00	5.622860e+00	4.917113e+00	1.720179e-03	-1.720179e-03	-1.720179e-03	-1.720179e-03
2.285547921538852e-02	7.313700e+00	5.619988e+00	4.914854e+00	1.693712e-03	-1.693712e-03	-1.693712e-03	-1.693712e-03
2.288477609038853e-02	7.281882e+00	5.616786e+00	4.912327e+00	1.665096e-03	-1.665096e-03	-1.665096e-03	-1.665096e-03
2.291407296538853e-02	7.247598e+00	5.613235e+00	4.909516e+00	1.634362e-03	-1.634362e-03	-1.634362e-03	-1.634363e-03
2.294336984038853e-02	7.210857e+00	5.609312e+00	4.906400e+00	1.601545e-03	-1.601545e-03	-1.601545e-03	-1.601545e-03
2.297266671538853e-02	7.171673e+00	5.604993e+00	4.902960e+00	1.566680e-03	-1.566680e-03	-1.566680e-03	-1.566680e-03
2.300196359038853e-02	7.130059e+00	5.600254e+00	4.899175e+00	1.529805e-03	-1.529805e-03	-1.529805e-03	-1.529806e-03
2.303126046538853e-02	7.086029e+00	5.595068e+00	4.895023e+00	1.490961e-03	-1.490961e-03	-1.490961e-03	-1.490962e-03
2.306055734038853e-02	7.039598e+00	5.589407e+00	4.890481e+00	1.450191e-03	-1.450191e-03	-1.450191e-03	-1.450192e-03
2.308985421538853e-02	6.990782e+00	5.583243e+00	4.885526e+00	1.407539e-03	-1.407539e-03	-1.407539e-03	-1.407540e-03
2.311915109038853e-02	6.939597e+00	5.576543e+00	4.880134e+00	1.363054e-03	-1.363054e-03	-1.363054e-03	-1.363055e-03
2.314844796538854e-02	6.886061e+00	5.569275e+00	4.874278e+00	1.316786e-03	-1.316786e-03	-1.316786e-03	-1.316787e-03
2.317774484038854e-02	6.830192e+00	5.561400e+00	4.867929e+00	1.268792e-03	-1.268792e-03	-1.268792e-03	-1.268793e-03
2.320704171538854e-02	6.772008e+00	5.552876e+00	4.861057e+00	1.219132e-03	-1.219132e-03	-1.219132e-03	-1.219133e-03
2.323633859038854e-02	6.711529e+00	5.543655e+00	4.853624e+00	1.167874e-03	-1.167874e-03	-1.167874e-03	-1.167875e-03
2.326563546538854e-02	6.648777e+00	5.533682e+00	4.845590e+00	1.115094e-03	-1.115094e-03	-1.115094e-03	-1.115096e-03
2.329493234038854e-02	6.583771e+00	5.522893e+00	4.836905e+00	1.060878e-03	-1.060878e-03	-1.060878e-03	-1.060880e-03
2.332422921538854e-02	6.516535e+00	5.511212e+00	4.827514e+00	1.005323e-03	-1.005323e-03	-1.005323e-03	-1.005325e-03
2.335352609038854e-02	6.447091e+00	5.498551e+00	4.817349e+00	9.485401e-04	-9.485401e-04	-9.485401e-04	-9.485419e-04
2.338282296538854e-02	6.375462e+00	5.484805e+00	4.806333e+00	8.906577e-04	-8.906577e-04	-8.906577e-04	-8.906600e-04
2.341211984038855e-02	6.301673e+00	5.469849e+00	4.794372e+00	8.318241e-04	-8.318241e-04	-8.318241e-04	-8.318269e-04
2.344141671538855e-02	6.225749e+00	5.453537e+00	4.781355e+00	7.722115e-04	-7.722115e-04	-7.722115e-04	-7.722149e-04
2.347071359038855e-02	6.147715e+00	5.435694e+00	4.767152e+00	7.120211e-04	-7.120211e-04	-7.120211e-04	-7.120254e-04
2.350001046538855e-02	6.067598e+00	5.416110e+00	4.751606e+00	6.514890e-04	-6.514890e-04	-6.514890e-04	-6.514944e-04
2.352930734038855e-02	5.985426e+00	5.394532e+00	4.734529e+00	5.908937e-04	-5.908937e-04	-5.908937e-04	-5.909005e-04
2.355860421538855e-02	5.901225e+00	5.370660e+00	4.715698e+00	5.305649e-04	-5.305649e-04	-5.305649e-04	-5.305737e-04
2.358790109038855e-02	5.815024e+00	5.344131e+00	4.694845e+00	4.708939e-04	-4.708939e-04	-4.708939e-04	-4.709053e-04
2.361719796538855e-02	5.726854e+00	5.314509e+00	4.671649e+00	4.123449e-04	-4.123449e-04	-4.123449e-04	-4.123595e-04
2.364649484038855e-02	5.636743e+00	5.281277e+00	4.645729e+00	3.554656e-04	-3.554656e-04	-3.554656e-04	-3.554843e-04
2.367579171538856e-02	5.544722e+00	5.243827e+00	4.616640e+00	3.008950e-04	-3.008950e-04	-3.008950e-04	-3.009187e-04
2.370508859038856e-02	5.450822e+00	5.201460e+00	4.583869e+00	2.493616e-04	-2.493616e-04	-2.493616e-04	-2.493910e-04
2.373438546538856e-02	5.355075e+00	5.153411e+00	4.546853e+00	2.016634e-04	-2.016634e-04	-2.016634e-04	-2.016984e-04
2.376368234038856e-02	5.257514e+00	5.098897e+00	4.505015e+00	1.586172e-04	-1.586172e-04	-1.586172e-04	-1.586565e-04
2.379297921538856e-02	5.158171e+00	5.037206e+00	4.457827e+00	1.209653e-04	-1.209653e-04	-1.209653e-04	-1.210058e-04
2.382227609038856e-02	5.057080e+00	4.967837e+00	4.404907e+00	8.924290e-05	-8.924290e-05	-8.924290e-05	-8.928029e-05
2.385157296538856e-02	4.954277e+00	4.890640e+00	4.346126e+00	6.363646e-05	-6.363646e-05	-6.363646e-05	-6.366645e-05
2.388086984038856e-02	4.849794e+00	4.805898e+00	4.281675e+00	4.389559e-05	-4.389559e-05	-4.389559e-05	-4.391610e-05
2.391016671538856e-02	4.743668e+00	4.714308e+00	4.212052e+00	2.935983e-05	-2.935983e-05	-2.935983e-05	-2.937175e-05
2.393946359038857e-02	4.635934e+00	4.616831e+00	4.137962e+00	1.910318e-05	-1.910318e-05	-1.910318e-05	-1.910915e-05
2.396876046538857e-02	4.526630e+00	4.514502e+00	4.060178e+00	1.212834e-05	-1.212834e-05	-1.212834e-05	-1.213100e-05
2.399805734038857e-02	4.415792e+00	4.408265e+00	3.979424e+00	7.526964e-06	-7.526964e-06	-7.526964e-06	-7.528069e-06
2.402735421538857e-02	4.303458e+00	4.298895e+00	3.896324e+00	4.563451e-06	-4.563451e-06	-4.563451e-06	-4.563898e-06
2.405665109038857e-02	4.189666e+00	4.186975e+00	3.811391e+00	2.690202e-06	-2.690202e-06	-2.690202e-06	-2.690387e-06
2.408594796538857e-02	4.074454e+00	4.072931e+00	3.725068e+00	1.523281e-06	-1.523281e-06	-1.523281e-06	-1.523366e-06
2.411524484038857e-02	3.957861e+00	3.957057e+00	3.637747e+00	8.046229e-07	-8.046229e-07	-8.046229e-07	-8.046704e-07
2.414454171538857e-02	3.839928e+00	3.839561e+00	3.549831e+00	3.663049e-07	-3.663049e-07	-3.663049e-07	-3.663407e-07
2.417383859038857e-02	3.720693e+00	3.720592e+00	3.461727e+00	1.010641e-07	-1.010641e-07	-1.010641e-07	-1.010964e-07
2.420313546538858e-02	3.600198e+00	3.600256e+00	3.373836e+00	-5.816702e-08	5.816702e-08	5.816702e-08	5.813745e-08
2.423243234038858e-02	3.478482e+00	3.478636e+00	3.286504e+00	-1.532303e-07	1.532303e-07	1.532303e-07	1.532057e-07
2.426172921538858e-02	3.355588e+00	3.355798e+00	3.199978e+00	-2.096476e-07	2.096476e-07	2.096476e-07	2.096293e-07
2.429102609038858e-02	3.231558e+00	3.231801e+00	3.114382e+00	-2.432260e-07	2.432260e-07	2.432260e-07	2.432135e-07
2.432032296538858e-02	3.106432e+00	3.106695e+00	3.029722e+00	-2.632875e-07	2.632875e-07	2.632875e-07	2.632794e-07
2.434961984038858e-02	2.980253e+00	2.980529e+00	2.945927e+00	-2.755965e-07	2.755965e-07	2.755965e-07	2.755911e-07
2.437891671538858e-02	2.853065e+00	2.853348e+00	2.862893e+00	-2.833084e-07	2.833084e-07	2.833084e-07	2.833046e-07
2.440821359038858e-02	2.724910e+00	2.725199e+00	2.780512e+00	-2.884555e-07	2.884555e-07	2.884555e-07	2.884527e-07
2.443751046538858e-02	2.595832e+00	2.596124e+00	2.698700e+00	-2.919888e-07	2.919888e-07	2.919888e-07	2.919867e-07
2.446680734038859e-02	2.465874e+00	2.466168e+00	2.617395e+00	-2.946597e-07	2.946597e-07	2.946597e-07	2.946580e-07
2.449610421538859e-02	2.335080e+00	2.335377e+00	2.536562e+00	-2.966922e-07	2.966922e-07	2.966922e-07	2.966908e-07
2.452540109038859e-02	2.203496e+00	2.203794e+00	2.456186e+00	-2.984217e-07	2.984217e-07	2.984217e-07	2.984205e-07
2.455469796538859e-02	2.071165e+00	2.071465e+00	2.376265e+00	-2.998401e-07	2.998401e-07	2.998401e-07	2.998391e-07
2.458399484038859e-02	1.938132e+00	1.938433e+00	2.296808e+00	-3.011465e-07	3.011465e-07	3.011465e-07	3.011456e-07
2.461329171538859e-02	1.804442e+00	1.804744e+00	2.217832e+00	-3.022574e-07	3.022574e-07	3.022574e-07	3.022566e-07
2.464258859038859e-02	1.670141e+00	1.670444e+00	2.139359e+00	-3.033239e-07	3.033239e-07	3.033239e-07	3.033232e-07
2.467188546538859e-02	1.535274e+00	1.535578e+00	2.061410e+00	-3.042377e-07	3.042377e-07	3.042377e-07	3.042371e-07
2.470118234038859e-02	1.399886e+00	1.400192e+00	1.984012e+00	-3.051315e-07	3.051315e-07	3.051315e-07	3.051309e-07
2.473047921538860e-02	1.264025e+00	1.264331e+00	1.907191e+00	-3.058893e-07	3.058893e-07	3.058893e-07	3.058888e-07
2.475977609038860e-02	1.127735e+00	1.128042e+00	1.830974e+00	-3.066356e-07	3.066356e-07	3.066356e-07	3.066351e-07
2.478907296538860e-02	9.910631e-01	9.913704e-01	1.755387e+00	-3.072528e-07	3.072528e-07	3.072528e-07	3.072524e-07
2.481836984038860e-02	8.540553e-01	8.543631e-01	1.680458e+00	-3.078610e-07	3.078610e-07	3.078610e-07	3.078607e-07
2.484766671538860e-02	7.167581e-01	7.170665e-01	1.606214e+00	-3.083435e-07	3.083435e-07	3.083435e-07	3.083432e-07
2.487696359038860e-02	5.792181e-01	5.795269e-01	1.532681e+00	-3.088172e-07	3.088172e-07	3.088172e-07	3.088170e-07
2.490626046538860e-02	4.414818e-01	4.417910e-01	1.459885e+00	-3.091672e-07	3.091672e-07	3.091672e-07	3.091670e-07
2.493555734038860e-02	3.035959e-01	3.039054e-01	1.387852e+00	-3.095079e-07	3.095079e-07	3.095079e-07	3.095078e-07
2.496485421538860e-02	1.656072e-01	1.659169e-01	1.316608e+00	-3.097263e-07	3.097263e-07	3.097263e-07	3.097262e-07
2.499415109038861e-02	2.756228e-02	2.787221e-02	1.246179e+00	-3.099348e-07	3.099348e-07	3.099348e-07	3.099347e-07
2.502344796538861e-02	-1.104919e-01	-1.101819e-01	1.176588e+00	-3.100222e-07	3.100222e-07	3.100222e-07	3.100222e-07
2.505274484038861e-02	-2.485087e-01	-2.481986e-01	1.107860e+00	-3.100990e-07	3.100990e-07	3.100990e-07	3.100990e-07
2.508204171538861e-02	-3.864413e-01	-3.861312e-01	1.040020e+00	-3.100561e-07	3.100561e-07	3.100561e-07	3.100562e-07
2.511133859038861e-02	-5.242429e-01	-5.239329e-01	9.730898e-01	-3.100021e-07	3.100021e-07	3.100021e-07	3.100022e-07
2.514063546538861e-02	-6.618669e-01	-6.615571e-01	9.070936e-01	-3.098299e-07	3.098299e-07	3.098299e-07	3.098302e-07
2.516993234038861e-02	-7.992666e-01	-7.989570e-01	8.420536e-01	-3.096466e-07	3.096466e-07	3.096466e-07	3.096469e-07
2.519922921538861e-02	-9.363955e-01	-9.360862e-01	7.779918e-01	-3.093472e-07	3.093472e-07	3.093472e-07	3.093475e-07
2.522852609038861e-02	-1.073207e+00	-1.072898e+00	7.149296e-01	-3.090372e-07	3.090372e-07	3.090372e-07	3.090376e-07
2.525782296538862e-02	-1.209655e+00	-1.209347e+00	6.528881e-01	-3.086145e-07	3.086145e-07	3.086145e-07	3.086149e-07
2.528711984038862e-02	-1.345693e+00	-1.345385e+00	5.918873e-01	-3.081836e-07	3.081836e-07	3.081836e-07	3.081842e-07
2.531641671538862e-02	-1.481275e+00	-1.480968e+00	5.319466e-01	-3.076461e-07	3.076461e-07	3.076461e-07	3.076467e-07
2.534571359038862e-02	-1.616356e+00	-1.616049e+00	4.730845e-01	-3.071074e-07	3.071074e-07	3.071074e-07	3.071081e-07
2.537501046538862e-02	-1.750888e+00	-1.750582e+00	4.153179e-01	-3.064752e-07	3.064752e-07	3.064752e-07	3.064759e-07
2.540430734038862e-02	-1.884827e+00	-1.884522e+00	3.586621e-01	-3.058603e-07	3.058603e-07	3.058603e-07	3.058611e-07
2.543360421538862e-02	-2.018128e+00	-2.017823e+00	3.031298e-01	-3.051836e-07	3.051836e-07	3.051836e-07	3.051845e-07
2.546290109038862e-02	-2.150745e+00	-2.150440e+00	2.487305e-01	-3.045737e-07	3.045737e-07	3.045737e-07	3.045747e-07
2.549219796538862e-02	-2.282633e+00	-2.282329e+00	1.954685e-01	-3.039862e-07	3.039862e-07	3.039862e-07	3.039873e-07
2.552149484038863e-02	-2.413748e+00	-2.413444e+00	1.433427e-01	-3.036054e-07	3.036054e-07	3.036054e-07	3.036065e-07
2.555079171538863e-02	-2.544044e+00	-2.543741e+00	9.234522e-02	-3.034917e-07	3.034917e-07	3.034917e-07	3.034930e-07
2.558008859038863e-02	-2.673479e+00	-2.673175e+00	4.246503e-02	-3.040177e-07	3.040177e-07	3.040177e-07	3.040191e-07
2.560938546538863e-02	-2.802008e+00	-2.801702e+00	-6.299123e-03	-3.056043e-07	3.056043e-07	3.056043e-07	3.056059e-07
2.563868234038863e-02	-2.929587e+00	-2.929278e+00	-5.390107e-02	-3.093117e-07	3.093117e-07	3.093117e-07	3.093139e-07
2.566797921538863e-02	-3.056174e+00	-3.055857e+00	-1.001568e-01	-3.168906e-07	3.168906e-07	3.168906e-07	3.168949e-07
2.569727609038863e-02	-3.181726e+00	-3.181394e+00	-1.445609e-01	-3.318664e-07	3.318664e-07	3.318664e-07	3.318792e-07
2.572657296538863e-02	-3.306199e+00	-3.305839e+00	-1.860213e-01	-3.600595e-07	3.600595e-07	3.600595e-07	3.601163e-07
2.575586984038863e-02	-3.429552e+00	-3.429142e+00	-2.227751e-01	-4.100828e-07	4.100828e-07	4.100828e-07	4.103348e-07
2.578516671538864e-02	-3.551743e+00	-3.551250e+00	-2.530390e-01	-4.927483e-07	4.927483e-07	4.927483e-07	4.927484e-07
2.581446359038864e-02	-3.672730e+00	-3.672108e+00	-2.768597e-01	-6.217718e-07	6.217718e-07	6.217718e-07	6.217722e-07
2.584376046538864e-02	-3.792473e+00	-3.791645e+00	-2.972110e-01	-8.279764e-07	8.279764e-07	8.279764e-07	8.283973e-07
2.587305734038864e-02	-3.910931e+00	-3.909758e+00	-3.180785e-01	-1.172720e-06	1.172720e-06	1.172720e-06	1.172770e-06
2.590235421538864e-02	-4.028063e+00	-4.026315e+00	-3.416350e-01	-1.748265e-06	1.748265e-06	1.748265e-06	1.749056e-06
2.593165109038864e-02	-4.143831e+00	-4.141133e+00	-3.671679e-01	-2.698179e-06	2.698179e-06	2.698179e-06	2.698986e-06
2.596094796538864e-02	-4.258195e+00	-4.253958e+00	-3.931700e-01	-4.237366e-06	4.237366e-06	4.237366e-06	4.237695e-06
2.599024484038864e-02	-4.371116e+00	-4.364424e+00	-4.190646e-01	-6.692168e-06	6.692168e-06	6.692168e-06	6.692566e-06
2.601954171538864e-02	-4.482556e+00	-4.472016e+00	-4.445301e-01	-1.053968e-05	1.053968e-05	1.053968e-05	1.054049e-05
2.604883859038865e-02	-4.592477e+00	-4.576039e+00	-4.692902e-01	-1.643829e-05	1.643829e-05	1.643829e-05	1.644015e-05
2.607813546538865e-02	-4.700842e+00	-4.675610e+00	-4.930781e-01	-2.523218e-05	2.523218e-05	2.523218e-05	2.523648e-05
2.610743234038865e-02	-4.807614e+00	-4.769716e+00	-5.156018e-01	-3.789792e-05	3.789792e-05	3.789792e-05	3.790726e-05
2.613672921538865e-02	-4.912757e+00	-4.857345e+00	-5.365756e-01	-5.541273e-05	5.541273e-05	5.541273e-05	5.543089e-05
2.616602609038865e-02	-5.016236e+00	-4.937669e+00	-5.557590e-01	-7.856641e-05	7.856641e-05	7.856641e-05	7.859696e-05
2.619532296538865e-02	-5.118015e+00	-5.010227e+00	-5.730058e-01	-1.077878e-04	1.077878e-04	1.077878e-04	1.078315e-04
2.622461984038865e-02	-5.218060e+00	-5.074993e+00	-5.882868e-01	-1.430662e-04	1.430662e-04	1.430662e-04	1.431197e-04
2.625391671538865e-02	-5.316336e+00	-5.132340e+00	-6.016837e-01	-1.839957e-04	1.839957e-04	1.839957e-04	1.840525e-04
2.628321359038865e-02	-5.412811e+00	-5.182910e+00	-6.133567e-01	-2.299007e-04	2.299007e-04	2.299007e-04	2.299545e-04
2.631251046538866e-02	-5.507452e+00	-5.227473e+00	-6.235059e-01	-2.799789e-04	2.799789e-04	2.799789e-04	2.800258e-04
2.634180734038866e-02	-5.600227e+00	-5.266814e+00	-6.323388e-01	-3.334138e-04	3.334138e-04	3.334138e-04	3.334523e-04
2.637110421538866e-02	-5.691105e+00	-5.301662e+00	-6.400505e-01	-3.894428e-04	3.894428e-04	3.894428e-04	3.894732e-04
2.640040109038866e-02	-5.780054e+00	-5.332665e+00	-6.468132e-01	-4.473884e-04	4.473884e-04	4.473884e-04	4.474119e-04
2.642969796538866e-02	-5.867044e+00	-5.360379e+00	-6.527743e-01	-5.066658e-04	5.066658e-04	5.066658e-04	5.066839e-04
2.645899484038866e-02	-5.952047e+00	-5.385269e+00	-6.580571e-01	-5.667783e-04	5.667783e-04	5.667783e-04	5.667921e-04
2.648829171538866e-02	-6.035033e+00	-5.407727e+00	-6.627638e-01	-6.273064e-04	6.273064e-04	6.273064e-04	6.273169e-04
2.651758859038866e-02	-6.115974e+00	-5.428077e+00	-6.669786e-01	-6.878969e-04	6.878969e-04	6.878969e-04	6.879050e-04
2.654688546538866e-02	-6.194843e+00	-5.446591e+00	-6.707710e-01	-7.482518e-04	7.482518e-04	7.482518e-04	7.482581e-04
2.657618234038867e-02	-6.271613e+00	-5.463493e+00	-6.741983e-01	-8.081190e-04	8.081190e-04	8.081190e-04	8.081239e-04
2.660547921538867e-02	-6.346257e+00	-5.478973e+00	-6.773080e-01	-8.672840e-04	8.672840e-04	8.672840e-04	8.672880e-04
2.663477609038867e-02	-6.418751e+00	-5.493187e+00	-6.801397e-01	-9.255637e-04	9.255637e-04	9.255637e-04	9.255669e-04
2.666407296538867e-02	-6.489070e+00	-5.506270e+00	-6.827266e-01	-9.828007e-04	9.828007e-04	9.828007e-04	9.828033e-04
2.669336984038867e-02	-6.557191e+00	-5.518332e+00	-6.850963e-01	-1.038859e-03	1.038859e-03	1.038859e-03	1.038861e-03
2.672266671538867e-02	-6.623090e+00	-5.529469e+00	-6.872725e-01	-1.093622e-03	1.093622e-03	1.093622e-03	1.093623e-03
2.675196359038867e-02	-6.686745e+00	-5.539760e+00	-6.892751e-01	-1.146985e-03	1.146985e-03	1.146985e-03	1.146986e-03
2.678126046538867e-02	-6.748134e+00	-5.549274e+00	-6.911214e-01	-1.198859e-03	1.198859e-03	1.198859e-03	1.198861e-03
2.681055734038867e-02	-6.807236e+00	-5.558071e+00	-6.928259e-01	-1.249165e-03	1.249165e-03	1.249165e-03	1.249166e-03
2.683985421538868e-02	-6.864032e+00	-5.566201e+00	-6.944011e-01	-1.297831e-03	1.297831e-03	1.297831e-03	1.297832e-03
2.686915109038868e-02	-6.918502e+00	-5.573707e+00	-6.958582e-01	-1.344795e-03	1.344795e-03	1.344795e-03	1.344796e-03
2.689844796538868e-02	-6.970628e+00	-5.580630e+00	-6.972065e-01	-1.389998e-03	1.389998e-03	1.389998e-03	1.389999e-03
2.692774484038868e-02	-7.020392e+00	-5.587005e+00	-6.984542e-01	-1.433387e-03	1.433387e-03	1.433387e-03	1.433388e-03
2.695704171538868e-02	-7.067777e+00	-5.592863e+00	-6.996085e-01	-1.474914e-03	1.474914e-03	1.474914e-03	1.474915e-03
2.698633859038868e-02	-7.112768e+00	-5.598236e+00	-7.006756e-01	-1.514532e-03	1.514532e-03	1.514532e-03	1.514533e-03
2.701563546538868e-02	-7.155348e+00	-5.603150e+00	-7.016611e-01	-1.552197e-03	1.552197e-03	1.552197e-03	1.552198e-03
2.704493234038868e-02	-7.195504e+00	-5.607635e+00	-7.025695e-01	-1.587869e-03	1.587869e-03	1.587869e-03	1.587870e-03
2.707422921538868e-02	-7.233222e+00	-5.611713e+00	-7.034051e-01	-1.621508e-03	1.621508e-03	1.621508e-03	1.621509e-03
2.710352609038869e-02	-7.268488e+00	-5.615410e+00	-7.041716e-01	-1.653078e-03	1.653078e-03	1.653078e-03	1.653078e-03
2.713282296538869e-02	-7.301292e+00	-5.618749e+00	-7.048722e-01	-1.682543e-03	1.682543e-03	1.682543e-03	1.682544e-03
2.716211984038869e-02	-7.331622e+00	-5.621750e+00	-7.055096e-01	-1.709872e-03	1.709872e-03	1.709872e-03	1.709872e-03
2.719141671538869e-02	-7.359468e+00	-5.624434e+00	-7.060864e-01	-1.735034e-03	1.735034e-03	1.735034e-03	1.735034e-03
2.722071359038869e-02	-7.384820e+00	-5.626819e+00	-7.066047e-01	-1.758001e-03	1.758001e-03	1.758001e-03	1.758002e-03
2.725001046538869e-02	-7.407670e+00	-5.628921e+00	-7.070664e-01	-1.778750e-03	1.778750e-03	1.778750e-03	1.778750e-03
2.727930734038869e-02	-7.428010e+00	-5.630754e+00	-7.074731e-01	-1.797257e-03	1.797257e-03	1.797257e-03	1.797257e-03
2.730860421538869e-02	-7.445833e+00	-5.632331e+00	-7.078263e-01	-1.813503e-03	1.813503e-03	1.813503e-03	1.813503e-03
2.733790109038869e-02	-7.461133e+00	-5.633664e+00	-7.081270e-01	-1.827470e-03	1.827470e-03	1.827470e-03	1.827470e-03
2.736719796538870e-02	-7.473906e+00	-5.634761e+00	-7.083764e-01	-1.839145e-03	1.839145e-03	1.839145e-03	1.839145e-03
2.739649484038870e-02	-7.484145e+00	-5.635631e+00	-7.085753e-01	-1.848514e-03	1.848514e-03	1.848514e-03	1.848514e-03
2.742579171538870e-02	-7.491849e+00	-5.636281e+00	-7.087243e-01	-1.855568e-03	1.855568e-03	1.855568e-03	1.855569e-03
2.745508859038870e-02	-7.497014e+00	-5.636713e+00	-7.088239e-01	-1.860301e-03	1.860301e-03	1.860301e-03	1.860301e-03
2.748438546538870e-02	-7.499639e+00	-5.636932e+00	-7.088745e-01	-1.862707e-03	1.862707e-03	1.862707e-03	1.862707e-03
2.751368234038870e-02	-7.499723e+00	-5.636939e+00	-7.088761e-01	-1.862784e-03	1.862784e-03	1.862784e-03	1.862784e-03
2.754297921538870e-02	-7.497265e+00	-5.636734e+00	-7.088288e-01	-1.860531e-03	1.860531e-03	1.860531e-03	1.860532e-03
2.757227609038870e-02	-7.492268e+00	-5.636316e+00	-7.087324e-01	-1.855952e-03	1.855952e-03	1.855952e-03	1.855952e-03
2.760157296538870e-02	-7.484731e+00	-5.635681e+00	-7.085868e-01	-1.849050e-03	1.849050e-03	1.849050e-03	1.849051e-03
2.763086984038871e-02	-7.474659e+00	-5.634826e+00	-7.083912e-01	-1.839833e-03	1.839833e-03	1.839833e-03	1.839833e-03
2.766016671538871e-02	-7.462054e+00	-5.633743e+00	-7.081451e-01	-1.828310e-03	1.828310e-03	1.828310e-03	1.828311e-03
2.768946359038871e-02	-7.446920e+00	-5.632427e+00	-7.078478e-01	-1.814494e-03	1.814494e-03	1.814494e-03	1.814494e-03
2.771876046538871e-02	-7.429263e+00	-5.630866e+00	-7.074981e-01	-1.798398e-03	1.798398e-03	1.798398e-03	1.798398e-03
2.774805734038871e-02	-7.409089e+00	-5.629050e+00	-7.070950e-01	-1.780039e-03	1.780039e-03	1.780039e-03	1.780039e-03
2.777735421538871e-02	-7.386405e+00	-5.626967e+00	-7.066371e-01	-1.759437e-03	1.759437e-03	1.759437e-03	1.759438e-03
2.780665109038871e-02	-7.361217e+00	-5.624602e+00	-7.061226e-01	-1.736615e-03	1.736615e-03	1.736615e-03	1.736616e-03
2.783594796538871e-02	-7.333535e+00	-5.621938e+00	-7.055498e-01	-1.711597e-03	1.711597e-03	1.711597e-03	1.711598e-03
2.786524484038871e-02	-7.303369e+00	-5.618958e+00	-7.049164e-01	-1.684410e-03	1.684410e-03	1.684410e-03	1.684411e-03
2.789454171538872e-02	-7.270728e+00	-5.615643e+00	-7.042201e-01	-1.655085e-03	1.655085e-03	1.655085e-03	1.655085e-03
2.792383859038872e-02	-7.235623e+00	-5.611970e+00	-7.034581e-01	-1.623653e-03	1.623653e-03	1.623653e-03	1.623653e-03
2.795313546538872e-02	-7.198066e+00	-5.607918e+00	-7.026271e-01	-1.590149e-03	1.590149e-03	1.590149e-03	1.590149e-03
2.798243234038872e-02	-7.158071e+00	-5.603462e+00	-7.017236e-01	-1.554609e-03	1.554609e-03	1.554609e-03	1.554610e-03
2.801172921538872e-02	-7.115650e+00	-5.598576e+00	-7.007435e-01	-1.517074e-03	1.517074e-03	1.517074e-03	1.517075e-03
2.804102609038872e-02	-7.070818e+00	-5.593235e+00	-6.996819e-01	-1.477583e-03	1.477583e-03	1.477583e-03	1.477584e-03
2.807032296538872e-02	-7.023591e+00	-5.587410e+00	-6.985337e-01	-1.436181e-03	1.436181e-03	1.436181e-03	1.436181e-03
2.809961984038872e-02	-6.973983e+00	-5.581071e+00	-6.972923e-01	-1.392912e-03	1.392912e-03	1.392912e-03	1.392913e-03
2.812891671538872e-02	-6.922012e+00	-5.574186e+00	-6.959510e-01	-1.347827e-03	1.347827e-03	1.347827e-03	1.347827e-03
2.815821359038873e-02	-6.867696e+00	-5.566720e+00	-6.945015e-01	-1.300977e-03	1.300977e-03	1.300977e-03	1.300978e-03
2.818751046538873e-02	-6.811053e+00	-5.558633e+00	-6.929344e-01	-1.252420e-03	1.252420e-03	1.252420e-03	1.252421e-03
2.821680734038873e-02	-6.752102e+00	-5.549882e+00	-6.912389e-01	-1.202220e-03	1.202220e-03	1.202220e-03	1.202221e-03
2.824610421538873e-02	-6.690864e+00	-5.540418e+00	-6.894026e-01	-1.150446e-03	1.150446e-03	1.150446e-03	1.150447e-03
2.827540109038873e-02	-6.627357e+00	-5.530180e+00	-6.874108e-01	-1.097177e-03	1.097177e-03	1.097177e-03	1.097179e-03
2.830469796538873e-02	-6.561606e+00	-5.519103e+00	-6.852468e-01	-1.042503e-03	1.042503e-03	1.042503e-03	1.042505e-03
2.833399484038873e-02	-6.493631e+00	-5.507105e+00	-6.828906e-01	-9.865258e-04	9.865258e-04	9.865258e-04	9.865274e-04
2.836329171538873e-02	-6.423456e+00	-5.494095e+00	-6.803191e-01	-9.293612e-04	9.293612e-04	9.293612e-04	9.293632e-04
2.839258859038873e-02	-6.351105e+00	-5.479960e+00	-6.775047e-01	-8.711442e-04	8.711442e-04	8.711442e-04	8.711466e-04
2.842188546538874e-02	-6.276601e+00	-5.464571e+00	-6.744146e-01	-8.120305e-04	8.120305e-04	8.120305e-04	8.120335e-04
2.845118234038874e-02	-6.199971e+00	-5.447770e+00	-6.710099e-01	-7.522014e-04	7.522014e-04	7.522014e-04	7.522050e-04
2.848047921538874e-02	-6.121240e+00	-5.429371e+00	-6.672435e-01	-6.918688e-04	6.918688e-04	6.918688e-04	6.918735e-04
2.850977609038874e-02	-6.040435e+00	-5.409152e+00	-6.630589e-01	-6.312824e-04	6.312824e-04	6.312824e-04	6.312883e-04
2.853907296538874e-02	-5.957583e+00	-5.386846e+00	-6.583875e-01	-5.707365e-04	5.707365e-04	5.707365e-04	5.707440e-04
2.856836984038874e-02	-5.872712e+00	-5.362132e+00	-6.531460e-01	-5.105801e-04	5.105801e-04	5.105801e-04	5.105897e-04
2.859766671538874e-02	-5.785852e+00	-5.334624e+00	-6.472338e-01	-4.512277e-04	4.512277e-04	4.512277e-04	4.512400e-04
2.862696359038874e-02	-5.697031e+00	-5.303861e+00	-6.405290e-01	-3.931699e-04	3.931699e-04	3.931699e-04	3.931859e-04
2.865626046538874e-02	-5.606280e+00	-5.269295e+00	-6.328865e-01	-3.369846e-04	3.369846e-04	3.369846e-04	3.370050e-04
2.868555734038875e-02	-5.513629e+00	-5.230288e+00	-6.241357e-01	-2.833414e-04	2.833414e-04	2.833414e-04	2.833670e-04
2.871485421538875e-02	-5.419110e+00	-5.186114e+00	-6.140841e-01	-2.329954e-04	2.329954e-04	2.329954e-04	2.330267e-04
2.874415109038875e-02	-5.322754e+00	-5.135996e+00	-6.025252e-01	-1.867585e-04	1.867585e-04	1.867585e-04	1.867951e-04
2.877344796538875e-02	-5.224596e+00	-5.079161e+00	-5.892577e-01	-1.454351e-04	1.454351e-04	1.454351e-04	1.454752e-04
2.880274484038875e-02	-5.124667e+00	-5.014952e+00	-5.741159e-01	-1.097147e-04	1.097147e-04	1.097147e-04	1.097547e-04
2.883204171538875e-02	-5.023001e+00	-4.942970e+00	-5.570086e-01	-8.003093e-05	8.003093e-05	8.003093e-05	8.006625e-05
2.886133859038875e-02	-4.919634e+00	-4.863204e+00	-5.379509e-01	-5.642960e-05	5.642960e-05	5.642960e-05	5.645651e-05
2.889063546538875e-02	-4.814599e+00	-4.776085e+00	-5.170751e-01	-3.851409e-05	3.851409e-05	3.851409e-05	3.853151e-05
2.891993234038875e-02	-4.707933e+00	-4.682418e+00	-4.946044e-01	-2.551510e-05	2.551510e-05	2.551510e-05	2.552472e-05
2.894922921538876e-02	-4.599672e+00	-4.583211e+00	-4.708042e-01	-1.646141e-05	1.646141e-05	1.646141e-05	1.646603e-05
2.897852609038876e-02	-4.489853e+00	-4.479482e+00	-4.459247e-01	-1.037110e-05	1.037110e-05	1.037110e-05	1.037310e-05
2.900782296538876e-02	-4.378512e+00	-4.372124e+00	-4.201667e-01	-6.387917e-06	6.387917e-06	6.387917e-06	6.388734e-06
2.903711984038876e-02	-4.265687e+00	-4.261847e+00	-3.936535e-01	-3.839883e-06	3.839883e-06	3.839883e-06	3.840215e-06
2.906641671538876e-02	-4.151418e+00	-4.149180e+00	-3.664286e-01	-2.237705e-06	2.237705e-06	2.237705e-06	2.237845e-06
2.909571359038876e-02	-4.035741e+00	-4.034497e+00	-3.384454e-01	-1.243760e-06	1.243760e-06	1.243760e-06	1.243829e-06
2.912501046538876e-02	-3.918697e+00	-3.918063e+00	-3.095757e-01	-6.336744e-07	6.336744e-07	6.336744e-07	6.337163e-07
2.915430734038876e-02	-3.800325e+00	-3.800063e+00	-2.795992e-01	-2.626408e-07	2.626408e-07	2.626408e-07	2.626750e-07
2.918360421538876e-02	-3.680666e+00	-3.680627e+00	-2.482396e-01	-3.868065e-08	3.868065e-08	3.868065e-08	3.871221e-08
2.921290109038877e-02	-3.559759e+00	-3.559855e+00	-2.152067e-01	9.545426e-08	-9.545426e-08	-9.545426e-08	-9.542607e-08
2.924219796538877e-02	-3.437647e+00	-3.437822e+00	-1.802585e-01	1.753976e-07	-1.753976e-07	-1.753976e-07	-1.753750e-07
2.927149484038877e-02	-3.314369e+00	-3.314592e+00	-1.432515e-01	2.228077e-07	-2.228077e-07	-2.228077e-07	-2.227915e-07
2.930079171538877e-02	-3.189969e+00	-3.190220e+00	-1.041594e-01	2.510785e-07	-2.510785e-07	-2.510785e-07	-2.510677e-07
2.933008859038877e-02	-3.064487e+00	-3.064755e+00	-6.305594e-02	2.680494e-07	-2.680494e-07	-2.680494e-07	-2.680423e-07
2.935938546538877e-02	-2.937967e+00	-2.938246e+00	-2.007562e-02	2.785652e-07	-2.785652e-07	-2.785652e-07	-2.785604e-07
2.938868234038877e-02	-2.810452e+00	-2.810737e+00	2.462736e-02	2.852401e-07	-2.852401e-07	-2.852401e-07	-2.852367e-07
2.941797921538877e-02	-2.681984e+00	-2.682274e+00	7.090762e-02	2.897775e-07	-2.897775e-07	-2.897775e-07	-2.897751e-07
2.944727609038877e-02	-2.552608e+00	-2.552901e+00	1.186430e-01	2.929506e-07	-2.929506e-07	-2.929506e-07	-2.929487e-07
2.947657296538878e-02	-2.422367e+00	-2.422662e+00	1.677374e-01	2.953984e-07	-2.953984e-07	-2.953984e-07	-2.953968e-07
2.950586984038878e-02	-2.291305e+00	-2.291602e+00	2.181178e-01	2.972924e-07	-2.972924e-07	-2.972924e-07	-2.972911e-07
2.953516671538878e-02	-2.159466e+00	-2.159765e+00	2.697295e-01	2.989275e-07	-2.989275e-07	-2.989275e-07	-2.989263e-07
2.956446359038878e-02	-2.026896e+00	-2.027196e+00	3.225305e-01	3.002829e-07	-3.002829e-07	-3.002829e-07	-3.002819e-07
2.959376046538878e-02	-1.893639e+00	-1.893941e+00	3.764878e-01	3.015396e-07	-3.015396e-07	-3.015396e-07	-3.015387e-07
2.962305734038878e-02	-1.759741e+00	-1.760043e+00	4.315744e-01	3.026143e-07	-3.026143e-07	-3.026143e-07	-3.026135e-07
2.965235421538878e-02	-1.625246e+00	-1.625549e+00	4.877667e-01	3.036475e-07	-3.036475e-07	-3.036475e-07	-3.036467e-07
2.968165109038878e-02	-1.490200e+00	-1.490505e+00	5.450433e-01	3.045350e-07	-3.045350e-07	-3.045350e-07	-3.045344e-07
2.971094796538878e-02	-1.354650e+00	-1.354955e+00	6.033844e-01	3.054015e-07	-3.054015e-07	-3.054015e-07	-3.054010e-07
2.974024484038879e-02	-1.218640e+00	-1.218946e+00	6.627704e-01	3.061367e-07	-3.061367e-07	-3.061367e-07	-3.061362e-07
2.976954171538879e-02	-1.082218e+00	-1.082525e+00	7.231820e-01	3.068581e-07	-3.068581e-07	-3.068581e-07	-3.068576e-07
2.979883859038879e-02	-9.454288e-01	-9.457363e-01	7.846002e-01	3.074541e-07	-3.074541e-07	-3.074541e-07	-3.074537e-07
2.982813546538879e-02	-8.083194e-01	-8.086275e-01	8.470054e-01	3.080382e-07	-3.080382e-07	-3.080382e-07	-3.080379e-07
2.985743234038879e-02	-6.709362e-01	-6.712446e-01	9.103779e-01	3.084999e-07	-3.084999e-07	-3.084999e-07	-3.084997e-07
2.988672921538879e-02	-5.333255e-01	-5.336344e-01	9.746977e-01	3.089500e-07	-3.089500e-07	-3.089500e-07	-3.089498e-07
2.991602609038879e-02	-3.955342e-01	-3.958434e-01	1.039944e+00	3.092794e-07	-3.092794e-07	-3.092794e-07	-3.092792e-07
2.994532296538879e-02	-2.576088e-01	-2.579184e-01	1.106097e+00	3.095967e-07	-3.095967e-07	-3.095967e-07	-3.095965e-07
2.997461984038879e-02	-1.195961e-01	-1.199059e-01	1.173134e+00	3.097946e-07	-3.097946e-07	-3.097946e-07	-3.097945e-07
3.000000000000000e-02	-5.510911e-15	-3.099595e-04	1.231907e+00	3.099595e-07	-3.099595e-07	-3.099595e-07	-3.099595e-07
