time	V(vi)	V(vo)
0.000000000000000e+00	0.000000e+00	0.000000e+00
9.999999717180685e-10	2.000000e+00	1.999999e+00
1.008018525791603e-09	2.000000e+00	1.999999e+00
1.024055633938672e-09	2.000000e+00	1.999999e+00
1.056129850232810e-09	2.000000e+00	1.999999e+00
1.120278282821086e-09	2.000000e+00	1.999999e+00
1.248575147997638e-09	2.000000e+00	1.999999e+00
1.505168878350742e-09	2.000000e+00	1.999999e+00
2.018356339056949e-09	2.000000e+00	1.999999e+00
3.044731260469363e-09	2.000000e+00	1.999999e+00
5.097481103294193e-09	2.000000e+00	1.999999e+00
9.202980788943851e-09	2.000000e+00	1.999999e+00
1.741398016024317e-08	2.000000e+00	1.999999e+00
3.383597890284180e-08	2.000000e+00	1.999998e+00
6.667997638803907e-08	2.000000e+00	1.999998e+00
1.323679713584336e-07	2.000000e+00	1.999998e+00
2.020212784637640e-07	2.000000e+00	1.999998e+00
2.947274970689366e-07	2.000000e+00	1.999997e+00
4.183990238391050e-07	2.000000e+00	1.999997e+00
6.545428874436232e-07	2.000000e+00	1.999996e+00
1.105447118446010e-06	2.000000e+00	1.999994e+00
2.007255580450783e-06	2.000000e+00	1.999990e+00
3.810872504460330e-06	2.000000e+00	1.999982e+00
7.418106352479423e-06	2.000000e+00	1.999967e+00
1.463257404851761e-05	2.000000e+00	1.999936e+00
2.906150944059398e-05	2.000000e+00	1.999875e+00
5.791938022474673e-05	2.000000e+00	1.999752e+00
1.156351217930522e-04	2.000000e+00	1.999507e+00
1.535938947937675e-04	2.000000e+00	1.999345e+00
1.843031991936053e-04	2.000000e+00	1.999215e+00
2.073149616628715e-04	2.000000e+00	1.999117e+00
2.274872344556317e-04	2.000000e+00	1.999031e+00
2.464768012122977e-04	2.000000e+00	1.998950e+00
2.650000881693728e-04	2.000000e+00	1.998871e+00
2.843133695182451e-04	2.000000e+00	1.998789e+00
3.026228281372371e-04	2.000000e+00	1.998711e+00
3.212530401303505e-04	2.000000e+00	1.998632e+00
3.394156396954277e-04	2.000000e+00	1.998555e+00
3.577743772402675e-04	2.000000e+00	1.998477e+00
3.759746311719416e-04	2.000000e+00	1.998399e+00
3.943533635019336e-04	2.000000e+00	1.998321e+00
4.127889123697577e-04	2.000000e+00	1.998243e+00
4.315505062364739e-04	2.000000e+00	1.998163e+00
4.508111736299255e-04	2.000000e+00	1.998081e+00
4.711975307980127e-04	2.000000e+00	1.997995e+00
4.940111352521020e-04	2.000000e+00	1.997898e+00
5.229388029884180e-04	2.000000e+00	1.997775e+00
5.536216339317140e-04	2.000000e+00	1.997644e+00
5.843912440768866e-04	2.000000e+00	1.997513e+00
6.244463477024777e-04	2.000000e+00	1.997343e+00
6.733728607703530e-04	2.000000e+00	1.997135e+00
7.286011196796810e-04	2.000000e+00	1.996901e+00
8.170063124801950e-04	2.000000e+00	1.996525e+00
9.779721852476845e-04	2.000000e+00	1.995841e+00
1.173284685247684e-03	2.000000e+00	1.995012e+00
1.368597185247684e-03	2.000000e+00	1.994183e+00
1.563909685247684e-03	2.000000e+00	1.993355e+00
1.759222185247684e-03	2.000000e+00	1.992527e+00
1.954534685247685e-03	2.000000e+00	1.991699e+00
2.149847185247685e-03	2.000000e+00	1.990871e+00
2.345159685247685e-03	2.000000e+00	1.990044e+00
2.540472185247685e-03	2.000000e+00	1.989217e+00
2.715898868626151e-03	2.000000e+00	1.988475e+00
2.889646919731374e-03	2.000000e+00	1.987740e+00
3.006613633638086e-03	2.000000e+00	1.987245e+00
3.083754008260699e-03	2.000000e+00	1.986919e+00
3.161687497766667e-03	2.000000e+00	1.986590e+00
3.256071020544291e-03	2.000000e+00	1.986191e+00
3.387707180069001e-03	2.000000e+00	1.985635e+00
3.583019680069001e-03	2.000000e+00	1.984810e+00
3.778332180069001e-03	2.000000e+00	1.983985e+00
3.898869477361401e-03	2.000000e+00	1.983476e+00
3.966672843139937e-03	2.000000e+00	1.983190e+00
4.003715807950300e-03	2.000000e+00	1.983034e+00
4.027895526938103e-03	2.000000e+00	1.982932e+00
4.044793074813909e-03	2.000000e+00	1.982861e+00
4.059698976302692e-03	2.000000e+00	1.982798e+00
4.075778775608400e-03	2.000000e+00	1.982730e+00
4.090268069644655e-03	2.000000e+00	1.982669e+00
4.105467242786370e-03	2.000000e+00	1.982605e+00
4.119835652921576e-03	2.000000e+00	1.982544e+00
4.134566157658761e-03	2.000000e+00	1.982482e+00
4.148839353361789e-03	2.000000e+00	1.982422e+00
4.163281973258809e-03	2.000000e+00	1.982361e+00
4.177460333907509e-03	2.000000e+00	1.982301e+00
4.191714776692754e-03	2.000000e+00	1.982241e+00
4.205830892617666e-03	2.000000e+00	1.982181e+00
4.220027153381944e-03	2.000000e+00	1.982121e+00
4.234265700357383e-03	2.000000e+00	1.982061e+00
4.248832066346558e-03	2.000000e+00	1.982000e+00
4.264078776947964e-03	2.000000e+00	1.981936e+00
4.281004738995916e-03	2.000000e+00	1.981864e+00
4.302463227279195e-03	2.000000e+00	1.981774e+00
4.338403532452247e-03	2.000000e+00	1.981622e+00
4.376300253518863e-03	2.000000e+00	1.981462e+00
4.423946850135049e-03	2.000000e+00	1.981262e+00
4.501999038377546e-03	2.000000e+00	1.980933e+00
4.658103414862539e-03	2.000000e+00	1.980275e+00
4.723797691396961e-03	2.000000e+00	1.979998e+00
4.762162697746944e-03	2.000000e+00	1.979836e+00
4.777884772711376e-03	2.000000e+00	1.979770e+00
4.797856158005479e-03	2.000000e+00	1.979686e+00
4.820158564864362e-03	2.000000e+00	1.979592e+00
4.841375238866756e-03	2.000000e+00	1.979503e+00
4.883808586871541e-03	2.000000e+00	1.979324e+00
4.928637745848665e-03	2.000000e+00	1.979135e+00
5.000001000000000e-03	2.000000e+00	1.978835e+00
5.000002000000001e-03	0.000000e+00	-2.116381e-02
5.000018000000006e-03	0.000000e+00	-2.116380e-02
5.000022452034444e-03	0.000000e+00	-2.116381e-02
5.000026712672328e-03	0.000000e+00	-2.116380e-02
5.000035233948094e-03	0.000000e+00	-2.116381e-02
5.000052276499628e-03	0.000000e+00	-2.116380e-02
5.000086361602694e-03	0.000000e+00	-2.116381e-02
5.000133437348562e-03	0.000000e+00	-2.116380e-02
5.000185218716535e-03	0.000000e+00	-2.116380e-02
5.000252931058238e-03	0.000000e+00	-2.116379e-02
5.000344406935493e-03	0.000000e+00	-2.116380e-02
5.000485143768054e-03	0.000000e+00	-2.116378e-02
5.000719592246680e-03	0.000000e+00	-2.116378e-02
5.001188489203934e-03	0.000000e+00	-2.116375e-02
5.002126283118442e-03	0.000000e+00	-2.116372e-02
5.004001870947457e-03	0.000000e+00	-2.116363e-02
5.007753046605486e-03	0.000000e+00	-2.116347e-02
5.015255397921546e-03	0.000000e+00	-2.116312e-02
5.030260100553665e-03	0.000000e+00	-2.116245e-02
5.060269505817903e-03	0.000000e+00	-2.116109e-02
5.120288316346379e-03	0.000000e+00	-2.115840e-02
5.202553038780737e-03	0.000000e+00	-2.115469e-02
5.248953399968434e-03	0.000000e+00	-2.115261e-02
5.283392245656526e-03	0.000000e+00	-2.115105e-02
5.317219356402962e-03	0.000000e+00	-2.114954e-02
5.350742100466273e-03	0.000000e+00	-2.114802e-02
5.417787588592895e-03	0.000000e+00	-2.114501e-02
5.486105444078329e-03	0.000000e+00	-2.114193e-02
5.576127855570427e-03	0.000000e+00	-2.113789e-02
5.711402908422065e-03	0.000000e+00	-2.113180e-02
5.906715408422065e-03	0.000000e+00	-2.112303e-02
6.102027908422065e-03	0.000000e+00	-2.111424e-02
6.297340408422065e-03	0.000000e+00	-2.110548e-02
6.492652908422066e-03	0.000000e+00	-2.109670e-02
6.687965408422066e-03	0.000000e+00	-2.108795e-02
6.883277908422066e-03	0.000000e+00	-2.107918e-02
7.078590408422066e-03	0.000000e+00	-2.107043e-02
7.273902908422066e-03	0.000000e+00	-2.106166e-02
7.469215408422067e-03	0.000000e+00	-2.105292e-02
7.638556731679117e-03	0.000000e+00	-2.104533e-02
7.710754460462127e-03	0.000000e+00	-2.104210e-02
7.765388173491445e-03	0.000000e+00	-2.103965e-02
7.825722473262173e-03	0.000000e+00	-2.103696e-02
7.895399430840029e-03	0.000000e+00	-2.103383e-02
7.961498154146389e-03	0.000000e+00	-2.103088e-02
8.038544258354942e-03	0.000000e+00	-2.102742e-02
8.128810800388526e-03	0.000000e+00	-2.102339e-02
8.260626599000084e-03	0.000000e+00	-2.101749e-02
8.455939099000083e-03	0.000000e+00	-2.100877e-02
8.651251599000083e-03	0.000000e+00	-2.100003e-02
8.846564099000082e-03	0.000000e+00	-2.099131e-02
9.041876599000081e-03	0.000000e+00	-2.098258e-02
9.237189099000081e-03	0.000000e+00	-2.097388e-02
9.432501599000080e-03	0.000000e+00	-2.096515e-02
9.627814099000079e-03	0.000000e+00	-2.095645e-02
9.719308957966334e-03	0.000000e+00	-2.095236e-02
9.753257247876288e-03	0.000000e+00	-2.095086e-02
9.769905429957289e-03	0.000000e+00	-2.095011e-02
9.786812199177153e-03	0.000000e+00	-2.094936e-02
9.806645938350358e-03	0.000000e+00	-2.094847e-02
9.831849273267810e-03	0.000000e+00	-2.094736e-02
9.857868702734624e-03	0.000000e+00	-2.094619e-02
9.896629894645280e-03	0.000000e+00	-2.094447e-02
9.940607849264919e-03	0.000000e+00	-2.094250e-02
1.000000000000000e-02	0.000000e+00	-2.093986e-02
1.000000100000000e-02	2.000000e+00	1.979059e+00
1.000001699999999e-02	2.000000e+00	1.979059e+00
1.000002357730379e-02	2.000000e+00	1.979059e+00
1.000002983932861e-02	2.000000e+00	1.979059e+00
1.000004236337827e-02	2.000000e+00	1.979059e+00
1.000006741147757e-02	2.000000e+00	1.979059e+00
1.000011750767619e-02	2.000000e+00	1.979058e+00
1.000021257083544e-02	2.000000e+00	1.979058e+00
1.000034205756695e-02	2.000000e+00	1.979057e+00
1.000054223374267e-02	2.000000e+00	1.979056e+00
1.000089519212327e-02	2.000000e+00	1.979055e+00
1.000160110888448e-02	2.000000e+00	1.979052e+00
1.000301294240689e-02	2.000000e+00	1.979046e+00
1.000583660945170e-02	2.000000e+00	1.979034e+00
1.001148394354133e-02	2.000000e+00	1.979010e+00
1.002277861172060e-02	2.000000e+00	1.978963e+00
1.004536794807912e-02	2.000000e+00	1.978868e+00
1.009054662079617e-02	2.000000e+00	1.978678e+00
1.018090396623027e-02	2.000000e+00	1.978297e+00
1.023603355897315e-02	2.000000e+00	1.978065e+00
1.027446419735305e-02	2.000000e+00	1.977903e+00
1.030626841966326e-02	2.000000e+00	1.977769e+00
1.033868448376079e-02	2.000000e+00	1.977633e+00
1.035829431989419e-02	2.000000e+00	1.977551e+00
1.038002708268347e-02	2.000000e+00	1.977459e+00
1.040029349906918e-02	2.000000e+00	1.977374e+00
1.041926886920139e-02	2.000000e+00	1.977294e+00
1.043904112933062e-02	2.000000e+00	1.977211e+00
1.045958912512408e-02	2.000000e+00	1.977124e+00
1.048197151194189e-02	2.000000e+00	1.977030e+00
1.050725515706178e-02	2.000000e+00	1.976924e+00
1.053441175330544e-02	2.000000e+00	1.976810e+00
1.056396664847386e-02	2.000000e+00	1.976685e+00
1.060090641138597e-02	2.000000e+00	1.976530e+00
1.064290418086596e-02	2.000000e+00	1.976354e+00
1.069316651180245e-02	2.000000e+00	1.976142e+00
1.075564517150590e-02	2.000000e+00	1.975879e+00
1.086818924624490e-02	2.000000e+00	1.975406e+00
1.106350174624490e-02	2.000000e+00	1.974586e+00
1.125881424624490e-02	2.000000e+00	1.973765e+00
1.145412674624490e-02	2.000000e+00	1.972945e+00
1.164943924624490e-02	2.000000e+00	1.972126e+00
1.184475174624490e-02	2.000000e+00	1.971306e+00
1.204006424624490e-02	2.000000e+00	1.970487e+00
1.223537674624490e-02	2.000000e+00	1.969669e+00
1.243068924624490e-02	2.000000e+00	1.968850e+00
1.262422471306865e-02	2.000000e+00	1.968040e+00
1.277853532471244e-02	2.000000e+00	1.967394e+00
1.294612142310643e-02	2.000000e+00	1.966692e+00
1.301902718885107e-02	2.000000e+00	1.966387e+00
1.310189785413578e-02	2.000000e+00	1.966040e+00
1.318078854555128e-02	2.000000e+00	1.965710e+00
1.327535690646139e-02	2.000000e+00	1.965315e+00
1.341086153443671e-02	2.000000e+00	1.964748e+00
1.360617403443671e-02	2.000000e+00	1.963932e+00
1.380148653443671e-02	2.000000e+00	1.963116e+00
1.399679903443671e-02	2.000000e+00	1.962301e+00
1.419211153443671e-02	2.000000e+00	1.961485e+00
1.438742403443671e-02	2.000000e+00	1.960670e+00
1.458273653443671e-02	2.000000e+00	1.959856e+00
1.468764484151560e-02	2.000000e+00	1.959418e+00
1.473359618538967e-02	2.000000e+00	1.959227e+00
1.476794045185657e-02	2.000000e+00	1.959084e+00
1.478109851955641e-02	2.000000e+00	1.959029e+00
1.480113969337515e-02	2.000000e+00	1.958945e+00
1.482229666004678e-02	2.000000e+00	1.958857e+00
1.484460390310001e-02	2.000000e+00	1.958764e+00
1.488214363095635e-02	2.000000e+00	1.958608e+00
1.491828040046712e-02	2.000000e+00	1.958457e+00
1.499055393948865e-02	2.000000e+00	1.958156e+00
1.500000100000000e-02	2.000000e+00	1.958117e+00
1.500000200000000e-02	4.522159e-09	-4.188210e-02
1.500001799999999e-02	0.000000e+00	-4.188207e-02
1.500002634241876e-02	0.000000e+00	-4.188210e-02
1.500003427819591e-02	0.000000e+00	-4.188207e-02
1.500005014975023e-02	0.000000e+00	-4.188210e-02
1.500008189285886e-02	0.000000e+00	-4.188208e-02
1.500013343829061e-02	0.000000e+00	-4.188211e-02
1.500018224926958e-02	0.000000e+00	-4.188208e-02
1.500024610599674e-02	0.000000e+00	-4.188210e-02
1.500031488895409e-02	0.000000e+00	-4.188206e-02
1.500043562684519e-02	0.000000e+00	-4.188209e-02
1.500060529104810e-02	0.000000e+00	-4.188205e-02
1.500094386383230e-02	0.000000e+00	-4.188205e-02
1.500162100940069e-02	0.000000e+00	-4.188196e-02
1.500297530053748e-02	0.000000e+00	-4.188187e-02
1.500568388281106e-02	0.000000e+00	-4.188161e-02
1.501110104735821e-02	0.000000e+00	-4.188116e-02
1.502193537645251e-02	0.000000e+00	-4.188017e-02
1.504360403464111e-02	0.000000e+00	-4.187828e-02
1.508694135101832e-02	0.000000e+00	-4.187439e-02
1.517361598377274e-02	0.000000e+00	-4.186671e-02
1.522411935803868e-02	0.000000e+00	-4.186218e-02
1.526123029156998e-02	0.000000e+00	-4.185891e-02
1.529063265101568e-02	0.000000e+00	-4.185626e-02
1.532148176232968e-02	0.000000e+00	-4.185354e-02
1.535793597792700e-02	0.000000e+00	-4.185027e-02
1.543084440912165e-02	0.000000e+00	-4.184380e-02
1.549679224424235e-02	0.000000e+00	-4.183790e-02
1.559466530640902e-02	0.000000e+00	-4.182922e-02
1.574431202252706e-02	0.000000e+00	-4.181588e-02
1.593962452252706e-02	0.000000e+00	-4.179853e-02
1.613493702252706e-02	0.000000e+00	-4.178113e-02
1.633024952252705e-02	0.000000e+00	-4.176380e-02
1.652556202252705e-02	0.000000e+00	-4.174642e-02
1.672087452252705e-02	0.000000e+00	-4.172911e-02
1.691618702252705e-02	0.000000e+00	-4.171174e-02
1.711149952252705e-02	0.000000e+00	-4.169444e-02
1.730681202252705e-02	0.000000e+00	-4.167709e-02
1.750212452252705e-02	0.000000e+00	-4.165981e-02
1.765345939900329e-02	0.000000e+00	-4.164637e-02
1.784877189900328e-02	0.000000e+00	-4.162909e-02
1.804408439900328e-02	0.000000e+00	-4.161176e-02
1.823939689900328e-02	0.000000e+00	-4.159451e-02
1.843470939900328e-02	0.000000e+00	-4.157719e-02
1.863002189900328e-02	0.000000e+00	-4.155995e-02
1.882533439900328e-02	0.000000e+00	-4.154266e-02
1.902064689900328e-02	0.000000e+00	-4.152543e-02
1.921595939900328e-02	0.000000e+00	-4.150815e-02
1.941127189900328e-02	0.000000e+00	-4.149093e-02
1.960658439900328e-02	0.000000e+00	-4.147367e-02
1.970231489386737e-02	0.000000e+00	-4.146525e-02
1.974229768501539e-02	0.000000e+00	-4.146169e-02
1.976430685676671e-02	0.000000e+00	-4.145978e-02
1.977833862994869e-02	0.000000e+00	-4.145851e-02
1.979804177209972e-02	0.000000e+00	-4.145680e-02
1.981876343728087e-02	0.000000e+00	-4.145495e-02
1.984135683132001e-02	0.000000e+00	-4.145299e-02
1.988184674099947e-02	0.000000e+00	-4.144939e-02
1.992011891842219e-02	0.000000e+00	-4.144605e-02
1.999666327326762e-02	0.000000e+00	-4.143927e-02
2.000000000000000e-02	0.000000e+00	-4.143900e-02
2.000000100000000e-02	2.000000e+00	1.958560e+00
2.000001699999999e-02	2.000000e+00	1.958560e+00
2.000002690861686e-02	2.000000e+00	1.958560e+00
2.000003633945112e-02	2.000000e+00	1.958560e+00
2.000005520111964e-02	2.000000e+00	1.958559e+00
2.000009292445667e-02	2.000000e+00	1.958559e+00
2.000014944698590e-02	2.000000e+00	1.958559e+00
2.000021328855484e-02	2.000000e+00	1.958559e+00
2.000029278822769e-02	2.000000e+00	1.958558e+00
2.000039945433425e-02	2.000000e+00	1.958558e+00
2.000056989486228e-02	2.000000e+00	1.958557e+00
2.000088124469385e-02	2.000000e+00	1.958556e+00
2.000150394435700e-02	2.000000e+00	1.958553e+00
2.000274934368329e-02	2.000000e+00	1.958548e+00
2.000524014233587e-02	2.000000e+00	1.958538e+00
2.001022173964103e-02	2.000000e+00	1.958517e+00
2.002018493425135e-02	2.000000e+00	1.958475e+00
2.004011132347198e-02	2.000000e+00	1.958393e+00
2.007996410191325e-02	2.000000e+00	1.958226e+00
2.015966965879580e-02	2.000000e+00	1.957894e+00
2.022103837388396e-02	2.000000e+00	1.957639e+00
2.025705647163262e-02	2.000000e+00	1.957489e+00
2.028644901095519e-02	2.000000e+00	1.957366e+00
2.031777317803455e-02	2.000000e+00	1.957236e+00
2.035218730945101e-02	2.000000e+00	1.957093e+00
2.042101557228392e-02	2.000000e+00	1.956806e+00
2.048798129984252e-02	2.000000e+00	1.956527e+00
2.058024100588945e-02	2.000000e+00	1.956143e+00
2.071750664300598e-02	2.000000e+00	1.955572e+00
2.091281914300598e-02	2.000000e+00	1.954759e+00
2.101908983133233e-02	2.000000e+00	1.954318e+00
2.107298025781254e-02	2.000000e+00	1.954093e+00
2.111007023920001e-02	2.000000e+00	1.953939e+00
2.114428630873033e-02	2.000000e+00	1.953797e+00
2.118018219514807e-02	2.000000e+00	1.953648e+00
2.121060969482619e-02	2.000000e+00	1.953521e+00
2.124980400354610e-02	2.000000e+00	1.953358e+00
2.129262796797462e-02	2.000000e+00	1.953180e+00
2.133897366649925e-02	2.000000e+00	1.952988e+00
2.139955364320652e-02	2.000000e+00	1.952736e+00
2.147112995275032e-02	2.000000e+00	1.952439e+00
2.159952221409873e-02	2.000000e+00	1.951905e+00
2.179483471409873e-02	2.000000e+00	1.951095e+00
2.199014721409873e-02	2.000000e+00	1.950284e+00
2.218545971409873e-02	2.000000e+00	1.949474e+00
2.238077221409873e-02	2.000000e+00	1.948664e+00
2.257608471409873e-02	2.000000e+00	1.947854e+00
2.277139721409873e-02	2.000000e+00	1.947045e+00
2.295226669790151e-02	2.000000e+00	1.946296e+00
2.307978617258066e-02	2.000000e+00	1.945768e+00
2.320988700619247e-02	2.000000e+00	1.945229e+00
2.334450806663484e-02	2.000000e+00	1.944672e+00
2.353982056663484e-02	2.000000e+00	1.943864e+00
2.373513306663484e-02	2.000000e+00	1.943056e+00
2.393044556663484e-02	2.000000e+00	1.942249e+00
2.412575806663484e-02	2.000000e+00	1.941442e+00
2.432107056663484e-02	2.000000e+00	1.940636e+00
2.451638306663484e-02	2.000000e+00	1.939829e+00
2.466252049328145e-02	2.000000e+00	1.939226e+00
2.472613092584937e-02	2.000000e+00	1.938964e+00
2.476743477451902e-02	2.000000e+00	1.938793e+00
2.478165053373387e-02	2.000000e+00	1.938735e+00
2.480185682687172e-02	2.000000e+00	1.938651e+00
2.482488689038770e-02	2.000000e+00	1.938556e+00
2.484667535193218e-02	2.000000e+00	1.938467e+00
2.489025227502114e-02	2.000000e+00	1.938287e+00
2.493319746436891e-02	2.000000e+00	1.938110e+00
2.500000100000000e-02	2.000000e+00	1.937834e+00
2.500000200000000e-02	1.052712e-09	-6.216431e-02
2.500001799999999e-02	0.000000e+00	-6.216434e-02
2.500002602800451e-02	0.000000e+00	-6.216431e-02
2.500003365835699e-02	0.000000e+00	-6.216434e-02
2.500004891906195e-02	0.000000e+00	-6.216431e-02
2.500007944047188e-02	0.000000e+00	-6.216434e-02
2.500012803425290e-02	0.000000e+00	-6.216431e-02
2.500017479407546e-02	0.000000e+00	-6.216433e-02
2.500023472525676e-02	0.000000e+00	-6.216430e-02
2.500030121052640e-02	0.000000e+00	-6.216432e-02
2.500040935030483e-02	0.000000e+00	-6.216428e-02
2.500056005026484e-02	0.000000e+00	-6.216429e-02
2.500084156214654e-02	0.000000e+00	-6.216422e-02
2.500139786668612e-02	0.000000e+00	-6.216418e-02
2.500251047576529e-02	0.000000e+00	-6.216402e-02
2.500473569392361e-02	0.000000e+00	-6.216376e-02
2.500918613024027e-02	0.000000e+00	-6.216314e-02
2.501808700287358e-02	0.000000e+00	-6.216200e-02
2.503588874814021e-02	0.000000e+00	-6.215962e-02
2.507149223867345e-02	0.000000e+00	-6.215495e-02
2.514269921973994e-02	0.000000e+00	-6.214552e-02
2.520211529354719e-02	0.000000e+00	-6.213769e-02
2.524019419064891e-02	0.000000e+00	-6.213263e-02
2.527019572986638e-02	0.000000e+00	-6.212869e-02
2.530268450399223e-02	0.000000e+00	-6.212437e-02
2.533217090686697e-02	0.000000e+00	-6.212050e-02
2.537821654250104e-02	0.000000e+00	-6.211438e-02
2.544511017449284e-02	0.000000e+00	-6.210557e-02
2.551626907195622e-02	0.000000e+00	-6.209614e-02
2.562085198240081e-02	0.000000e+00	-6.208235e-02
2.580686550568019e-02	0.000000e+00	-6.205776e-02
2.600217800568019e-02	0.000000e+00	-6.203200e-02
2.619749050568019e-02	0.000000e+00	-6.200620e-02
2.639280300568018e-02	0.000000e+00	-6.198046e-02
2.658811550568018e-02	0.000000e+00	-6.195468e-02
2.678342800568018e-02	0.000000e+00	-6.192897e-02
2.697874050568018e-02	0.000000e+00	-6.190321e-02
2.717405300568018e-02	0.000000e+00	-6.187752e-02
2.736936550568018e-02	0.000000e+00	-6.185178e-02
2.756467800568018e-02	0.000000e+00	-6.182611e-02
2.775530521053007e-02	0.000000e+00	-6.180101e-02
2.795061771053007e-02	0.000000e+00	-6.177536e-02
2.814593021053007e-02	0.000000e+00	-6.174966e-02
2.834124271053006e-02	0.000000e+00	-6.172404e-02
2.853655521053006e-02	0.000000e+00	-6.169837e-02
2.873186771053006e-02	0.000000e+00	-6.167276e-02
2.892718021053006e-02	0.000000e+00	-6.164712e-02
2.912249271053006e-02	0.000000e+00	-6.162154e-02
2.931780521053006e-02	0.000000e+00	-6.159591e-02
2.951311771053006e-02	0.000000e+00	-6.157034e-02
2.965878029756633e-02	0.000000e+00	-6.155123e-02
2.972573588191145e-02	0.000000e+00	-6.154249e-02
2.976472558616762e-02	0.000000e+00	-6.153736e-02
2.978116407531650e-02	0.000000e+00	-6.153524e-02
2.980049707311310e-02	0.000000e+00	-6.153268e-02
2.982327232676986e-02	0.000000e+00	-6.152972e-02
2.984589657480469e-02	0.000000e+00	-6.152673e-02
2.989114507087434e-02	0.000000e+00	-6.152084e-02
2.994419376870281e-02	0.000000e+00	-6.151388e-02
3.000000000000000e-02	0.000000e+00	-6.150661e-02
3.000000100000000e-02	2.000000e+00	1.938492e+00
3.000001699999999e-02	2.000000e+00	1.938492e+00
3.000002679716254e-02	2.000000e+00	1.938492e+00
3.000003612111960e-02	2.000000e+00	1.938492e+00
3.000005476903373e-02	2.000000e+00	1.938492e+00
3.000009206486198e-02	2.000000e+00	1.938492e+00
3.000014720638136e-02	2.000000e+00	1.938491e+00
3.000021433274261e-02	2.000000e+00	1.938491e+00
3.000030391242963e-02	2.000000e+00	1.938491e+00
3.000043214254390e-02	2.000000e+00	1.938490e+00
3.000064716834849e-02	2.000000e+00	1.938489e+00
3.000107491861975e-02	2.000000e+00	1.938488e+00
3.000193041916226e-02	2.000000e+00	1.938484e+00
3.000364142024729e-02	2.000000e+00	1.938477e+00
3.000706342241734e-02	2.000000e+00	1.938463e+00
3.001390742675745e-02	2.000000e+00	1.938435e+00
3.002759543543767e-02	2.000000e+00	1.938378e+00
3.005497145279810e-02	2.000000e+00	1.938265e+00
3.010972348751897e-02	2.000000e+00	1.938040e+00
3.021922755696070e-02	2.000000e+00	1.937588e+00
3.026424862633306e-02	2.000000e+00	1.937402e+00
3.030086646558736e-02	2.000000e+00	1.937251e+00
3.033596232420826e-02	2.000000e+00	1.937107e+00
3.037854576759424e-02	2.000000e+00	1.936931e+00
3.044592324182175e-02	2.000000e+00	1.936654e+00
3.051666138483256e-02	2.000000e+00	1.936362e+00
3.062374195397933e-02	2.000000e+00	1.935921e+00
3.080623564270005e-02	2.000000e+00	1.935170e+00
3.100154814270005e-02	2.000000e+00	1.934366e+00
3.119686064270005e-02	2.000000e+00	1.933562e+00
3.139217314270006e-02	2.000000e+00	1.932759e+00
3.146236151062051e-02	2.000000e+00	1.932470e+00
3.152140399655096e-02	2.000000e+00	1.932227e+00
3.156701264341422e-02	2.000000e+00	1.932040e+00
3.161267869276697e-02	2.000000e+00	1.931852e+00
3.165287686146561e-02	2.000000e+00	1.931687e+00
3.170586404935154e-02	2.000000e+00	1.931469e+00
3.175558216547300e-02	2.000000e+00	1.931265e+00
3.181392317970084e-02	2.000000e+00	1.931025e+00
3.188845183064783e-02	2.000000e+00	1.930719e+00
3.197167776435073e-02	2.000000e+00	1.930377e+00
3.210464660378173e-02	2.000000e+00	1.929831e+00
3.229857055482420e-02	2.000000e+00	1.929035e+00
3.249388305482420e-02	2.000000e+00	1.928233e+00
3.264772643536735e-02	2.000000e+00	1.927602e+00
3.284303893536735e-02	2.000000e+00	1.926801e+00
3.303835143536735e-02	2.000000e+00	1.926001e+00
3.317240283145975e-02	2.000000e+00	1.925452e+00
3.330429404720386e-02	2.000000e+00	1.924911e+00
3.348593801676178e-02	2.000000e+00	1.924168e+00
3.368125051676178e-02	2.000000e+00	1.923368e+00
3.387656301676178e-02	2.000000e+00	1.922569e+00
3.407187551676179e-02	2.000000e+00	1.921770e+00
3.426718801676179e-02	2.000000e+00	1.920972e+00
3.446250051676179e-02	2.000000e+00	1.920174e+00
3.465781301676180e-02	2.000000e+00	1.919376e+00
3.472806386959727e-02	2.000000e+00	1.919089e+00
3.476516165862659e-02	2.000000e+00	1.918938e+00
3.477845225393199e-02	2.000000e+00	1.918883e+00
3.479993211650385e-02	2.000000e+00	1.918796e+00
3.482193026373517e-02	2.000000e+00	1.918706e+00
3.484431527801604e-02	2.000000e+00	1.918615e+00
3.487770273873474e-02	2.000000e+00	1.918478e+00
3.491319441139516e-02	2.000000e+00	1.918333e+00
3.496970569846423e-02	2.000000e+00	1.918103e+00
3.500000100000000e-02	2.000000e+00	1.917979e+00
3.500000200000000e-02	7.991606e-09	-8.201955e-02
3.500001799999999e-02	0.000000e+00	-8.201958e-02
3.500002591238285e-02	0.000000e+00	-8.201955e-02
3.500003343300981e-02	0.000000e+00	-8.201958e-02
3.500004847426372e-02	0.000000e+00	-8.201955e-02
3.500007855677154e-02	0.000000e+00	-8.201958e-02
3.500013487675802e-02	0.000000e+00	-8.201955e-02
3.500019395052047e-02	0.000000e+00	-8.201957e-02
3.500026911253541e-02	0.000000e+00	-8.201953e-02
3.500036267969841e-02	0.000000e+00	-8.201955e-02
3.500051039275353e-02	0.000000e+00	-8.201949e-02
3.500076164506822e-02	0.000000e+00	-8.201948e-02
3.500126414969760e-02	0.000000e+00	-8.201937e-02
3.500226915895635e-02	0.000000e+00	-8.201922e-02
3.500427917747385e-02	0.000000e+00	-8.201885e-02
3.500829921450887e-02	0.000000e+00	-8.201819e-02
3.501633928857889e-02	0.000000e+00	-8.201677e-02
3.503241943671893e-02	0.000000e+00	-8.201399e-02
3.506457973299902e-02	0.000000e+00	-8.200836e-02
3.512890032555920e-02	0.000000e+00	-8.199718e-02
3.517810104521102e-02	0.000000e+00	-8.198857e-02
3.522541098082242e-02	0.000000e+00	-8.198035e-02
3.525623318316835e-02	0.000000e+00	-8.197495e-02
3.528437472515067e-02	0.000000e+00	-8.197007e-02
3.531406361762216e-02	0.000000e+00	-8.196486e-02
3.534767624489508e-02	0.000000e+00	-8.195902e-02
3.541490149944091e-02	0.000000e+00	-8.194727e-02
3.548313653851218e-02	0.000000e+00	-8.193541e-02
3.557151118280398e-02	0.000000e+00	-8.191997e-02
3.570307899502597e-02	0.000000e+00	-8.189707e-02
3.589839149502597e-02	0.000000e+00	-8.186301e-02
3.609370399502598e-02	0.000000e+00	-8.182903e-02
3.628901649502598e-02	0.000000e+00	-8.179501e-02
3.648432899502598e-02	0.000000e+00	-8.176105e-02
3.667964149502598e-02	0.000000e+00	-8.172705e-02
3.687495399502599e-02	0.000000e+00	-8.169312e-02
3.707026649502599e-02	0.000000e+00	-8.165915e-02
3.726557899502599e-02	0.000000e+00	-8.162525e-02
3.746089149502600e-02	0.000000e+00	-8.159130e-02
3.763546162061045e-02	0.000000e+00	-8.156103e-02
3.783077412061045e-02	0.000000e+00	-8.152711e-02
3.802608662061045e-02	0.000000e+00	-8.149326e-02
3.822139912061046e-02	0.000000e+00	-8.145937e-02
3.841671162061046e-02	0.000000e+00	-8.142556e-02
3.861202412061046e-02	0.000000e+00	-8.139171e-02
3.880733662061046e-02	0.000000e+00	-8.135792e-02
3.900264912061047e-02	0.000000e+00	-8.132409e-02
3.919796162061047e-02	0.000000e+00	-8.129034e-02
3.939327412061047e-02	0.000000e+00	-8.125654e-02
3.958858662061047e-02	0.000000e+00	-8.122280e-02
3.968544349837737e-02	0.000000e+00	-8.120604e-02
3.973525742513902e-02	0.000000e+00	-8.119746e-02
3.976739751325505e-02	0.000000e+00	-8.119188e-02
3.978489097364044e-02	0.000000e+00	-8.118889e-02
3.980247916387462e-02	0.000000e+00	-8.118582e-02
3.982943747656522e-02	0.000000e+00	-8.118119e-02
3.985514223862953e-02	0.000000e+00	-8.117673e-02
3.990655176275815e-02	0.000000e+00	-8.116788e-02
3.997405059754654e-02	0.000000e+00	-8.115621e-02
4.000000000000000e-02	0.000000e+00	-8.115175e-02
4.000000100000000e-02	2.000000e+00	1.918847e+00
4.000001699999999e-02	2.000000e+00	1.918847e+00
4.000002668764925e-02	2.000000e+00	1.918847e+00
4.000003590665450e-02	2.000000e+00	1.918847e+00
4.000005434466498e-02	2.000000e+00	1.918847e+00
4.000009122068596e-02	2.000000e+00	1.918846e+00
4.000014745827565e-02	2.000000e+00	1.918846e+00
4.000021290248314e-02	2.000000e+00	1.918846e+00
4.000030107241705e-02	2.000000e+00	1.918846e+00
4.000042541216320e-02	2.000000e+00	1.918845e+00
4.000063492648164e-02	2.000000e+00	1.918844e+00
4.000104366897157e-02	2.000000e+00	1.918843e+00
4.000186115395142e-02	2.000000e+00	1.918839e+00
4.000349612391112e-02	2.000000e+00	1.918833e+00
4.000676606383053e-02	2.000000e+00	1.918819e+00
4.001330594366934e-02	2.000000e+00	1.918792e+00
4.002638570334698e-02	2.000000e+00	1.918739e+00
4.005254522270224e-02	2.000000e+00	1.918632e+00
4.010486426141277e-02	2.000000e+00	1.918419e+00
4.020950233883382e-02	2.000000e+00	1.917992e+00
4.025519806048002e-02	2.000000e+00	1.917805e+00
4.029293170770713e-02	2.000000e+00	1.917651e+00
4.032862822533884e-02	2.000000e+00	1.917506e+00
4.036616970519179e-02	2.000000e+00	1.917352e+00
4.043189213762468e-02	2.000000e+00	1.917084e+00
4.050027015000239e-02	2.000000e+00	1.916806e+00
4.059712029299872e-02	2.000000e+00	1.916411e+00
4.075808384319530e-02	2.000000e+00	1.915754e+00
4.095339634319530e-02	2.000000e+00	1.914958e+00
4.114870884319530e-02	2.000000e+00	1.914163e+00
4.134402134319531e-02	2.000000e+00	1.913368e+00
4.153933384319531e-02	2.000000e+00	1.912573e+00
4.173464634319531e-02	2.000000e+00	1.911778e+00
4.180852113495454e-02	2.000000e+00	1.911477e+00
4.188289012852340e-02	2.000000e+00	1.911175e+00
4.195768697788375e-02	2.000000e+00	1.910871e+00
4.201555495261055e-02	2.000000e+00	1.910636e+00
4.208088134757594e-02	2.000000e+00	1.910370e+00
4.215626095357135e-02	2.000000e+00	1.910064e+00
4.225450555094818e-02	2.000000e+00	1.909665e+00
4.234423001480810e-02	2.000000e+00	1.909300e+00
4.247554716076110e-02	2.000000e+00	1.908767e+00
4.263524663451840e-02	2.000000e+00	1.908118e+00
4.278330195872231e-02	2.000000e+00	1.907517e+00
4.294033597651625e-02	2.000000e+00	1.906880e+00
4.303227947327405e-02	2.000000e+00	1.906507e+00
4.313082766232916e-02	2.000000e+00	1.906107e+00
4.322781435945471e-02	2.000000e+00	1.905714e+00
4.335439354911391e-02	2.000000e+00	1.905201e+00
4.354970604911391e-02	2.000000e+00	1.904409e+00
4.374501854911392e-02	2.000000e+00	1.903618e+00
4.394033104911392e-02	2.000000e+00	1.902827e+00
4.413564354911392e-02	2.000000e+00	1.902037e+00
4.433095604911393e-02	2.000000e+00	1.901246e+00
4.452626854911393e-02	2.000000e+00	1.900456e+00
4.466808449389608e-02	2.000000e+00	1.899883e+00
4.472613985278956e-02	2.000000e+00	1.899648e+00
4.478427646428117e-02	2.000000e+00	1.899413e+00
4.479500107424206e-02	2.000000e+00	1.899370e+00
4.481645029416385e-02	2.000000e+00	1.899283e+00
4.484043137665639e-02	2.000000e+00	1.899186e+00
4.486579359627772e-02	2.000000e+00	1.899084e+00
4.490492040758326e-02	2.000000e+00	1.898926e+00
4.494676235644681e-02	2.000000e+00	1.898757e+00
4.500000100000000e-02	2.000000e+00	1.898542e+00
4.500000200000000e-02	7.991606e-09	-1.014569e-01
4.500001799999999e-02	0.000000e+00	-1.014568e-01
4.500002915280919e-02	0.000000e+00	-1.014569e-01
4.500003978303933e-02	0.000000e+00	-1.014568e-01
4.500006104349961e-02	0.000000e+00	-1.014569e-01
4.500010356442016e-02	0.000000e+00	-1.014569e-01
4.500015097334421e-02	0.000000e+00	-1.014569e-01
4.500020952193638e-02	0.000000e+00	-1.014569e-01
4.500028321039231e-02	0.000000e+00	-1.014569e-01
4.500039106413893e-02	0.000000e+00	-1.014568e-01
4.500055807571467e-02	0.000000e+00	-1.014569e-01
4.500086049677615e-02	0.000000e+00	-1.014568e-01
4.500146533889912e-02	0.000000e+00	-1.014567e-01
4.500267502314506e-02	0.000000e+00	-1.014564e-01
4.500509439163694e-02	0.000000e+00	-1.014560e-01
4.500993312862070e-02	0.000000e+00	-1.014549e-01
4.501961060258822e-02	0.000000e+00	-1.014529e-01
4.503896555052327e-02	0.000000e+00	-1.014488e-01
4.507767544639335e-02	0.000000e+00	-1.014405e-01
4.515509523813353e-02	0.000000e+00	-1.014239e-01
4.521767505859873e-02	0.000000e+00	-1.014105e-01
4.525483900327624e-02	0.000000e+00	-1.014024e-01
4.528479978150512e-02	0.000000e+00	-1.013960e-01
4.531627667960784e-02	0.000000e+00	-1.013892e-01
4.535000257581488e-02	0.000000e+00	-1.013819e-01
4.541745436822896e-02	0.000000e+00	-1.013673e-01
4.548530894205394e-02	0.000000e+00	-1.013527e-01
4.557520561956899e-02	0.000000e+00	-1.013333e-01
4.570957360651210e-02	0.000000e+00	-1.013044e-01
4.590488610651210e-02	0.000000e+00	-1.012622e-01
4.610019860651211e-02	0.000000e+00	-1.012203e-01
4.629551110651211e-02	0.000000e+00	-1.011782e-01
4.649082360651211e-02	0.000000e+00	-1.011362e-01
4.668613610651211e-02	0.000000e+00	-1.010941e-01
4.688144860651212e-02	0.000000e+00	-1.010522e-01
4.707676110651212e-02	0.000000e+00	-1.010101e-01
4.727207360651212e-02	0.000000e+00	-1.009682e-01
4.746738610651213e-02	0.000000e+00	-1.009262e-01
4.763787658602384e-02	0.000000e+00	-1.008896e-01
4.783318908602385e-02	0.000000e+00	-1.008477e-01
4.802850158602385e-02	0.000000e+00	-1.008058e-01
4.822381408602385e-02	0.000000e+00	-1.007639e-01
4.841912658602385e-02	0.000000e+00	-1.007221e-01
4.861443908602386e-02	0.000000e+00	-1.006802e-01
4.880975158602386e-02	0.000000e+00	-1.006385e-01
4.900506408602386e-02	0.000000e+00	-1.005967e-01
4.920037658602387e-02	0.000000e+00	-1.005550e-01
4.939568908602387e-02	0.000000e+00	-1.005132e-01
4.959100158602387e-02	0.000000e+00	-1.004715e-01
4.968795387272326e-02	0.000000e+00	-1.004507e-01
4.973630550231976e-02	0.000000e+00	-1.004404e-01
4.976567042587658e-02	0.000000e+00	-1.004341e-01
4.978291324708315e-02	0.000000e+00	-1.004304e-01
4.980074444222019e-02	0.000000e+00	-1.004266e-01
4.982711079080626e-02	0.000000e+00	-1.004210e-01
4.985235574478179e-02	0.000000e+00	-1.004156e-01
4.990284565273283e-02	0.000000e+00	-1.004049e-01
4.996798068624690e-02	0.000000e+00	-1.003911e-01
5.000000000000000e-02	0.000000e+00	-1.003843e-01
5.000000100000000e-02	2.000000e+00	1.899614e+00
5.000001699999999e-02	2.000000e+00	1.899614e+00
5.000002951275483e-02	2.000000e+00	1.899614e+00
5.000004146056135e-02	2.000000e+00	1.899614e+00
5.000006535617438e-02	2.000000e+00	1.899614e+00
5.000011314740045e-02	2.000000e+00	1.899614e+00
5.000017698822568e-02	2.000000e+00	1.899614e+00
5.000026050993950e-02	2.000000e+00	1.899613e+00
5.000037349656211e-02	2.000000e+00	1.899613e+00
5.000055199514749e-02	2.000000e+00	1.899612e+00
5.000088374060176e-02	2.000000e+00	1.899611e+00
5.000154723151029e-02	2.000000e+00	1.899608e+00
5.000287421332737e-02	2.000000e+00	1.899603e+00
5.000552817696152e-02	2.000000e+00	1.899592e+00
5.001083610422982e-02	2.000000e+00	1.899571e+00
5.002145195876641e-02	2.000000e+00	1.899528e+00
5.004268366783961e-02	2.000000e+00	1.899442e+00
5.008514708598601e-02	2.000000e+00	1.899270e+00
5.017007392227880e-02	2.000000e+00	1.898927e+00
5.023871359572107e-02	2.000000e+00	1.898650e+00
5.027700696962886e-02	2.000000e+00	1.898495e+00
5.030990736849938e-02	2.000000e+00	1.898362e+00
5.034341625221957e-02	2.000000e+00	1.898227e+00
5.039747626178969e-02	2.000000e+00	1.898008e+00
5.047872316574831e-02	2.000000e+00	1.897680e+00
5.055500341604426e-02	2.000000e+00	1.897372e+00
5.068075231704129e-02	2.000000e+00	1.896865e+00
5.087606481704129e-02	2.000000e+00	1.896077e+00
5.107137731704130e-02	2.000000e+00	1.895289e+00
5.126668981704130e-02	2.000000e+00	1.894502e+00
5.146200231704130e-02	2.000000e+00	1.893714e+00
5.165731481704131e-02	2.000000e+00	1.892928e+00
5.185262731704131e-02	2.000000e+00	1.892141e+00
5.193091852123616e-02	2.000000e+00	1.891826e+00
5.201019966105767e-02	2.000000e+00	1.891507e+00
5.208898218352262e-02	2.000000e+00	1.891190e+00
5.215011953605811e-02	2.000000e+00	1.890944e+00
5.222368166298445e-02	2.000000e+00	1.890648e+00
5.230151046572990e-02	2.000000e+00	1.890335e+00
5.238603586266855e-02	2.000000e+00	1.889995e+00
5.247633756389337e-02	2.000000e+00	1.889632e+00
5.257794011938945e-02	2.000000e+00	1.889223e+00
5.268600925125542e-02	2.000000e+00	1.888789e+00
5.280616446721940e-02	2.000000e+00	1.888306e+00
5.293842917925129e-02	2.000000e+00	1.887775e+00
5.301337897826036e-02	2.000000e+00	1.887474e+00
5.309762761655368e-02	2.000000e+00	1.887136e+00
5.318028584735068e-02	2.000000e+00	1.886804e+00
5.327719340694141e-02	2.000000e+00	1.886415e+00
5.341649942554682e-02	2.000000e+00	1.885856e+00
5.361181192554682e-02	2.000000e+00	1.885072e+00
5.380712442554682e-02	2.000000e+00	1.884289e+00
5.400243692554683e-02	2.000000e+00	1.883506e+00
5.419774942554683e-02	2.000000e+00	1.882724e+00
5.439306192554683e-02	2.000000e+00	1.881941e+00
5.458837442554684e-02	2.000000e+00	1.881160e+00
5.468468762303443e-02	2.000000e+00	1.880774e+00
5.473528359913400e-02	2.000000e+00	1.880572e+00
5.476910970499854e-02	2.000000e+00	1.880436e+00
5.478785466681910e-02	2.000000e+00	1.880361e+00
5.480547600356482e-02	2.000000e+00	1.880291e+00
5.483142153672715e-02	2.000000e+00	1.880187e+00
5.486211862955997e-02	2.000000e+00	1.880064e+00
5.492351281522561e-02	2.000000e+00	1.879819e+00
5.500000100000000e-02	2.000000e+00	1.879513e+00
5.500000200000000e-02	7.991606e-09	-1.204859e-01
5.500001799999999e-02	0.000000e+00	-1.204859e-01
5.500003181784687e-02	0.000000e+00	-1.204859e-01
5.500004504380045e-02	0.000000e+00	-1.204859e-01
5.500007149570759e-02	0.000000e+00	-1.204861e-01
5.500012439952188e-02	0.000000e+00	-1.204863e-01
5.500021661334530e-02	0.000000e+00	-1.204864e-01
5.500033708005844e-02	0.000000e+00	-1.204864e-01
5.500051542047146e-02	0.000000e+00	-1.204865e-01
5.500082275100088e-02	0.000000e+00	-1.204864e-01
5.500143741205973e-02	0.000000e+00	-1.204865e-01
5.500266673417743e-02	0.000000e+00	-1.204864e-01
5.500512537841283e-02	0.000000e+00	-1.204860e-01
5.501004266688362e-02	0.000000e+00	-1.204850e-01
5.501987724382520e-02	0.000000e+00	-1.204828e-01
5.503954639770836e-02	0.000000e+00	-1.204782e-01
5.507888470547469e-02	0.000000e+00	-1.204689e-01
5.515756132100734e-02	0.000000e+00	-1.204500e-01
5.522954242121829e-02	0.000000e+00	-1.204317e-01
5.527099242625292e-02	0.000000e+00	-1.204210e-01
5.530519877440213e-02	0.000000e+00	-1.204123e-01
5.533837241656746e-02	0.000000e+00	-1.204038e-01
5.538537037337180e-02	0.000000e+00	-1.203918e-01
5.545439311190129e-02	0.000000e+00	-1.203740e-01
5.552744532179981e-02	0.000000e+00	-1.203554e-01
5.563967882022082e-02	0.000000e+00	-1.203266e-01
5.583499132022082e-02	0.000000e+00	-1.202766e-01
5.603030382022083e-02	0.000000e+00	-1.202266e-01
5.622561632022083e-02	0.000000e+00	-1.201769e-01
5.642092882022083e-02	0.000000e+00	-1.201272e-01
5.661624132022083e-02	0.000000e+00	-1.200773e-01
5.681155382022084e-02	0.000000e+00	-1.200274e-01
5.700686632022084e-02	0.000000e+00	-1.199775e-01
5.720217882022084e-02	0.000000e+00	-1.199276e-01
5.739749132022084e-02	0.000000e+00	-1.198779e-01
5.759280382022085e-02	0.000000e+00	-1.198280e-01
5.778811632022085e-02	0.000000e+00	-1.197782e-01
5.798342882022085e-02	0.000000e+00	-1.197284e-01
5.817874132022086e-02	0.000000e+00	-1.196787e-01
5.837405382022086e-02	0.000000e+00	-1.196289e-01
5.856936632022086e-02	0.000000e+00	-1.195795e-01
5.876467882022086e-02	0.000000e+00	-1.195300e-01
5.895999132022087e-02	0.000000e+00	-1.194806e-01
5.915530382022087e-02	0.000000e+00	-1.194312e-01
5.935061632022087e-02	0.000000e+00	-1.193816e-01
5.954592882022088e-02	0.000000e+00	-1.193319e-01
5.967599954117556e-02	0.000000e+00	-1.192990e-01
5.972679920918209e-02	0.000000e+00	-1.192860e-01
5.977748291316430e-02	0.000000e+00	-1.192732e-01
5.978622904802976e-02	0.000000e+00	-1.192709e-01
5.980372131776067e-02	0.000000e+00	-1.192666e-01
5.982326212395279e-02	0.000000e+00	-1.192615e-01
5.984482545242441e-02	0.000000e+00	-1.192562e-01
5.987892499791970e-02	0.000000e+00	-1.192475e-01
5.991279789099840e-02	0.000000e+00	-1.192391e-01
5.998054367715582e-02	0.000000e+00	-1.192219e-01
6.000000000000000e-02	1.490116e-08	-1.192171e-01
6.000000100000000e-02	2.000000e+00	1.880782e+00
6.000001699999988e-02	2.000000e+00	1.880782e+00
6.000003204761593e-02	2.000000e+00	1.880781e+00
6.000004648315771e-02	2.000000e+00	1.880781e+00
6.000007535424126e-02	2.000000e+00	1.880781e+00
6.000013309640836e-02	2.000000e+00	1.880781e+00
6.000020938403904e-02	2.000000e+00	1.880781e+00
6.000030865008284e-02	2.000000e+00	1.880780e+00
6.000044402814568e-02	2.000000e+00	1.880780e+00
6.000067248657823e-02	2.000000e+00	1.880779e+00
6.000112940344332e-02	2.000000e+00	1.880777e+00
6.000204323717350e-02	2.000000e+00	1.880773e+00
6.000387090463386e-02	2.000000e+00	1.880766e+00
6.000752623955459e-02	2.000000e+00	1.880751e+00
6.001483690939604e-02	2.000000e+00	1.880722e+00
6.002945824907895e-02	2.000000e+00	1.880664e+00
6.005870092844476e-02	2.000000e+00	1.880547e+00
6.011718628717638e-02	2.000000e+00	1.880313e+00
6.021282117630138e-02	2.000000e+00	1.879930e+00
6.027278857754354e-02	2.000000e+00	1.879690e+00
6.030924636694517e-02	2.000000e+00	1.879544e+00
6.034676441009057e-02	2.000000e+00	1.879394e+00
6.039546003465082e-02	2.000000e+00	1.879200e+00
6.047718272864211e-02	2.000000e+00	1.878873e+00
6.055427135171373e-02	2.000000e+00	1.878565e+00
6.067892562865967e-02	2.000000e+00	1.878067e+00
6.087423812865967e-02	2.000000e+00	1.877286e+00
6.106955062865967e-02	2.000000e+00	1.876506e+00
6.126486312865968e-02	2.000000e+00	1.875727e+00
6.146017562865968e-02	2.000000e+00	1.874947e+00
6.165548812865968e-02	2.000000e+00	1.874168e+00
6.185080062865968e-02	2.000000e+00	1.873390e+00
6.199277059930771e-02	2.000000e+00	1.872824e+00
6.208182571011363e-02	2.000000e+00	1.872469e+00
6.216963919016809e-02	2.000000e+00	1.872119e+00
6.223980992693887e-02	2.000000e+00	1.871840e+00
6.231602983169289e-02	2.000000e+00	1.871536e+00
6.240152638790619e-02	2.000000e+00	1.871196e+00
6.252200868280047e-02	2.000000e+00	1.870716e+00
6.260629889072845e-02	2.000000e+00	1.870381e+00
6.269559008883004e-02	2.000000e+00	1.870026e+00
6.278992095000843e-02	2.000000e+00	1.869650e+00
6.289505595101129e-02	2.000000e+00	1.869232e+00
6.297750674622912e-02	2.000000e+00	1.868904e+00
6.306270209249631e-02	2.000000e+00	1.868565e+00
6.314752097672872e-02	2.000000e+00	1.868228e+00
6.323493371756453e-02	2.000000e+00	1.867881e+00
6.335317945165374e-02	2.000000e+00	1.867411e+00
6.354202994029763e-02	2.000000e+00	1.866661e+00
6.373734244029763e-02	2.000000e+00	1.865885e+00
6.393265494029764e-02	2.000000e+00	1.865110e+00
6.412796744029764e-02	2.000000e+00	1.864335e+00
6.432327994029764e-02	2.000000e+00	1.863561e+00
6.451859244029765e-02	2.000000e+00	1.862786e+00
6.465582691278753e-02	2.000000e+00	1.862242e+00
6.472449491230736e-02	2.000000e+00	1.861970e+00
6.476273215302317e-02	2.000000e+00	1.861819e+00
6.478119684489006e-02	2.000000e+00	1.861746e+00
6.479995709731499e-02	2.000000e+00	1.861671e+00
6.482207898203719e-02	2.000000e+00	1.861584e+00
6.484861066471219e-02	2.000000e+00	1.861479e+00
6.490148731433606e-02	2.000000e+00	1.861269e+00
6.496874134392908e-02	2.000000e+00	1.861003e+00
6.500000100000000e-02	2.000000e+00	1.860879e+00
6.500000200000000e-02	0.000000e+00	-1.391194e-01
6.500001799999999e-02	0.000000e+00	-1.391194e-01
6.500003090664373e-02	0.000000e+00	-1.391194e-01
6.500004322875134e-02	0.000000e+00	-1.391195e-01
6.500006787296657e-02	0.000000e+00	-1.391194e-01
6.500011716139703e-02	0.000000e+00	-1.391197e-01
6.500020270485894e-02	0.000000e+00	-1.391199e-01
6.500031836439407e-02	0.000000e+00	-1.391200e-01
6.500049059700228e-02	0.000000e+00	-1.391200e-01
6.500078379683555e-02	0.000000e+00	-1.391200e-01
6.500137019650208e-02	0.000000e+00	-1.391200e-01
6.500254299583515e-02	0.000000e+00	-1.391200e-01
6.500488859450129e-02	0.000000e+00	-1.391196e-01
6.500957979183358e-02	0.000000e+00	-1.391186e-01
6.501896218649815e-02	0.000000e+00	-1.391163e-01
6.503772697582730e-02	0.000000e+00	-1.391114e-01
6.507525655448558e-02	0.000000e+00	-1.391014e-01
6.515031571180216e-02	0.000000e+00	-1.390809e-01
6.519927453873670e-02	0.000000e+00	-1.390675e-01
6.525138301394574e-02	0.000000e+00	-1.390521e-01
6.528170484922831e-02	0.000000e+00	-1.390431e-01
6.531492558112890e-02	0.000000e+00	-1.390333e-01
6.534772824786871e-02	0.000000e+00	-1.390235e-01
6.541333358134831e-02	0.000000e+00	-1.390042e-01
6.548456383698471e-02	0.000000e+00	-1.389831e-01
6.557061928119791e-02	0.000000e+00	-1.389577e-01
6.570403084723353e-02	0.000000e+00	-1.389182e-01
6.589934334723353e-02	0.000000e+00	-1.388605e-01
6.609465584723354e-02	0.000000e+00	-1.388027e-01
6.628996834723354e-02	0.000000e+00	-1.387455e-01
6.648528084723354e-02	0.000000e+00	-1.386881e-01
6.668059334723354e-02	0.000000e+00	-1.386306e-01
6.687590584723355e-02	0.000000e+00	-1.385729e-01
6.707121834723355e-02	0.000000e+00	-1.385154e-01
6.726653084723355e-02	0.000000e+00	-1.384577e-01
6.746184334723355e-02	0.000000e+00	-1.384003e-01
6.763581558262989e-02	0.000000e+00	-1.383490e-01
6.783112808262989e-02	0.000000e+00	-1.382915e-01
6.802644058262990e-02	0.000000e+00	-1.382340e-01
6.822175308262990e-02	0.000000e+00	-1.381766e-01
6.841706558262990e-02	0.000000e+00	-1.381191e-01
6.861237808262990e-02	0.000000e+00	-1.380621e-01
6.880769058262991e-02	0.000000e+00	-1.380051e-01
6.900300308262991e-02	0.000000e+00	-1.379482e-01
6.919831558262991e-02	0.000000e+00	-1.378911e-01
6.939362808262992e-02	0.000000e+00	-1.378339e-01
6.958894058262992e-02	0.000000e+00	-1.377766e-01
6.969371237017484e-02	0.000000e+00	-1.377459e-01
6.973500936976100e-02	0.000000e+00	-1.377337e-01
6.976654853323831e-02	0.000000e+00	-1.377245e-01
6.977880428090281e-02	0.000000e+00	-1.377209e-01
6.979911067992033e-02	0.000000e+00	-1.377150e-01
6.981829506594796e-02	0.000000e+00	-1.377093e-01
6.983972071394465e-02	0.000000e+00	-1.377032e-01
6.986879435620405e-02	0.000000e+00	-1.376947e-01
6.990111885628968e-02	0.000000e+00	-1.376854e-01
6.995688825266026e-02	0.000000e+00	-1.376692e-01
6.999999999999999e-02	0.000000e+00	-1.376567e-01
7.000000099999999e-02	2.000000e+00	1.862342e+00
7.000001699999998e-02	2.000000e+00	1.862342e+00
7.000003187176433e-02	2.000000e+00	1.862342e+00
7.000004613350934e-02	2.000000e+00	1.862342e+00
7.000007465699935e-02	2.000000e+00	1.862342e+00
7.000012769944722e-02	2.000000e+00	1.862341e+00
7.000019028507423e-02	2.000000e+00	1.862341e+00
7.000026890996984e-02	2.000000e+00	1.862341e+00
7.000036950025836e-02	2.000000e+00	1.862340e+00
7.000052610974182e-02	2.000000e+00	1.862340e+00
7.000080277363913e-02	2.000000e+00	1.862339e+00
7.000135610143374e-02	2.000000e+00	1.862337e+00
7.000246275702296e-02	2.000000e+00	1.862332e+00
7.000467606820139e-02	2.000000e+00	1.862323e+00
7.000910269055827e-02	2.000000e+00	1.862306e+00
7.001795593527201e-02	2.000000e+00	1.862271e+00
7.003566242469948e-02	2.000000e+00	1.862201e+00
7.007107540355445e-02	2.000000e+00	1.862060e+00
7.014190136126437e-02	2.000000e+00	1.861780e+00
7.020943305193847e-02	2.000000e+00	1.861512e+00
7.025057482063421e-02	2.000000e+00	1.861349e+00
7.028293202259281e-02	2.000000e+00	1.861221e+00
7.031503737569018e-02	2.000000e+00	1.861094e+00
7.034824064282541e-02	2.000000e+00	1.860963e+00
7.041449170862750e-02	2.000000e+00	1.860700e+00
7.048344741809265e-02	2.000000e+00	1.860427e+00
7.057140914547695e-02	2.000000e+00	1.860079e+00
7.070355454352382e-02	2.000000e+00	1.859556e+00
7.089886704352383e-02	2.000000e+00	1.858784e+00
7.109417954352383e-02	2.000000e+00	1.858011e+00
7.128949204352383e-02	2.000000e+00	1.857239e+00
7.148480454352384e-02	2.000000e+00	1.856468e+00
7.168011704352384e-02	2.000000e+00	1.855696e+00
7.187542954352384e-02	2.000000e+00	1.854925e+00
7.203153776992628e-02	2.000000e+00	1.854309e+00
7.212890200913905e-02	2.000000e+00	1.853925e+00
7.222391722123260e-02	2.000000e+00	1.853551e+00
7.229451347436169e-02	2.000000e+00	1.853272e+00
7.237466383441608e-02	2.000000e+00	1.852956e+00
7.246509212567116e-02	2.000000e+00	1.852600e+00
7.259271199707386e-02	2.000000e+00	1.852097e+00
7.267201748131426e-02	2.000000e+00	1.851784e+00
7.275505216958501e-02	2.000000e+00	1.851457e+00
7.284363066140209e-02	2.000000e+00	1.851108e+00
7.294817755813048e-02	2.000000e+00	1.850697e+00
7.302897822294063e-02	2.000000e+00	1.850378e+00
7.311736678221918e-02	2.000000e+00	1.850030e+00
7.320583667634920e-02	2.000000e+00	1.849682e+00
7.331257672222107e-02	2.000000e+00	1.849262e+00
7.347455181466740e-02	2.000000e+00	1.848625e+00
7.366986431466740e-02	2.000000e+00	1.847857e+00
7.386517681466741e-02	2.000000e+00	1.847089e+00
7.406048931466741e-02	2.000000e+00	1.846322e+00
7.425580181466741e-02	2.000000e+00	1.845555e+00
7.445111431466742e-02	2.000000e+00	1.844788e+00
7.464642681466742e-02	2.000000e+00	1.844021e+00
7.472829739169334e-02	2.000000e+00	1.843700e+00
7.476304218625089e-02	2.000000e+00	1.843564e+00
7.477716182024688e-02	2.000000e+00	1.843509e+00
7.479925792407131e-02	2.000000e+00	1.843422e+00
7.481974398526911e-02	2.000000e+00	1.843342e+00
7.484401526135502e-02	2.000000e+00	1.843246e+00
7.487950844254283e-02	2.000000e+00	1.843107e+00
7.491629055170415e-02	2.000000e+00	1.842963e+00
7.498553020745942e-02	2.000000e+00	1.842691e+00
7.500000100000001e-02	2.000000e+00	1.842635e+00
7.500000200000001e-02	0.000000e+00	-1.573638e-01
7.500001800000000e-02	0.000000e+00	-1.573639e-01
7.500003074192634e-02	0.000000e+00	-1.573639e-01
7.500004290334941e-02	0.000000e+00	-1.573640e-01
7.500006722619558e-02	0.000000e+00	-1.573639e-01
7.500011587188790e-02	0.000000e+00	-1.573643e-01
7.500019905302761e-02	0.000000e+00	-1.573647e-01
7.500030427578387e-02	0.000000e+00	-1.573647e-01
7.500045432051057e-02	0.000000e+00	-1.573647e-01
7.500069699891325e-02	0.000000e+00	-1.573648e-01
7.500118235571862e-02	0.000000e+00	-1.573648e-01
7.500215306932935e-02	0.000000e+00	-1.573649e-01
7.500409449655082e-02	0.000000e+00	-1.573647e-01
7.500797735099375e-02	0.000000e+00	-1.573639e-01
7.501574305987961e-02	0.000000e+00	-1.573620e-01
7.503127447765134e-02	0.000000e+00	-1.573576e-01
7.506233731319480e-02	0.000000e+00	-1.573486e-01
7.512446298428171e-02	0.000000e+00	-1.573300e-01
7.518353014736825e-02	0.000000e+00	-1.573121e-01
7.523499461420172e-02	0.000000e+00	-1.572951e-01
7.526644957118611e-02	0.000000e+00	-1.572846e-01
7.529590657026933e-02	0.000000e+00	-1.572748e-01
7.532631500181591e-02	0.000000e+00	-1.572645e-01
7.536659534074740e-02	0.000000e+00	-1.572511e-01
7.543179033738019e-02	0.000000e+00	-1.572292e-01
7.550055090217746e-02	0.000000e+00	-1.572063e-01
7.559628866054138e-02	0.000000e+00	-1.571742e-01
7.575970575063184e-02	0.000000e+00	-1.571196e-01
7.595501825063185e-02	0.000000e+00	-1.570542e-01
7.615033075063185e-02	0.000000e+00	-1.569895e-01
7.634564325063185e-02	0.000000e+00	-1.569248e-01
7.654095575063186e-02	0.000000e+00	-1.568602e-01
7.673626825063186e-02	0.000000e+00	-1.567955e-01
7.693158075063186e-02	0.000000e+00	-1.567303e-01
7.712689325063186e-02	0.000000e+00	-1.566651e-01
7.732220575063187e-02	0.000000e+00	-1.566001e-01
7.751751825063187e-02	0.000000e+00	-1.565349e-01
7.767852506987137e-02	0.000000e+00	-1.564813e-01
7.787383756987137e-02	0.000000e+00	-1.564162e-01
7.806915006987138e-02	0.000000e+00	-1.563513e-01
7.826446256987138e-02	0.000000e+00	-1.562862e-01
7.845977506987138e-02	0.000000e+00	-1.562219e-01
7.865508756987138e-02	0.000000e+00	-1.561574e-01
7.885040006987139e-02	0.000000e+00	-1.560931e-01
7.904571256987139e-02	0.000000e+00	-1.560287e-01
7.924102506987139e-02	0.000000e+00	-1.559645e-01
7.943633756987140e-02	0.000000e+00	-1.559001e-01
7.963165006987140e-02	0.000000e+00	-1.558354e-01
7.971677023384363e-02	0.000000e+00	-1.558071e-01
7.975491657095278e-02	0.000000e+00	-1.557945e-01
7.977105470608743e-02	0.000000e+00	-1.557891e-01
7.978778595770412e-02	0.000000e+00	-1.557837e-01
7.980739883606326e-02	0.000000e+00	-1.557772e-01
7.983452548022470e-02	0.000000e+00	-1.557685e-01
7.985943266238629e-02	0.000000e+00	-1.557604e-01
7.990131466060989e-02	0.000000e+00	-1.557473e-01
7.996204572204932e-02	0.000000e+00	-1.557281e-01
8.000000000000000e-02	0.000000e+00	-1.557156e-01
8.000000100000000e-02	2.000000e+00	1.844283e+00
8.000001699999999e-02	2.000000e+00	1.844283e+00
8.000003169617041e-02	2.000000e+00	1.844283e+00
8.000004578455559e-02	2.000000e+00	1.844283e+00
8.000007396132594e-02	2.000000e+00	1.844283e+00
8.000013031486665e-02	2.000000e+00	1.844282e+00
8.000022375785935e-02	2.000000e+00	1.844282e+00
8.000035254952033e-02	2.000000e+00	1.844282e+00
8.000054891781821e-02	2.000000e+00	1.844281e+00
8.000090711013781e-02	2.000000e+00	1.844279e+00
8.000162349477702e-02	2.000000e+00	1.844277e+00
8.000305626405542e-02	2.000000e+00	1.844271e+00
8.000592180261223e-02	2.000000e+00	1.844260e+00
8.001165287972586e-02	2.000000e+00	1.844237e+00
8.002311503395311e-02	2.000000e+00	1.844192e+00
8.004603934240762e-02	2.000000e+00	1.844102e+00
8.009188795931661e-02	2.000000e+00	1.843922e+00
8.018358519313461e-02	2.000000e+00	1.843563e+00
8.023611146876705e-02	2.000000e+00	1.843357e+00
8.027549696481946e-02	2.000000e+00	1.843202e+00
8.030744842698451e-02	2.000000e+00	1.843077e+00
8.034001769400606e-02	2.000000e+00	1.842949e+00
8.039013337142112e-02	2.000000e+00	1.842753e+00
8.046186055403283e-02	2.000000e+00	1.842471e+00
8.053672349688776e-02	2.000000e+00	1.842178e+00
8.065297720602123e-02	2.000000e+00	1.841722e+00
8.084828970602123e-02	2.000000e+00	1.840957e+00
8.104360220602123e-02	2.000000e+00	1.840192e+00
8.123891470602124e-02	2.000000e+00	1.839428e+00
8.143422720602124e-02	2.000000e+00	1.838663e+00
8.162953970602124e-02	2.000000e+00	1.837900e+00
8.182485220602125e-02	2.000000e+00	1.837136e+00
8.202016470602125e-02	2.000000e+00	1.836373e+00
8.212052214470641e-02	2.000000e+00	1.835981e+00
8.221955715109266e-02	2.000000e+00	1.835594e+00
8.231264657006017e-02	2.000000e+00	1.835230e+00
8.239334787767472e-02	2.000000e+00	1.834915e+00
8.248736581744517e-02	2.000000e+00	1.834548e+00
8.260058262761436e-02	2.000000e+00	1.834106e+00
8.267263307495296e-02	2.000000e+00	1.833825e+00
8.275123339401329e-02	2.000000e+00	1.833519e+00
8.283909339793982e-02	2.000000e+00	1.833176e+00
8.293330564238452e-02	2.000000e+00	1.832808e+00
8.301459447116738e-02	2.000000e+00	1.832491e+00
8.310665093432129e-02	2.000000e+00	1.832133e+00
8.319300754793763e-02	2.000000e+00	1.831796e+00
8.329191374800271e-02	2.000000e+00	1.831411e+00
8.343762125066259e-02	2.000000e+00	1.830843e+00
8.363293375066259e-02	2.000000e+00	1.830082e+00
8.382824625066260e-02	2.000000e+00	1.829322e+00
8.402355875066260e-02	2.000000e+00	1.828562e+00
8.421887125066260e-02	2.000000e+00	1.827802e+00
8.441418375066261e-02	2.000000e+00	1.827043e+00
8.460949625066261e-02	2.000000e+00	1.826284e+00
8.470059340152723e-02	2.000000e+00	1.825930e+00
8.474401353254260e-02	2.000000e+00	1.825761e+00
8.476520750874113e-02	2.000000e+00	1.825679e+00
8.478199326309956e-02	2.000000e+00	1.825613e+00
8.480026988648307e-02	2.000000e+00	1.825542e+00
8.482780855215605e-02	2.000000e+00	1.825435e+00
8.485349659865887e-02	2.000000e+00	1.825336e+00
8.490423993890890e-02	2.000000e+00	1.825139e+00
8.497141671327359e-02	2.000000e+00	1.824878e+00
8.500000100000001e-02	2.000000e+00	1.824767e+00
8.500000200000001e-02	0.000000e+00	-1.752317e-01
8.500001800000000e-02	0.000000e+00	-1.752318e-01
8.500003057718257e-02	0.000000e+00	-1.752318e-01
8.500004257803741e-02	0.000000e+00	-1.752319e-01
8.500006657974707e-02	0.000000e+00	-1.752319e-01
8.500011458316641e-02	0.000000e+00	-1.752323e-01
8.500018959632090e-02	0.000000e+00	-1.752329e-01
8.500028948905942e-02	0.000000e+00	-1.752330e-01
8.500043191959226e-02	0.000000e+00	-1.752330e-01
8.500066475315522e-02	0.000000e+00	-1.752331e-01
8.500113042028114e-02	0.000000e+00	-1.752333e-01
8.500206175453297e-02	0.000000e+00	-1.752334e-01
8.500392442303663e-02	0.000000e+00	-1.752335e-01
8.500764976004396e-02	0.000000e+00	-1.752327e-01
8.501510043405862e-02	0.000000e+00	-1.752310e-01
8.503000178208793e-02	0.000000e+00	-1.752265e-01
8.505980447814657e-02	0.000000e+00	-1.752174e-01
8.511940987026384e-02	0.000000e+00	-1.751982e-01
8.521502107766460e-02	0.000000e+00	-1.751672e-01
8.527606386728154e-02	0.000000e+00	-1.751445e-01
8.531321059324767e-02	0.000000e+00	-1.751306e-01
8.535123561015240e-02	0.000000e+00	-1.751165e-01
8.540402639606419e-02	0.000000e+00	-1.750968e-01
8.547930791969031e-02	0.000000e+00	-1.750688e-01
8.556077485776137e-02	0.000000e+00	-1.750383e-01
8.569173714323419e-02	0.000000e+00	-1.749896e-01
8.588704964323420e-02	0.000000e+00	-1.749168e-01
8.608236214323420e-02	0.000000e+00	-1.748441e-01
8.627767464323420e-02	0.000000e+00	-1.747714e-01
8.647298714323420e-02	0.000000e+00	-1.746996e-01
8.666829964323421e-02	0.000000e+00	-1.746278e-01
8.686361214323421e-02	0.000000e+00	-1.745552e-01
8.705892464323421e-02	0.000000e+00	-1.744826e-01
8.725423714323421e-02	0.000000e+00	-1.744101e-01
8.744954964323422e-02	0.000000e+00	-1.743375e-01
8.763124322892503e-02	0.000000e+00	-1.742702e-01
8.782655572892503e-02	0.000000e+00	-1.741977e-01
8.802186822892503e-02	0.000000e+00	-1.741253e-01
8.821718072892504e-02	0.000000e+00	-1.740528e-01
8.841249322892504e-02	0.000000e+00	-1.739813e-01
8.860780572892504e-02	0.000000e+00	-1.739098e-01
8.880311822892505e-02	0.000000e+00	-1.738383e-01
8.899843072892505e-02	0.000000e+00	-1.737668e-01
8.919374322892505e-02	0.000000e+00	-1.736955e-01
8.938905572892505e-02	0.000000e+00	-1.736240e-01
8.958436822892506e-02	0.000000e+00	-1.735519e-01
8.968217711791693e-02	0.000000e+00	-1.735157e-01
8.973388064268802e-02	0.000000e+00	-1.734966e-01
8.977089256845468e-02	0.000000e+00	-1.734829e-01
8.978980904430529e-02	0.000000e+00	-1.734760e-01
8.980748617500206e-02	0.000000e+00	-1.734694e-01
8.983323962610272e-02	0.000000e+00	-1.734604e-01
8.986517210728220e-02	0.000000e+00	-1.734490e-01
8.992903706964116e-02	0.000000e+00	-1.734285e-01
9.000000000000000e-02	0.000000e+00	-1.734056e-01
9.000000100000000e-02	2.000000e+00	1.826593e+00
9.000001699999999e-02	2.000000e+00	1.826593e+00
9.000002828382010e-02	2.000000e+00	1.826593e+00
9.000003903225658e-02	2.000000e+00	1.826593e+00
9.000006052912951e-02	2.000000e+00	1.826593e+00
9.000010352287538e-02	2.000000e+00	1.826593e+00
9.000018951036712e-02	2.000000e+00	1.826592e+00
9.000030427847391e-02	2.000000e+00	1.826592e+00
9.000047214141840e-02	2.000000e+00	1.826591e+00
9.000074387243436e-02	2.000000e+00	1.826590e+00
9.000128733446626e-02	2.000000e+00	1.826588e+00
9.000237425853005e-02	2.000000e+00	1.826584e+00
9.000454810665764e-02	2.000000e+00	1.826575e+00
9.000889580291282e-02	2.000000e+00	1.826558e+00
9.001759119542319e-02	2.000000e+00	1.826525e+00
9.003498198044392e-02	2.000000e+00	1.826457e+00
9.006976355048538e-02	2.000000e+00	1.826322e+00
9.013932669056829e-02	2.000000e+00	1.826052e+00
9.022175951299273e-02	2.000000e+00	1.825731e+00
9.026315222950568e-02	2.000000e+00	1.825571e+00
9.029872666878917e-02	2.000000e+00	1.825432e+00
9.033298655499290e-02	2.000000e+00	1.825299e+00
9.037418968321938e-02	2.000000e+00	1.825139e+00
9.044063244144517e-02	2.000000e+00	1.824881e+00
9.051034313363601e-02	2.000000e+00	1.824611e+00
9.061338241714070e-02	2.000000e+00	1.824211e+00
9.078786400247497e-02	2.000000e+00	1.823534e+00
9.098317650247498e-02	2.000000e+00	1.822776e+00
9.117848900247498e-02	2.000000e+00	1.822019e+00
9.137380150247498e-02	2.000000e+00	1.821262e+00
9.156911400247499e-02	2.000000e+00	1.820505e+00
9.176442650247499e-02	2.000000e+00	1.819749e+00
9.195973900247499e-02	2.000000e+00	1.818992e+00
9.210922338998140e-02	2.000000e+00	1.818414e+00
9.223543978892065e-02	2.000000e+00	1.817926e+00
9.235878410723083e-02	2.000000e+00	1.817449e+00
9.244152271276188e-02	2.000000e+00	1.817129e+00
9.253981782366852e-02	2.000000e+00	1.816749e+00
9.263141703694767e-02	2.000000e+00	1.816395e+00
9.270554092538567e-02	2.000000e+00	1.816108e+00
9.278589778462784e-02	2.000000e+00	1.815798e+00
9.287139408492012e-02	2.000000e+00	1.815468e+00
9.298740201058384e-02	2.000000e+00	1.815020e+00
9.308700490629664e-02	2.000000e+00	1.814635e+00
9.318518212584284e-02	2.000000e+00	1.814256e+00
9.328662244818868e-02	2.000000e+00	1.813864e+00
9.343664818339577e-02	2.000000e+00	1.813286e+00
9.363196068339577e-02	2.000000e+00	1.812532e+00
9.382727318339577e-02	2.000000e+00	1.811779e+00
9.402258568339578e-02	2.000000e+00	1.811026e+00
9.421789818339578e-02	2.000000e+00	1.810274e+00
9.441321068339578e-02	2.000000e+00	1.809522e+00
9.460852318339578e-02	2.000000e+00	1.808770e+00
9.469601651652602e-02	2.000000e+00	1.808433e+00
9.474353718899152e-02	2.000000e+00	1.808251e+00
9.476977158120028e-02	2.000000e+00	1.808150e+00
9.478972161041725e-02	2.000000e+00	1.808073e+00
9.480904440397540e-02	2.000000e+00	1.807999e+00
9.483943465616335e-02	2.000000e+00	1.807882e+00
9.487612840830935e-02	2.000000e+00	1.807740e+00
9.494951591260134e-02	2.000000e+00	1.807458e+00
9.500000100000000e-02	2.000000e+00	1.807264e+00
9.500000200000000e-02	0.000000e+00	-1.927345e-01
9.500001799999999e-02	0.000000e+00	-1.927345e-01
9.500003111713873e-02	0.000000e+00	-1.927345e-01
9.500004365699452e-02	0.000000e+00	-1.927345e-01
9.500006873670611e-02	0.000000e+00	-1.927346e-01
9.500011889612928e-02	0.000000e+00	-1.927345e-01
9.500021921497562e-02	0.000000e+00	-1.927351e-01
9.500035655585250e-02	0.000000e+00	-1.927358e-01
9.500056834187852e-02	0.000000e+00	-1.927360e-01
9.500094508975375e-02	0.000000e+00	-1.927361e-01
9.500169858550420e-02	0.000000e+00	-1.927365e-01
9.500320557700510e-02	0.000000e+00	-1.927370e-01
9.500621956000690e-02	0.000000e+00	-1.927366e-01
9.501224752601052e-02	0.000000e+00	-1.927356e-01
9.502430345801775e-02	0.000000e+00	-1.927320e-01
9.504841532203222e-02	0.000000e+00	-1.927247e-01
9.509663905006115e-02	0.000000e+00	-1.927086e-01
9.519308650611900e-02	0.000000e+00	-1.926762e-01
9.527072774471783e-02	0.000000e+00	-1.926444e-01
9.531089281817147e-02	0.000000e+00	-1.926279e-01
9.535079524792021e-02	0.000000e+00	-1.926116e-01
9.539972217900991e-02	0.000000e+00	-1.925914e-01
9.547903078313064e-02	0.000000e+00	-1.925590e-01
9.555918952123993e-02	0.000000e+00	-1.925260e-01
9.568698505152050e-02	0.000000e+00	-1.924737e-01
9.588229755152050e-02	0.000000e+00	-1.923936e-01
9.607761005152050e-02	0.000000e+00	-1.923136e-01
9.627292255152051e-02	0.000000e+00	-1.922337e-01
9.646823505152051e-02	0.000000e+00	-1.921550e-01
9.666354755152051e-02	0.000000e+00	-1.920763e-01
9.685886005152052e-02	0.000000e+00	-1.919966e-01
9.705417255152052e-02	0.000000e+00	-1.919167e-01
9.724948505152052e-02	0.000000e+00	-1.918369e-01
9.744479755152052e-02	0.000000e+00	-1.917571e-01
9.762947531880006e-02	0.000000e+00	-1.916817e-01
9.782478781880007e-02	0.000000e+00	-1.916020e-01
9.802010031880007e-02	0.000000e+00	-1.915223e-01
9.821541281880007e-02	0.000000e+00	-1.914426e-01
9.841072531880007e-02	0.000000e+00	-1.913643e-01
9.860603781880008e-02	0.000000e+00	-1.912859e-01
9.880135031880008e-02	0.000000e+00	-1.912076e-01
9.899666281880008e-02	0.000000e+00	-1.911293e-01
9.919197531880009e-02	0.000000e+00	-1.910511e-01
9.938728781880009e-02	0.000000e+00	-1.909727e-01
9.958260031880009e-02	0.000000e+00	-1.908934e-01
9.967748115823542e-02	0.000000e+00	-1.908547e-01
9.973268733247280e-02	0.000000e+00	-1.908324e-01
9.977803968134254e-02	0.000000e+00	-1.908139e-01
9.979972794955029e-02	0.000000e+00	-1.908051e-01
9.981998773039115e-02	0.000000e+00	-1.907968e-01
9.985072251630901e-02	0.000000e+00	-1.907852e-01
9.989779700400746e-02	0.000000e+00	-1.907673e-01
9.999194597940435e-02	0.000000e+00	-1.907353e-01
9.999999999999999e-02	0.000000e+00	-1.907324e-01
1.000000010000000e-01	2.000000e+00	1.809266e+00
1.000000170000000e-01	2.000000e+00	1.809266e+00
1.000000281336197e-01	2.000000e+00	1.809266e+00
1.000000387369869e-01	2.000000e+00	1.809266e+00
1.000000599437211e-01	2.000000e+00	1.809266e+00
1.000001023571896e-01	2.000000e+00	1.809266e+00
1.000001871841267e-01	2.000000e+00	1.809265e+00
1.000003455848476e-01	2.000000e+00	1.809265e+00
1.000005876169312e-01	2.000000e+00	1.809264e+00
1.000010443769301e-01	2.000000e+00	1.809262e+00
1.000019578969278e-01	2.000000e+00	1.809258e+00
1.000037849369233e-01	2.000000e+00	1.809252e+00
1.000074390169142e-01	2.000000e+00	1.809237e+00
1.000147471768960e-01	2.000000e+00	1.809209e+00
1.000293634968597e-01	2.000000e+00	1.809153e+00
1.000585961367872e-01	2.000000e+00	1.809041e+00
1.001170614166420e-01	2.000000e+00	1.808815e+00
1.002339919763516e-01	2.000000e+00	1.808366e+00
1.002963375377526e-01	2.000000e+00	1.808126e+00
1.003404722638396e-01	2.000000e+00	1.807956e+00
1.003843171453657e-01	2.000000e+00	1.807787e+00
1.004519563875539e-01	2.000000e+00	1.807527e+00
1.005227324709479e-01	2.000000e+00	1.807255e+00
1.006391687034357e-01	2.000000e+00	1.806807e+00
1.008234628785091e-01	2.000000e+00	1.806099e+00
1.010187753785091e-01	2.000000e+00	1.805349e+00
1.012140878785091e-01	2.000000e+00	1.804598e+00
1.014094003785092e-01	2.000000e+00	1.803849e+00
1.016047128785092e-01	2.000000e+00	1.803099e+00
1.018000253785092e-01	2.000000e+00	1.802350e+00
1.019953378785092e-01	2.000000e+00	1.801601e+00
1.021501157962744e-01	2.000000e+00	1.801008e+00
1.022990352193686e-01	2.000000e+00	1.800437e+00
1.023820434681672e-01	2.000000e+00	1.800120e+00
1.024676719816929e-01	2.000000e+00	1.799792e+00
1.025669875715682e-01	2.000000e+00	1.799411e+00
1.026430050193820e-01	2.000000e+00	1.799120e+00
1.027157547605118e-01	2.000000e+00	1.798842e+00
1.027962958423221e-01	2.000000e+00	1.798534e+00
1.028813488913924e-01	2.000000e+00	1.798208e+00
1.029973923666438e-01	2.000000e+00	1.797764e+00
1.030913730569270e-01	2.000000e+00	1.797405e+00
1.031842078354177e-01	2.000000e+00	1.797050e+00
1.032814773280195e-01	2.000000e+00	1.796678e+00
1.034249120425141e-01	2.000000e+00	1.796130e+00
1.036202245425141e-01	2.000000e+00	1.795384e+00
1.038155370425141e-01	2.000000e+00	1.794638e+00
1.040108495425141e-01	2.000000e+00	1.793892e+00
1.042061620425141e-01	2.000000e+00	1.793147e+00
1.044014745425141e-01	2.000000e+00	1.792402e+00
1.045967870425141e-01	2.000000e+00	1.791657e+00
1.046845643255036e-01	2.000000e+00	1.791322e+00
1.047376962060564e-01	2.000000e+00	1.791120e+00
1.047737822846934e-01	2.000000e+00	1.790982e+00
1.047964730222678e-01	2.000000e+00	1.790896e+00
1.048181103716767e-01	2.000000e+00	1.790813e+00
1.048517093460484e-01	2.000000e+00	1.790685e+00
1.049001995535981e-01	2.000000e+00	1.790501e+00
1.049971799686973e-01	2.000000e+00	1.790131e+00
1.050000010000000e-01	2.000000e+00	1.790121e+00
1.050000020000000e-01	0.000000e+00	-2.098781e-01
1.050000180000000e-01	0.000000e+00	-2.098780e-01
1.050000309653606e-01	0.000000e+00	-2.098781e-01
1.050000433570779e-01	0.000000e+00	-2.098781e-01
1.050000681405125e-01	0.000000e+00	-2.098782e-01
1.050001177073818e-01	0.000000e+00	-2.098781e-01
1.050002168411204e-01	0.000000e+00	-2.098789e-01
1.050003860236216e-01	0.000000e+00	-2.098802e-01
1.050006544675513e-01	0.000000e+00	-2.098805e-01
1.050011845939799e-01	0.000000e+00	-2.098808e-01
1.050022448468369e-01	0.000000e+00	-2.098813e-01
1.050043653525510e-01	0.000000e+00	-2.098821e-01
1.050086063639791e-01	0.000000e+00	-2.098815e-01
1.050170883868354e-01	0.000000e+00	-2.098801e-01
1.050340524325480e-01	0.000000e+00	-2.098749e-01
1.050679805239733e-01	0.000000e+00	-2.098644e-01
1.051358367068237e-01	0.000000e+00	-2.098412e-01
1.052280715807156e-01	0.000000e+00	-2.098095e-01
1.052885456829171e-01	0.000000e+00	-2.097825e-01
1.053285057871175e-01	0.000000e+00	-2.097646e-01
1.053684673801654e-01	0.000000e+00	-2.097468e-01
1.054334605391160e-01	0.000000e+00	-2.097177e-01
1.055015914772480e-01	0.000000e+00	-2.096873e-01
1.056015899143644e-01	0.000000e+00	-2.096426e-01
1.057615026575215e-01	0.000000e+00	-2.095712e-01
1.059568151575215e-01	0.000000e+00	-2.094840e-01
1.061521276575215e-01	0.000000e+00	-2.093987e-01
1.063474401575215e-01	0.000000e+00	-2.093134e-01
1.065427526575215e-01	0.000000e+00	-2.092283e-01
1.067380651575215e-01	0.000000e+00	-2.091429e-01
1.069333776575215e-01	0.000000e+00	-2.090560e-01
1.071286901575215e-01	0.000000e+00	-2.089690e-01
1.073240026575215e-01	0.000000e+00	-2.088821e-01
1.075193151575215e-01	0.000000e+00	-2.087951e-01
1.076814509310095e-01	0.000000e+00	-2.087231e-01
1.078767634310095e-01	0.000000e+00	-2.086361e-01
1.080720759310095e-01	0.000000e+00	-2.085494e-01
1.082673884310095e-01	0.000000e+00	-2.084626e-01
1.084627009310095e-01	0.000000e+00	-2.083777e-01
1.086580134310095e-01	0.000000e+00	-2.082928e-01
1.088533259310095e-01	0.000000e+00	-2.082080e-01
1.090486384310096e-01	0.000000e+00	-2.081231e-01
1.092439509310096e-01	0.000000e+00	-2.080384e-01
1.094392634310096e-01	0.000000e+00	-2.079536e-01
1.096345759310096e-01	0.000000e+00	-2.078671e-01
1.097092904837666e-01	0.000000e+00	-2.078340e-01
1.097582193158935e-01	0.000000e+00	-2.078124e-01
1.097816685678100e-01	0.000000e+00	-2.078019e-01
1.098060173041152e-01	0.000000e+00	-2.077915e-01
1.098307890162328e-01	0.000000e+00	-2.077808e-01
1.098732618310650e-01	0.000000e+00	-2.077644e-01
1.099375587656276e-01	0.000000e+00	-2.077395e-01
1.100000000000000e-01	0.000000e+00	-2.077125e-01
1.100000010000000e-01	2.000000e+00	1.792286e+00
1.100000170000000e-01	2.000000e+00	1.792286e+00
1.100000312305235e-01	2.000000e+00	1.792286e+00
1.100000448600707e-01	2.000000e+00	1.792286e+00
1.100000721191650e-01	2.000000e+00	1.792286e+00
1.100001266373537e-01	2.000000e+00	1.792286e+00
1.100002356737310e-01	2.000000e+00	1.792285e+00
1.100004537464856e-01	2.000000e+00	1.792284e+00
1.100008269695323e-01	2.000000e+00	1.792283e+00
1.100015734156257e-01	2.000000e+00	1.792280e+00
1.100030663078125e-01	2.000000e+00	1.792274e+00
1.100060520921860e-01	2.000000e+00	1.792263e+00
1.100120236609331e-01	2.000000e+00	1.792240e+00
1.100239667984274e-01	2.000000e+00	1.792195e+00
1.100478530734159e-01	2.000000e+00	1.792104e+00
1.100956256233930e-01	2.000000e+00	1.791921e+00
1.101911707233471e-01	2.000000e+00	1.791557e+00
1.102719465049369e-01	2.000000e+00	1.791249e+00
1.103130489880722e-01	2.000000e+00	1.791093e+00
1.103534299972396e-01	2.000000e+00	1.790939e+00
1.104040941240102e-01	2.000000e+00	1.790746e+00
1.104804907720270e-01	2.000000e+00	1.790455e+00
1.105633053460700e-01	2.000000e+00	1.790139e+00
1.106940350030314e-01	2.000000e+00	1.789641e+00
1.108893475030314e-01	2.000000e+00	1.788898e+00
1.110846600030314e-01	2.000000e+00	1.788154e+00
1.112799725030314e-01	2.000000e+00	1.787412e+00
1.114752850030314e-01	2.000000e+00	1.786669e+00
1.116705975030314e-01	2.000000e+00	1.785927e+00
1.118659100030314e-01	2.000000e+00	1.785185e+00
1.120612225030314e-01	2.000000e+00	1.784443e+00
1.121721075406205e-01	2.000000e+00	1.784022e+00
1.122783276085991e-01	2.000000e+00	1.783619e+00
1.123546095626549e-01	2.000000e+00	1.783329e+00
1.124378711267244e-01	2.000000e+00	1.783014e+00
1.125341644855063e-01	2.000000e+00	1.782648e+00
1.126634471281227e-01	2.000000e+00	1.782158e+00
1.127354750308871e-01	2.000000e+00	1.781885e+00
1.128126123347582e-01	2.000000e+00	1.781592e+00
1.128950563390633e-01	2.000000e+00	1.781280e+00
1.130087429780434e-01	2.000000e+00	1.780849e+00
1.130930276881222e-01	2.000000e+00	1.780530e+00
1.131781980188593e-01	2.000000e+00	1.780207e+00
1.132765853768739e-01	2.000000e+00	1.779835e+00
1.134164527721525e-01	2.000000e+00	1.779305e+00
1.136117652721525e-01	2.000000e+00	1.778566e+00
1.138070777721525e-01	2.000000e+00	1.777827e+00
1.140023902721525e-01	2.000000e+00	1.777088e+00
1.141977027721525e-01	2.000000e+00	1.776350e+00
1.143930152721526e-01	2.000000e+00	1.775612e+00
1.145883277721526e-01	2.000000e+00	1.774874e+00
1.147008757142938e-01	2.000000e+00	1.774449e+00
1.147412936226565e-01	2.000000e+00	1.774297e+00
1.147726488705054e-01	2.000000e+00	1.774178e+00
1.147878817839086e-01	2.000000e+00	1.774121e+00
1.148065012557904e-01	2.000000e+00	1.774050e+00
1.148354877222292e-01	2.000000e+00	1.773941e+00
1.148620490165321e-01	2.000000e+00	1.773841e+00
1.149151716051378e-01	2.000000e+00	1.773640e+00
1.149900411370920e-01	2.000000e+00	1.773358e+00
1.150000010000000e-01	2.000000e+00	1.773320e+00
1.150000020000000e-01	0.000000e+00	-2.266784e-01
1.150000180000000e-01	0.000000e+00	-2.266783e-01
1.150000334769236e-01	0.000000e+00	-2.266784e-01
1.150000483407869e-01	0.000000e+00	-2.266783e-01
1.150000780685137e-01	0.000000e+00	-2.266784e-01
1.150001375239671e-01	0.000000e+00	-2.266784e-01
1.150002301800206e-01	0.000000e+00	-2.266784e-01
1.150003579294281e-01	0.000000e+00	-2.266783e-01
1.150005513760803e-01	0.000000e+00	-2.266802e-01
1.150009094392143e-01	0.000000e+00	-2.266834e-01
1.150016255654822e-01	0.000000e+00	-2.266909e-01
1.150030578180181e-01	0.000000e+00	-2.267057e-01
1.150059223230899e-01	0.000000e+00	-2.267139e-01
1.150116513332334e-01	0.000000e+00	-2.267301e-01
1.150231093535205e-01	0.000000e+00	-2.267414e-01
1.150460253940948e-01	0.000000e+00	-2.267636e-01
1.150918574752432e-01	0.000000e+00	-2.267868e-01
1.151835216375401e-01	0.000000e+00	-2.268328e-01
1.152601424581016e-01	0.000000e+00	-2.267959e-01
1.153000402481529e-01	0.000000e+00	-2.267765e-01
1.153389115557515e-01	0.000000e+00	-2.267578e-01
1.153804940273725e-01	0.000000e+00	-2.267376e-01
1.154503621404675e-01	0.000000e+00	-2.267039e-01
1.155233216873639e-01	0.000000e+00	-2.266686e-01
1.156313073303777e-01	0.000000e+00	-2.266164e-01
1.158250385932934e-01	0.000000e+00	-2.265227e-01
1.160203510932934e-01	0.000000e+00	-2.264284e-01
1.162156635932934e-01	0.000000e+00	-2.263343e-01
1.164109760932934e-01	0.000000e+00	-2.262497e-01
1.166062885932934e-01	0.000000e+00	-2.261650e-01
1.168016010932934e-01	0.000000e+00	-2.260711e-01
1.169969135932934e-01	0.000000e+00	-2.259769e-01
1.171922260932934e-01	0.000000e+00	-2.258829e-01
1.173875385932934e-01	0.000000e+00	-2.257887e-01
1.175828510932934e-01	0.000000e+00	-2.256947e-01
1.177781635932934e-01	0.000000e+00	-2.256006e-01
1.179734760932934e-01	0.000000e+00	-2.255068e-01
1.181687885932934e-01	0.000000e+00	-2.254127e-01
1.183641010932934e-01	0.000000e+00	-2.253281e-01
1.185594135932934e-01	0.000000e+00	-2.252436e-01
1.187547260932934e-01	0.000000e+00	-2.251592e-01
1.189500385932934e-01	0.000000e+00	-2.250747e-01
1.191453510932934e-01	0.000000e+00	-2.249904e-01
1.193406635932934e-01	0.000000e+00	-2.249057e-01
1.195359760932934e-01	0.000000e+00	-2.248121e-01
1.196543812816679e-01	0.000000e+00	-2.247553e-01
1.197231203081018e-01	0.000000e+00	-2.247224e-01
1.197753843190057e-01	0.000000e+00	-2.246973e-01
1.197966412294757e-01	0.000000e+00	-2.246872e-01
1.198170208120847e-01	0.000000e+00	-2.246774e-01
1.198441108027959e-01	0.000000e+00	-2.246687e-01
1.198893183908764e-01	0.000000e+00	-2.246540e-01
1.199724949190912e-01	0.000000e+00	-2.246604e-01
1.200000000000000e-01	0.000000e+00	-2.246624e-01
1.200000010000000e-01	2.000000e+00	1.775336e+00
1.200000170000000e-01	2.000000e+00	1.775336e+00
1.200000302194559e-01	2.000000e+00	1.775336e+00
1.200000428490023e-01	2.000000e+00	1.775336e+00
1.200000681080951e-01	2.000000e+00	1.775336e+00
1.200001186262807e-01	2.000000e+00	1.775336e+00
1.200002196626519e-01	2.000000e+00	1.775335e+00
1.200004217353944e-01	2.000000e+00	1.775335e+00
1.200008258808792e-01	2.000000e+00	1.775333e+00
1.200016341718489e-01	2.000000e+00	1.775330e+00
1.200032507537883e-01	2.000000e+00	1.775324e+00
1.200064839176671e-01	2.000000e+00	1.775312e+00
1.200129502454246e-01	2.000000e+00	1.775287e+00
1.200258829009397e-01	2.000000e+00	1.775238e+00
1.200517482119699e-01	2.000000e+00	1.775141e+00
1.201034788340302e-01	2.000000e+00	1.774945e+00
1.202069400781510e-01	2.000000e+00	1.774554e+00
1.202698884934549e-01	2.000000e+00	1.774317e+00
1.203165501321648e-01	2.000000e+00	1.774141e+00
1.203610315552109e-01	2.000000e+00	1.773973e+00
1.204160167602214e-01	2.000000e+00	1.773765e+00
1.204941873938596e-01	2.000000e+00	1.773470e+00
1.205805518317632e-01	2.000000e+00	1.773144e+00
1.207297611797798e-01	2.000000e+00	1.772582e+00
1.209250736797798e-01	2.000000e+00	1.771845e+00
1.211203861797798e-01	2.000000e+00	1.771109e+00
1.213156986797798e-01	2.000000e+00	1.770373e+00
1.215110111797798e-01	2.000000e+00	1.769638e+00
1.217063236797798e-01	2.000000e+00	1.768902e+00
1.219016361797798e-01	2.000000e+00	1.768167e+00
1.220416897125521e-01	2.000000e+00	1.767641e+00
1.221727250163815e-01	2.000000e+00	1.767148e+00
1.222995987877882e-01	2.000000e+00	1.766671e+00
1.223755061683374e-01	2.000000e+00	1.766386e+00
1.224598335152412e-01	2.000000e+00	1.766069e+00
1.225582394926251e-01	2.000000e+00	1.765699e+00
1.226474736597763e-01	2.000000e+00	1.765364e+00
1.227183963530851e-01	2.000000e+00	1.765097e+00
1.227956867006926e-01	2.000000e+00	1.764807e+00
1.228793320848744e-01	2.000000e+00	1.764493e+00
1.229855930264214e-01	2.000000e+00	1.764094e+00
1.230767499092185e-01	2.000000e+00	1.763752e+00
1.231667573536303e-01	2.000000e+00	1.763414e+00
1.232555137447825e-01	2.000000e+00	1.763082e+00
1.233798503826114e-01	2.000000e+00	1.762615e+00
1.235751628826114e-01	2.000000e+00	1.761883e+00
1.237704753826114e-01	2.000000e+00	1.761151e+00
1.239657878826115e-01	2.000000e+00	1.760419e+00
1.241611003826115e-01	2.000000e+00	1.759688e+00
1.243564128826115e-01	2.000000e+00	1.758957e+00
1.245517253826115e-01	2.000000e+00	1.758226e+00
1.246590536047808e-01	2.000000e+00	1.757824e+00
1.247244691703084e-01	2.000000e+00	1.757580e+00
1.247899047640785e-01	2.000000e+00	1.757335e+00
1.248108616278303e-01	2.000000e+00	1.757257e+00
1.248317202427974e-01	2.000000e+00	1.757179e+00
1.248638507081851e-01	2.000000e+00	1.757059e+00
1.249256144464772e-01	2.000000e+00	1.756828e+00
1.250000010000000e-01	2.000000e+00	1.756550e+00
1.250000020000000e-01	0.000000e+00	-2.434489e-01
1.250000180000000e-01	0.000000e+00	-2.434490e-01
1.250000299086869e-01	0.000000e+00	-2.434489e-01
1.250000412591554e-01	0.000000e+00	-2.434490e-01
1.250000639600924e-01	0.000000e+00	-2.434489e-01
1.250001093619662e-01	0.000000e+00	-2.434490e-01
1.250002001657140e-01	0.000000e+00	-2.434489e-01
1.250003817732095e-01	0.000000e+00	-2.434489e-01
1.250007449882005e-01	0.000000e+00	-2.434487e-01
1.250014714181824e-01	0.000000e+00	-2.434501e-01
1.250029242781464e-01	0.000000e+00	-2.434526e-01
1.250058299980743e-01	0.000000e+00	-2.434533e-01
1.250116414379301e-01	0.000000e+00	-2.434544e-01
1.250232643176417e-01	0.000000e+00	-2.434521e-01
1.250465100770649e-01	0.000000e+00	-2.434472e-01
1.250930015959112e-01	0.000000e+00	-2.434330e-01
1.251859846336040e-01	0.000000e+00	-2.434044e-01
1.252639975183764e-01	0.000000e+00	-2.433641e-01
1.253041169180721e-01	0.000000e+00	-2.433432e-01
1.253434048948348e-01	0.000000e+00	-2.433228e-01
1.253873813424641e-01	0.000000e+00	-2.432999e-01
1.254593585528364e-01	0.000000e+00	-2.432626e-01
1.255346884950125e-01	0.000000e+00	-2.432235e-01
1.256491062281705e-01	0.000000e+00	-2.431642e-01
1.258444187281705e-01	0.000000e+00	-2.430628e-01
1.260397312281704e-01	0.000000e+00	-2.429616e-01
1.262350437281704e-01	0.000000e+00	-2.428605e-01
1.264303562281704e-01	0.000000e+00	-2.427633e-01
1.266256687281704e-01	0.000000e+00	-2.426660e-01
1.268209812281704e-01	0.000000e+00	-2.425652e-01
1.270162937281704e-01	0.000000e+00	-2.424641e-01
1.272116062281704e-01	0.000000e+00	-2.423631e-01
1.274069187281704e-01	0.000000e+00	-2.422621e-01
1.276022312281704e-01	0.000000e+00	-2.421612e-01
1.277975437281703e-01	0.000000e+00	-2.420602e-01
1.279928562281703e-01	0.000000e+00	-2.419594e-01
1.281881687281703e-01	0.000000e+00	-2.418586e-01
1.283834812281703e-01	0.000000e+00	-2.417615e-01
1.285787937281703e-01	0.000000e+00	-2.416645e-01
1.287741062281703e-01	0.000000e+00	-2.415677e-01
1.289694187281703e-01	0.000000e+00	-2.414708e-01
1.291647312281703e-01	0.000000e+00	-2.413741e-01
1.293600437281703e-01	0.000000e+00	-2.412770e-01
1.295553562281702e-01	0.000000e+00	-2.411765e-01
1.296609713996196e-01	0.000000e+00	-2.411221e-01
1.297251875833710e-01	0.000000e+00	-2.410892e-01
1.297893331239217e-01	0.000000e+00	-2.410561e-01
1.298105646569939e-01	0.000000e+00	-2.410453e-01
1.298316431045533e-01	0.000000e+00	-2.410344e-01
1.298642029457089e-01	0.000000e+00	-2.410203e-01
1.299268720396234e-01	0.000000e+00	-2.409930e-01
1.300000000000000e-01	0.000000e+00	-2.409577e-01
1.300000010000000e-01	2.000000e+00	1.759041e+00
1.300000170000000e-01	2.000000e+00	1.759041e+00
1.300000308515880e-01	2.000000e+00	1.759041e+00
1.300000441086810e-01	2.000000e+00	1.759041e+00
1.300000706228671e-01	2.000000e+00	1.759041e+00
1.300001236512393e-01	2.000000e+00	1.759040e+00
1.300002297079836e-01	2.000000e+00	1.759040e+00
1.300004418214722e-01	2.000000e+00	1.759039e+00
1.300008660484495e-01	2.000000e+00	1.759038e+00
1.300017145024040e-01	2.000000e+00	1.759034e+00
1.300034114103131e-01	2.000000e+00	1.759028e+00
1.300068052261312e-01	2.000000e+00	1.759015e+00
1.300135928577675e-01	2.000000e+00	1.758990e+00
1.300271681210400e-01	2.000000e+00	1.758939e+00
1.300543186475850e-01	2.000000e+00	1.758838e+00
1.301086197006751e-01	2.000000e+00	1.758634e+00
1.302172218068553e-01	2.000000e+00	1.758228e+00
1.302842032241870e-01	2.000000e+00	1.757977e+00
1.303252434609204e-01	2.000000e+00	1.757824e+00
1.303660924619885e-01	2.000000e+00	1.757671e+00
1.304359894995459e-01	2.000000e+00	1.757410e+00
1.305022705534440e-01	2.000000e+00	1.757162e+00
1.306087362338840e-01	2.000000e+00	1.756764e+00
1.307582200842874e-01	2.000000e+00	1.756205e+00
1.309535325842874e-01	2.000000e+00	1.755476e+00
1.311488450842874e-01	2.000000e+00	1.754746e+00
1.313441575842874e-01	2.000000e+00	1.754017e+00
1.315394700842874e-01	2.000000e+00	1.753289e+00
1.317347825842874e-01	2.000000e+00	1.752560e+00
1.319300950842874e-01	2.000000e+00	1.751832e+00
1.320919727574484e-01	2.000000e+00	1.751229e+00
1.322038385990029e-01	2.000000e+00	1.750812e+00
1.323127704415470e-01	2.000000e+00	1.750406e+00
1.323836587446370e-01	2.000000e+00	1.750142e+00
1.324713812486979e-01	2.000000e+00	1.749816e+00
1.325692027316021e-01	2.000000e+00	1.749451e+00
1.326487915758993e-01	2.000000e+00	1.749155e+00
1.327189074046827e-01	2.000000e+00	1.748894e+00
1.327963316030762e-01	2.000000e+00	1.748606e+00
1.328800334281341e-01	2.000000e+00	1.748295e+00
1.329751094574784e-01	2.000000e+00	1.747941e+00
1.330614869567955e-01	2.000000e+00	1.747620e+00
1.331517925791489e-01	2.000000e+00	1.747284e+00
1.332477020571944e-01	2.000000e+00	1.746928e+00
1.333729460376297e-01	2.000000e+00	1.746462e+00
1.335682585376297e-01	2.000000e+00	1.745737e+00
1.337635710376297e-01	2.000000e+00	1.745011e+00
1.339588835376297e-01	2.000000e+00	1.744286e+00
1.341541960376297e-01	2.000000e+00	1.743562e+00
1.343495085376297e-01	2.000000e+00	1.742837e+00
1.345448210376297e-01	2.000000e+00	1.742113e+00
1.346799631287205e-01	2.000000e+00	1.741612e+00
1.347264169343463e-01	2.000000e+00	1.741440e+00
1.347757882239412e-01	2.000000e+00	1.741257e+00
1.347898498096622e-01	2.000000e+00	1.741205e+00
1.348089157469070e-01	2.000000e+00	1.741135e+00
1.348336293513190e-01	2.000000e+00	1.741043e+00
1.348576974731049e-01	2.000000e+00	1.740954e+00
1.349058337166769e-01	2.000000e+00	1.740776e+00
1.349678047492376e-01	2.000000e+00	1.740546e+00
1.350000010000000e-01	2.000000e+00	1.740427e+00
1.350000020000000e-01	0.000000e+00	-2.595718e-01
1.350000180000000e-01	0.000000e+00	-2.595717e-01
1.350000331201848e-01	0.000000e+00	-2.595718e-01
1.350000476318162e-01	0.000000e+00	-2.595717e-01
1.350000766550790e-01	0.000000e+00	-2.595718e-01
1.350001347016045e-01	0.000000e+00	-2.595717e-01
1.350002198239297e-01	0.000000e+00	-2.595718e-01
1.350003360810226e-01	0.000000e+00	-2.595717e-01
1.350005068590438e-01	0.000000e+00	-2.595717e-01
1.350008127079179e-01	0.000000e+00	-2.595715e-01
1.350014244056661e-01	0.000000e+00	-2.595713e-01
1.350026478011626e-01	0.000000e+00	-2.595706e-01
1.350050945921556e-01	0.000000e+00	-2.595874e-01
1.350099881741415e-01	0.000000e+00	-2.596207e-01
1.350197753381134e-01	0.000000e+00	-2.596454e-01
1.350393496660572e-01	0.000000e+00	-2.596945e-01
1.350784983219448e-01	0.000000e+00	-2.597511e-01
1.351567956337199e-01	0.000000e+00	-2.598637e-01
1.352316639031470e-01	0.000000e+00	-2.598297e-01
1.352743649312556e-01	0.000000e+00	-2.598100e-01
1.353098836408878e-01	0.000000e+00	-2.597904e-01
1.353446431620255e-01	0.000000e+00	-2.597710e-01
1.353966692993858e-01	0.000000e+00	-2.597422e-01
1.354797557978251e-01	0.000000e+00	-2.596959e-01
1.355558886173107e-01	0.000000e+00	-2.596537e-01
1.356818579327057e-01	0.000000e+00	-2.595837e-01
1.358771704327057e-01	0.000000e+00	-2.594754e-01
1.360724829327057e-01	0.000000e+00	-2.593669e-01
1.362677954327057e-01	0.000000e+00	-2.592784e-01
1.364631079327057e-01	0.000000e+00	-2.591904e-01
1.366584204327057e-01	0.000000e+00	-2.591025e-01
1.368537329327056e-01	0.000000e+00	-2.590139e-01
1.370490454327056e-01	0.000000e+00	-2.589058e-01
1.372443579327056e-01	0.000000e+00	-2.587976e-01
1.374396704327056e-01	0.000000e+00	-2.586896e-01
1.376275675406730e-01	0.000000e+00	-2.585855e-01
1.378228800406730e-01	0.000000e+00	-2.584777e-01
1.380181925406730e-01	0.000000e+00	-2.583696e-01
1.382135050406730e-01	0.000000e+00	-2.582618e-01
1.384088175406729e-01	0.000000e+00	-2.581544e-01
1.386041300406729e-01	0.000000e+00	-2.580664e-01
1.387994425406729e-01	0.000000e+00	-2.579781e-01
1.389947550406729e-01	0.000000e+00	-2.578901e-01
1.391900675406729e-01	0.000000e+00	-2.578019e-01
1.393853800406729e-01	0.000000e+00	-2.576948e-01
1.395806925406729e-01	0.000000e+00	-2.575871e-01
1.396926239871171e-01	0.000000e+00	-2.575256e-01
1.397320606734601e-01	0.000000e+00	-2.575038e-01
1.397752809247103e-01	0.000000e+00	-2.574801e-01
1.397875869198104e-01	0.000000e+00	-2.574732e-01
1.398079452376494e-01	0.000000e+00	-2.574621e-01
1.398325441353450e-01	0.000000e+00	-2.574485e-01
1.398555875926647e-01	0.000000e+00	-2.574385e-01
1.399016745073042e-01	0.000000e+00	-2.574180e-01
1.399542634881908e-01	0.000000e+00	-2.573979e-01
1.400000000000000e-01	0.000000e+00	-2.573802e-01
1.400000010000000e-01	2.000000e+00	1.742618e+00
1.400000170000000e-01	2.000000e+00	1.742618e+00
1.400000298199512e-01	2.000000e+00	1.742618e+00
1.400000420594254e-01	2.000000e+00	1.742618e+00
1.400000665383737e-01	2.000000e+00	1.742618e+00
1.400001154962703e-01	2.000000e+00	1.742618e+00
1.400001920519520e-01	2.000000e+00	1.742618e+00
1.400002940334999e-01	2.000000e+00	1.742617e+00
1.400004401822253e-01	2.000000e+00	1.742617e+00
1.400006812609048e-01	2.000000e+00	1.742616e+00
1.400011634182640e-01	2.000000e+00	1.742614e+00
1.400021277329822e-01	2.000000e+00	1.742610e+00
1.400040563624187e-01	2.000000e+00	1.742603e+00
1.400079136212916e-01	2.000000e+00	1.742589e+00
1.400156281390375e-01	2.000000e+00	1.742560e+00
1.400310571745292e-01	2.000000e+00	1.742503e+00
1.400619152455127e-01	2.000000e+00	1.742389e+00
1.401236313874797e-01	2.000000e+00	1.742160e+00
1.402259029000049e-01	2.000000e+00	1.741781e+00
1.402686591928247e-01	2.000000e+00	1.741622e+00
1.403055338381087e-01	2.000000e+00	1.741486e+00
1.403407784330760e-01	2.000000e+00	1.741355e+00
1.403876291483997e-01	2.000000e+00	1.741182e+00
1.404571068333016e-01	2.000000e+00	1.740924e+00
1.405303826448216e-01	2.000000e+00	1.740653e+00
1.406460860598804e-01	2.000000e+00	1.740224e+00
1.408413985598804e-01	2.000000e+00	1.739501e+00
1.410367110598804e-01	2.000000e+00	1.738779e+00
1.412320235598804e-01	2.000000e+00	1.738056e+00
1.414273360598804e-01	2.000000e+00	1.737334e+00
1.416226485598804e-01	2.000000e+00	1.736612e+00
1.418179610598803e-01	2.000000e+00	1.735891e+00
1.420132735598803e-01	2.000000e+00	1.735170e+00
1.421664707738984e-01	2.000000e+00	1.734604e+00
1.423130522363492e-01	2.000000e+00	1.734063e+00
1.423931817317026e-01	2.000000e+00	1.733768e+00
1.424778279919843e-01	2.000000e+00	1.733455e+00
1.425783867164306e-01	2.000000e+00	1.733085e+00
1.426555409660906e-01	2.000000e+00	1.732800e+00
1.427257220430888e-01	2.000000e+00	1.732541e+00
1.428033414982652e-01	2.000000e+00	1.732255e+00
1.428866399183186e-01	2.000000e+00	1.731948e+00
1.429949065883663e-01	2.000000e+00	1.731549e+00
1.430844800427693e-01	2.000000e+00	1.731219e+00
1.431729829820225e-01	2.000000e+00	1.730893e+00
1.432626339058601e-01	2.000000e+00	1.730563e+00
1.433901460158744e-01	2.000000e+00	1.730094e+00
1.435854585158744e-01	2.000000e+00	1.729375e+00
1.437807710158744e-01	2.000000e+00	1.728657e+00
1.439760835158744e-01	2.000000e+00	1.727938e+00
1.441713960158744e-01	2.000000e+00	1.727220e+00
1.443667085158744e-01	2.000000e+00	1.726503e+00
1.445620210158743e-01	2.000000e+00	1.725785e+00
1.446682935637312e-01	2.000000e+00	1.725395e+00
1.447273172161440e-01	2.000000e+00	1.725179e+00
1.447861612143952e-01	2.000000e+00	1.724963e+00
1.448039016852231e-01	2.000000e+00	1.724898e+00
1.448215162201460e-01	2.000000e+00	1.724833e+00
1.448480711583316e-01	2.000000e+00	1.724735e+00
1.448896418523096e-01	2.000000e+00	1.724583e+00
1.449727832402657e-01	2.000000e+00	1.724278e+00
1.450000010000000e-01	2.000000e+00	1.724178e+00
1.450000020000000e-01	0.000000e+00	-2.758206e-01
1.450000180000000e-01	0.000000e+00	-2.758205e-01
1.450000329199911e-01	0.000000e+00	-2.758206e-01
1.450000472346263e-01	0.000000e+00	-2.758205e-01
1.450000758638967e-01	0.000000e+00	-2.758207e-01
1.450001331224373e-01	0.000000e+00	-2.758206e-01
1.450002476395187e-01	0.000000e+00	-2.758207e-01
1.450004242593851e-01	0.000000e+00	-2.758205e-01
1.450007147157322e-01	0.000000e+00	-2.758206e-01
1.450012956284264e-01	0.000000e+00	-2.758201e-01
1.450024574538147e-01	0.000000e+00	-2.758197e-01
1.450047811045914e-01	0.000000e+00	-2.758182e-01
1.450094284061448e-01	0.000000e+00	-2.758453e-01
1.450187230092515e-01	0.000000e+00	-2.758991e-01
1.450373122154649e-01	0.000000e+00	-2.759493e-01
1.450744906278917e-01	0.000000e+00	-2.760493e-01
1.451488474527453e-01	0.000000e+00	-2.761928e-01
1.452023528309627e-01	0.000000e+00	-2.762958e-01
1.452565836958096e-01	0.000000e+00	-2.762641e-01
1.452877831753787e-01	0.000000e+00	-2.762455e-01
1.453213590742510e-01	0.000000e+00	-2.762257e-01
1.453564095681180e-01	0.000000e+00	-2.762049e-01
1.454265105558518e-01	0.000000e+00	-2.761635e-01
1.454943542931901e-01	0.000000e+00	-2.761232e-01
1.455889700879422e-01	0.000000e+00	-2.760673e-01
1.457342499249519e-01	0.000000e+00	-2.759812e-01
1.459295624249519e-01	0.000000e+00	-2.758658e-01
1.461248749249519e-01	0.000000e+00	-2.757510e-01
1.463201874249519e-01	0.000000e+00	-2.756647e-01
1.465154999249519e-01	0.000000e+00	-2.755783e-01
1.467108124249519e-01	0.000000e+00	-2.754638e-01
1.469061249249519e-01	0.000000e+00	-2.753484e-01
1.471014374249519e-01	0.000000e+00	-2.752333e-01
1.472967499249518e-01	0.000000e+00	-2.751180e-01
1.474920624249518e-01	0.000000e+00	-2.750030e-01
1.476470497297683e-01	0.000000e+00	-2.749115e-01
1.478423622297683e-01	0.000000e+00	-2.747965e-01
1.480376747297683e-01	0.000000e+00	-2.746814e-01
1.482329872297682e-01	0.000000e+00	-2.745666e-01
1.484282997297682e-01	0.000000e+00	-2.744523e-01
1.486236122297682e-01	0.000000e+00	-2.743657e-01
1.488189247297682e-01	0.000000e+00	-2.742788e-01
1.490142372297682e-01	0.000000e+00	-2.741921e-01
1.492095497297682e-01	0.000000e+00	-2.741052e-01
1.494048622297682e-01	0.000000e+00	-2.739914e-01
1.496001747297682e-01	0.000000e+00	-2.738766e-01
1.497020022575238e-01	0.000000e+00	-2.738170e-01
1.497382980173637e-01	0.000000e+00	-2.737956e-01
1.497633098273856e-01	0.000000e+00	-2.737810e-01
1.497764362318471e-01	0.000000e+00	-2.737732e-01
1.497960774083851e-01	0.000000e+00	-2.737618e-01
1.498148026717931e-01	0.000000e+00	-2.737508e-01
1.498362717029252e-01	0.000000e+00	-2.737445e-01
1.498655328425234e-01	0.000000e+00	-2.737356e-01
1.498972300149908e-01	0.000000e+00	-2.737241e-01
1.499606243599255e-01	0.000000e+00	-2.737006e-01
1.500000000000000e-01	5.960464e-08	-2.736798e-01
1.500000010000000e-01	2.000000e+00	1.726319e+00
1.500000169999995e-01	2.000000e+00	1.726319e+00
1.500000330777974e-01	2.000000e+00	1.726319e+00
1.500000485352931e-01	2.000000e+00	1.726318e+00
1.500000794502843e-01	2.000000e+00	1.726318e+00
1.500001412802669e-01	2.000000e+00	1.726318e+00
1.500002173189612e-01	2.000000e+00	1.726318e+00
1.500003177739571e-01	2.000000e+00	1.726318e+00
1.500004542046788e-01	2.000000e+00	1.726317e+00
1.500006913222025e-01	2.000000e+00	1.726316e+00
1.500011655572498e-01	2.000000e+00	1.726314e+00
1.500021140273445e-01	2.000000e+00	1.726311e+00
1.500040109675340e-01	2.000000e+00	1.726304e+00
1.500078048479128e-01	2.000000e+00	1.726290e+00
1.500153926086704e-01	2.000000e+00	1.726262e+00
1.500305681301858e-01	2.000000e+00	1.726206e+00
1.500609191732165e-01	2.000000e+00	1.726095e+00
1.501216212592778e-01	2.000000e+00	1.725872e+00
1.502070187777045e-01	2.000000e+00	1.725558e+00
1.502662723712580e-01	2.000000e+00	1.725341e+00
1.503011321690759e-01	2.000000e+00	1.725213e+00
1.503374843982911e-01	2.000000e+00	1.725079e+00
1.503796295235789e-01	2.000000e+00	1.724925e+00
1.504488214768375e-01	2.000000e+00	1.724671e+00
1.505213300605905e-01	2.000000e+00	1.724405e+00
1.506282209702105e-01	2.000000e+00	1.724013e+00
1.508197007980865e-01	2.000000e+00	1.723310e+00
1.510150132980864e-01	2.000000e+00	1.722594e+00
1.512103257980864e-01	2.000000e+00	1.721879e+00
1.514056382980864e-01	2.000000e+00	1.721163e+00
1.516009507980864e-01	2.000000e+00	1.720448e+00
1.517962632980864e-01	2.000000e+00	1.719733e+00
1.519915757980864e-01	2.000000e+00	1.719019e+00
1.520986386972615e-01	2.000000e+00	1.718627e+00
1.522117758081125e-01	2.000000e+00	1.718214e+00
1.523363380868460e-01	2.000000e+00	1.717758e+00
1.524114886771140e-01	2.000000e+00	1.717484e+00
1.525048917560536e-01	2.000000e+00	1.717143e+00
1.526051601572647e-01	2.000000e+00	1.716776e+00
1.526719714880609e-01	2.000000e+00	1.716532e+00
1.527425651172724e-01	2.000000e+00	1.716274e+00
1.528314778173016e-01	2.000000e+00	1.715950e+00
1.529116554969545e-01	2.000000e+00	1.715657e+00
1.530025342723620e-01	2.000000e+00	1.715325e+00
1.530804524597454e-01	2.000000e+00	1.715041e+00
1.531578655587882e-01	2.000000e+00	1.714759e+00
1.532366949033465e-01	2.000000e+00	1.714471e+00
1.533439198524381e-01	2.000000e+00	1.714080e+00
1.535102494202839e-01	2.000000e+00	1.713473e+00
1.537055619202839e-01	2.000000e+00	1.712762e+00
1.539008744202839e-01	2.000000e+00	1.712050e+00
1.540961869202839e-01	2.000000e+00	1.711339e+00
1.542914994202839e-01	2.000000e+00	1.710628e+00
1.544868119202839e-01	2.000000e+00	1.709917e+00
1.546403793231942e-01	2.000000e+00	1.709358e+00
1.547224386464142e-01	2.000000e+00	1.709060e+00
1.547584995241289e-01	2.000000e+00	1.708929e+00
1.547739340969061e-01	2.000000e+00	1.708873e+00
1.547918812818709e-01	2.000000e+00	1.708807e+00
1.548118008135673e-01	2.000000e+00	1.708735e+00
1.548383812537656e-01	2.000000e+00	1.708638e+00
1.548658627547443e-01	2.000000e+00	1.708538e+00
1.549078958659519e-01	2.000000e+00	1.708386e+00
1.549730946038284e-01	2.000000e+00	1.708149e+00
1.550000010000000e-01	2.000000e+00	1.708051e+00
1.550000020000000e-01	0.000000e+00	-2.919478e-01
1.550000180000000e-01	0.000000e+00	-2.919476e-01
1.550000353145444e-01	0.000000e+00	-2.919478e-01
1.550000520148571e-01	0.000000e+00	-2.919477e-01
1.550000854154827e-01	0.000000e+00	-2.919480e-01
1.550001522167338e-01	0.000000e+00	-2.919478e-01
1.550002858192359e-01	0.000000e+00	-2.919481e-01
1.550005070292049e-01	0.000000e+00	-2.919479e-01
1.550009020912278e-01	0.000000e+00	-2.919480e-01
1.550016922152735e-01	0.000000e+00	-2.919474e-01
1.550032724633650e-01	0.000000e+00	-2.919467e-01
1.550064329595479e-01	0.000000e+00	-2.919447e-01
1.550127539519137e-01	0.000000e+00	-2.919411e-01
1.550253959366454e-01	0.000000e+00	-2.919332e-01
1.550506799061088e-01	0.000000e+00	-2.919178e-01
1.551012478450355e-01	0.000000e+00	-2.918863e-01
1.552023837228890e-01	0.000000e+00	-2.918238e-01
1.552496163762862e-01	0.000000e+00	-2.917939e-01
1.552874811860220e-01	0.000000e+00	-2.917702e-01
1.553231804320074e-01	0.000000e+00	-2.917476e-01
1.553583278980938e-01	0.000000e+00	-2.917256e-01
1.554286228302668e-01	0.000000e+00	-2.916812e-01
1.554948169219584e-01	0.000000e+00	-2.916398e-01
1.555929082920076e-01	0.000000e+00	-2.915779e-01
1.557373496529714e-01	0.000000e+00	-2.914872e-01
1.559326621529714e-01	0.000000e+00	-2.913643e-01
1.561279746529714e-01	0.000000e+00	-2.913748e-01
1.563232871529714e-01	0.000000e+00	-2.913867e-01
1.565185996529714e-01	0.000000e+00	-2.913994e-01
1.567139121529714e-01	0.000000e+00	-2.914103e-01
1.569092246529714e-01	0.000000e+00	-2.912877e-01
1.571045371529713e-01	0.000000e+00	-2.911649e-01
1.572998496529713e-01	0.000000e+00	-2.910424e-01
1.574951621529713e-01	0.000000e+00	-2.909197e-01
1.576482018572272e-01	0.000000e+00	-2.908239e-01
1.578435143572272e-01	0.000000e+00	-2.907012e-01
1.580388268572271e-01	0.000000e+00	-2.905790e-01
1.582341393572271e-01	0.000000e+00	-2.904565e-01
1.584294518572271e-01	0.000000e+00	-2.904643e-01
1.586247643572271e-01	0.000000e+00	-2.904733e-01
1.588200768572271e-01	0.000000e+00	-2.904832e-01
1.590153893572271e-01	0.000000e+00	-2.904928e-01
1.592107018572271e-01	0.000000e+00	-2.905028e-01
1.594060143572271e-01	0.000000e+00	-2.905110e-01
1.596013268572271e-01	0.000000e+00	-2.903888e-01
1.596928506998610e-01	0.000000e+00	-2.903313e-01
1.597403221749866e-01	0.000000e+00	-2.903018e-01
1.597671516103981e-01	0.000000e+00	-2.902848e-01
1.597854237373842e-01	0.000000e+00	-2.902735e-01
1.598028257230339e-01	0.000000e+00	-2.902627e-01
1.598305834013521e-01	0.000000e+00	-2.904174e-01
1.598595187142081e-01	0.000000e+00	-2.905783e-01
1.599173893399201e-01	0.000000e+00	-2.905428e-01
1.599989254558250e-01	0.000000e+00	-2.904923e-01
1.600000000000000e-01	0.000000e+00	-2.904919e-01
1.600000010000000e-01	2.000000e+00	1.709507e+00
1.600000170000000e-01	2.000000e+00	1.709507e+00
1.600000353510025e-01	2.000000e+00	1.709507e+00
1.600000530854122e-01	2.000000e+00	1.709506e+00
1.600000885542316e-01	2.000000e+00	1.709506e+00
1.600001594918704e-01	2.000000e+00	1.709506e+00
1.600002591377635e-01	2.000000e+00	1.709506e+00
1.600004024931610e-01	2.000000e+00	1.709505e+00
1.600006243673925e-01	2.000000e+00	1.709504e+00
1.600010681158554e-01	2.000000e+00	1.709503e+00
1.600019556127813e-01	2.000000e+00	1.709499e+00
1.600037306066330e-01	2.000000e+00	1.709493e+00
1.600072805943364e-01	2.000000e+00	1.709480e+00
1.600143805697433e-01	2.000000e+00	1.709454e+00
1.600285805205570e-01	2.000000e+00	1.709403e+00
1.600569804221845e-01	2.000000e+00	1.709299e+00
1.601137802254395e-01	2.000000e+00	1.709093e+00
1.602273798319495e-01	2.000000e+00	1.708680e+00
1.602709617748714e-01	2.000000e+00	1.708521e+00
1.603093057375773e-01	2.000000e+00	1.708382e+00
1.603460002383194e-01	2.000000e+00	1.708248e+00
1.603966569322546e-01	2.000000e+00	1.708064e+00
1.604698850886293e-01	2.000000e+00	1.707798e+00
1.605460916711936e-01	2.000000e+00	1.707521e+00
1.606719216152772e-01	2.000000e+00	1.707064e+00
1.608672341152771e-01	2.000000e+00	1.706355e+00
1.610625466152771e-01	2.000000e+00	1.705646e+00
1.612578591152771e-01	2.000000e+00	1.704937e+00
1.614531716152771e-01	2.000000e+00	1.704229e+00
1.616484841152771e-01	2.000000e+00	1.703521e+00
1.618437966152771e-01	2.000000e+00	1.702813e+00
1.620016236793781e-01	2.000000e+00	1.702242e+00
1.621312439233898e-01	2.000000e+00	1.701772e+00
1.622546091336750e-01	2.000000e+00	1.701325e+00
1.623856850714977e-01	2.000000e+00	1.700851e+00
1.624715039949921e-01	2.000000e+00	1.700541e+00
1.625721049648076e-01	2.000000e+00	1.700177e+00
1.626687788803062e-01	2.000000e+00	1.699827e+00
1.627392583585990e-01	2.000000e+00	1.699572e+00
1.628161074108443e-01	2.000000e+00	1.699294e+00
1.628981742156480e-01	2.000000e+00	1.698997e+00
1.630154180872727e-01	2.000000e+00	1.698574e+00
1.631003915697814e-01	2.000000e+00	1.698267e+00
1.631845771116000e-01	2.000000e+00	1.697962e+00
1.632746361060071e-01	2.000000e+00	1.697637e+00
1.634069920796427e-01	2.000000e+00	1.697159e+00
1.636023045796427e-01	2.000000e+00	1.696454e+00
1.637976170796427e-01	2.000000e+00	1.695749e+00
1.639929295796427e-01	2.000000e+00	1.695045e+00
1.641882420796427e-01	2.000000e+00	1.694340e+00
1.643835545796427e-01	2.000000e+00	1.693637e+00
1.645788670796426e-01	2.000000e+00	1.692933e+00
1.646771239335305e-01	2.000000e+00	1.692579e+00
1.647317897846206e-01	2.000000e+00	1.692382e+00
1.647781172909537e-01	2.000000e+00	1.692215e+00
1.647982337300553e-01	2.000000e+00	1.692143e+00
1.648168907859815e-01	2.000000e+00	1.692076e+00
1.648449533223350e-01	2.000000e+00	1.691975e+00
1.648850526811596e-01	2.000000e+00	1.691830e+00
1.649652513988088e-01	2.000000e+00	1.691542e+00
1.650000010000000e-01	2.000000e+00	1.691417e+00
1.650000020000000e-01	0.000000e+00	-3.085821e-01
1.650000180000000e-01	0.000000e+00	-3.085818e-01
1.650000376127086e-01	0.000000e+00	-3.085820e-01
1.650000566358407e-01	0.000000e+00	-3.085819e-01
1.650000946821048e-01	0.000000e+00	-3.085826e-01
1.650001707746332e-01	0.000000e+00	-3.085826e-01
1.650002956061210e-01	0.000000e+00	-3.085831e-01
1.650004757510752e-01	0.000000e+00	-3.085829e-01
1.650007773628397e-01	0.000000e+00	-3.085832e-01
1.650013805863687e-01	0.000000e+00	-3.085827e-01
1.650025870334267e-01	0.000000e+00	-3.085825e-01
1.650049999275427e-01	0.000000e+00	-3.085809e-01
1.650098257157748e-01	0.000000e+00	-3.085783e-01
1.650194772922389e-01	0.000000e+00	-3.085719e-01
1.650387804451671e-01	0.000000e+00	-3.085598e-01
1.650773867510235e-01	0.000000e+00	-3.085343e-01
1.651545993627363e-01	0.000000e+00	-3.084842e-01
1.652056619180816e-01	0.000000e+00	-3.084505e-01
1.652596011428016e-01	0.000000e+00	-3.084155e-01
1.652908057921895e-01	0.000000e+00	-3.083942e-01
1.653241395565097e-01	0.000000e+00	-3.083721e-01
1.653604881264723e-01	0.000000e+00	-3.083473e-01
1.654331852663976e-01	0.000000e+00	-3.082986e-01
1.655004300637201e-01	0.000000e+00	-3.082531e-01
1.655996003610060e-01	0.000000e+00	-3.081866e-01
1.657514854586442e-01	0.000000e+00	-3.080842e-01
1.659467979586442e-01	0.000000e+00	-3.079531e-01
1.661421104586442e-01	0.000000e+00	-3.078249e-01
1.663374229586442e-01	0.000000e+00	-3.076973e-01
1.665327354586442e-01	0.000000e+00	-3.075692e-01
1.667280479586442e-01	0.000000e+00	-3.074417e-01
1.669233604586441e-01	0.000000e+00	-3.073104e-01
1.671186729586441e-01	0.000000e+00	-3.071797e-01
1.673139854586441e-01	0.000000e+00	-3.070485e-01
1.675092979586441e-01	0.000000e+00	-3.069180e-01
1.676651400051265e-01	0.000000e+00	-3.068134e-01
1.678604525051265e-01	0.000000e+00	-3.066829e-01
1.680557650051265e-01	0.000000e+00	-3.065520e-01
1.682510775051265e-01	0.000000e+00	-3.064217e-01
1.684463900051265e-01	0.000000e+00	-3.062941e-01
1.686417025051265e-01	0.000000e+00	-3.061671e-01
1.688370150051265e-01	0.000000e+00	-3.060397e-01
1.690323275051265e-01	0.000000e+00	-3.059128e-01
1.692276400051264e-01	0.000000e+00	-3.057855e-01
1.694229525051264e-01	0.000000e+00	-3.056587e-01
1.696182650051264e-01	0.000000e+00	-3.055283e-01
1.697129764231437e-01	0.000000e+00	-3.054655e-01
1.697479973413305e-01	0.000000e+00	-3.054419e-01
1.697669033821083e-01	0.000000e+00	-3.054411e-01
1.697815102533750e-01	0.000000e+00	-3.054400e-01
1.698002786479342e-01	0.000000e+00	-3.054278e-01
1.698185941412716e-01	0.000000e+00	-3.054157e-01
1.698412739127922e-01	0.000000e+00	-3.056221e-01
1.698762865167294e-01	0.000000e+00	-3.059399e-01
1.699094218572960e-01	0.000000e+00	-3.060132e-01
1.699756925384291e-01	0.000000e+00	-3.061591e-01
1.700000000000000e-01	0.000000e+00	-3.061503e-01
1.700000010000000e-01	2.000000e+00	1.693848e+00
1.700000170000000e-01	2.000000e+00	1.693848e+00
1.700000397503631e-01	2.000000e+00	1.693848e+00
1.700000602498659e-01	2.000000e+00	1.693848e+00
1.700001012488716e-01	2.000000e+00	1.693848e+00
1.700001682409826e-01	2.000000e+00	1.693848e+00
1.700002560452565e-01	2.000000e+00	1.693847e+00
1.700003729559908e-01	2.000000e+00	1.693847e+00
1.700005480746438e-01	2.000000e+00	1.693846e+00
1.700008762813763e-01	2.000000e+00	1.693845e+00
1.700015326948413e-01	2.000000e+00	1.693843e+00
1.700028455217713e-01	2.000000e+00	1.693838e+00
1.700054711756311e-01	2.000000e+00	1.693828e+00
1.700107224833509e-01	2.000000e+00	1.693810e+00
1.700212250987905e-01	2.000000e+00	1.693772e+00
1.700422303296696e-01	2.000000e+00	1.693696e+00
1.700842407914278e-01	2.000000e+00	1.693545e+00
1.701682617149443e-01	2.000000e+00	1.693242e+00
1.702203368786662e-01	2.000000e+00	1.693054e+00
1.702675047518883e-01	2.000000e+00	1.692884e+00
1.702987268614803e-01	2.000000e+00	1.692772e+00
1.703314080357594e-01	2.000000e+00	1.692654e+00
1.703724082861820e-01	2.000000e+00	1.692507e+00
1.704396385638411e-01	2.000000e+00	1.692264e+00
1.705103441765760e-01	2.000000e+00	1.692010e+00
1.706103620279852e-01	2.000000e+00	1.691650e+00
1.707876887055444e-01	2.000000e+00	1.691012e+00
1.709830012055444e-01	2.000000e+00	1.690309e+00
1.711783137055444e-01	2.000000e+00	1.689607e+00
1.713736262055444e-01	2.000000e+00	1.688905e+00
1.715689387055443e-01	2.000000e+00	1.688203e+00
1.717642512055443e-01	2.000000e+00	1.687502e+00
1.719595637055443e-01	2.000000e+00	1.686801e+00
1.720710059425879e-01	2.000000e+00	1.686401e+00
1.721922407655794e-01	2.000000e+00	1.685966e+00
1.723116333159512e-01	2.000000e+00	1.685537e+00
1.723861684650975e-01	2.000000e+00	1.685270e+00
1.724716873112443e-01	2.000000e+00	1.684964e+00
1.725704855840578e-01	2.000000e+00	1.684610e+00
1.726609919020492e-01	2.000000e+00	1.684285e+00
1.727305811367583e-01	2.000000e+00	1.684036e+00
1.728065645212048e-01	2.000000e+00	1.683764e+00
1.728889703237955e-01	2.000000e+00	1.683468e+00
1.729918213269031e-01	2.000000e+00	1.683100e+00
1.730736459870220e-01	2.000000e+00	1.682807e+00
1.731546999309819e-01	2.000000e+00	1.682517e+00
1.732331445614046e-01	2.000000e+00	1.682236e+00
1.733395611878513e-01	2.000000e+00	1.681855e+00
1.735047168954858e-01	2.000000e+00	1.681264e+00
1.737000293954858e-01	2.000000e+00	1.680566e+00
1.738953418954858e-01	2.000000e+00	1.679868e+00
1.740906543954858e-01	2.000000e+00	1.679170e+00
1.742859668954858e-01	2.000000e+00	1.678472e+00
1.744812793954858e-01	2.000000e+00	1.677775e+00
1.746399193683266e-01	2.000000e+00	1.677208e+00
1.747239721940812e-01	2.000000e+00	1.676908e+00
1.747585158919318e-01	2.000000e+00	1.676785e+00
1.747751755787547e-01	2.000000e+00	1.676726e+00
1.747936787656840e-01	2.000000e+00	1.676660e+00
1.748136177050429e-01	2.000000e+00	1.676589e+00
1.748398681119825e-01	2.000000e+00	1.676495e+00
1.748691733849457e-01	2.000000e+00	1.676390e+00
1.749178617214052e-01	2.000000e+00	1.676217e+00
1.749984495090805e-01	2.000000e+00	1.675929e+00
1.750000010000000e-01	2.000000e+00	1.675924e+00
1.750000020000000e-01	0.000000e+00	-3.240748e-01
1.750000180000000e-01	0.000000e+00	-3.240743e-01
1.750000419135199e-01	0.000000e+00	-3.240750e-01
1.750000638050168e-01	0.000000e+00	-3.240750e-01
1.750001075880105e-01	0.000000e+00	-3.240760e-01
1.750001951539980e-01	0.000000e+00	-3.240759e-01
1.750003702859730e-01	0.000000e+00	-3.240769e-01
1.750007205499229e-01	0.000000e+00	-3.240766e-01
1.750014210778228e-01	0.000000e+00	-3.240772e-01
1.750028221336225e-01	0.000000e+00	-3.240761e-01
1.750056242452220e-01	0.000000e+00	-3.240753e-01
1.750112284684210e-01	0.000000e+00	-3.240713e-01
1.750224369148189e-01	0.000000e+00	-3.240647e-01
1.750448538076148e-01	0.000000e+00	-3.240491e-01
1.750896875932065e-01	0.000000e+00	-3.240193e-01
1.751793551643899e-01	0.000000e+00	-3.239573e-01
1.752500249742930e-01	0.000000e+00	-3.239092e-01
1.752883864444703e-01	0.000000e+00	-3.238811e-01
1.753265480431889e-01	0.000000e+00	-3.238539e-01
1.753627372248059e-01	0.000000e+00	-3.238273e-01
1.754351155880400e-01	0.000000e+00	-3.237754e-01
1.755026589557087e-01	0.000000e+00	-3.237261e-01
1.756037883560793e-01	0.000000e+00	-3.236535e-01
1.757578177059956e-01	0.000000e+00	-3.235418e-01
1.759531302059956e-01	0.000000e+00	-3.234012e-01
1.761484427059956e-01	0.000000e+00	-3.232666e-01
1.763437552059956e-01	0.000000e+00	-3.231329e-01
1.765390677059956e-01	0.000000e+00	-3.229984e-01
1.767343802059956e-01	0.000000e+00	-3.228647e-01
1.769296927059955e-01	0.000000e+00	-3.227237e-01
1.771250052059955e-01	0.000000e+00	-3.225836e-01
1.773203177059955e-01	0.000000e+00	-3.224428e-01
1.775156302059955e-01	0.000000e+00	-3.223028e-01
1.776754507961984e-01	0.000000e+00	-3.221876e-01
1.778707632961984e-01	0.000000e+00	-3.220478e-01
1.780660757961984e-01	0.000000e+00	-3.219073e-01
1.782613882961984e-01	0.000000e+00	-3.217676e-01
1.784567007961984e-01	0.000000e+00	-3.216337e-01
1.786520132961984e-01	0.000000e+00	-3.215006e-01
1.788473257961984e-01	0.000000e+00	-3.213668e-01
1.790426382961983e-01	0.000000e+00	-3.212338e-01
1.792379507961983e-01	0.000000e+00	-3.211001e-01
1.794332632961983e-01	0.000000e+00	-3.209673e-01
1.796285757961983e-01	0.000000e+00	-3.208274e-01
1.797179869162579e-01	0.000000e+00	-3.207639e-01
1.797521605155269e-01	0.000000e+00	-3.207392e-01
1.797691180124925e-01	0.000000e+00	-3.207553e-01
1.797848109401828e-01	0.000000e+00	-3.207694e-01
1.798038048102502e-01	0.000000e+00	-3.207563e-01
1.798246682136145e-01	0.000000e+00	-3.207419e-01
1.798487520262297e-01	0.000000e+00	-3.207262e-01
1.798822713526569e-01	0.000000e+00	-3.207031e-01
1.799190967335998e-01	0.000000e+00	-3.206787e-01
1.799927474954856e-01	0.000000e+00	-3.206283e-01
1.800000000000000e-01	5.960464e-08	-3.206261e-01
1.800000010000000e-01	2.000000e+00	1.679372e+00
1.800000169999995e-01	2.000000e+00	1.679372e+00
1.800000414924936e-01	2.000000e+00	1.679372e+00
1.800000640390118e-01	2.000000e+00	1.679372e+00
1.800001091320481e-01	2.000000e+00	1.679372e+00
1.800001715436196e-01	2.000000e+00	1.679372e+00
1.800002547788491e-01	2.000000e+00	1.679371e+00
1.800003618549012e-01	2.000000e+00	1.679371e+00
1.800005245995484e-01	2.000000e+00	1.679370e+00
1.800008145717752e-01	2.000000e+00	1.679369e+00
1.800013945162288e-01	2.000000e+00	1.679367e+00
1.800025544051360e-01	2.000000e+00	1.679363e+00
1.800048741829504e-01	2.000000e+00	1.679355e+00
1.800095137385792e-01	2.000000e+00	1.679338e+00
1.800187928498368e-01	2.000000e+00	1.679305e+00
1.800373510723519e-01	2.000000e+00	1.679239e+00
1.800744675173822e-01	2.000000e+00	1.679106e+00
1.801487004074428e-01	2.000000e+00	1.678841e+00
1.801938260013830e-01	2.000000e+00	1.678680e+00
1.802401487308035e-01	2.000000e+00	1.678514e+00
1.802697250790809e-01	2.000000e+00	1.678409e+00
1.802994024294368e-01	2.000000e+00	1.678303e+00
1.803296114213585e-01	2.000000e+00	1.678195e+00
1.803731000828675e-01	2.000000e+00	1.678039e+00
1.804389348859978e-01	2.000000e+00	1.677804e+00
1.805087422599604e-01	2.000000e+00	1.677555e+00
1.806094138830185e-01	2.000000e+00	1.677196e+00
1.807841335864998e-01	2.000000e+00	1.676573e+00
1.809794460864998e-01	2.000000e+00	1.675876e+00
1.811747585864998e-01	2.000000e+00	1.675180e+00
1.813700710864998e-01	2.000000e+00	1.674484e+00
1.815653835864998e-01	2.000000e+00	1.673788e+00
1.817606960864998e-01	2.000000e+00	1.673093e+00
1.819560085864998e-01	2.000000e+00	1.672397e+00
1.821044912274756e-01	2.000000e+00	1.671869e+00
1.822183633441760e-01	2.000000e+00	1.671464e+00
1.823306460385330e-01	2.000000e+00	1.671065e+00
1.824010515664978e-01	2.000000e+00	1.670815e+00
1.824906355532288e-01	2.000000e+00	1.670496e+00
1.825899791615214e-01	2.000000e+00	1.670143e+00
1.826618507652564e-01	2.000000e+00	1.669888e+00
1.827309713316037e-01	2.000000e+00	1.669642e+00
1.828082246481619e-01	2.000000e+00	1.669368e+00
1.828911127952334e-01	2.000000e+00	1.669073e+00
1.829877914955430e-01	2.000000e+00	1.668730e+00
1.830665681987387e-01	2.000000e+00	1.668450e+00
1.831486919216851e-01	2.000000e+00	1.668159e+00
1.832374163444604e-01	2.000000e+00	1.667844e+00
1.833517822127005e-01	2.000000e+00	1.667438e+00
1.835344762114201e-01	2.000000e+00	1.666790e+00
1.837297887114201e-01	2.000000e+00	1.666098e+00
1.839251012114201e-01	2.000000e+00	1.665405e+00
1.841204137114200e-01	2.000000e+00	1.664714e+00
1.843157262114200e-01	2.000000e+00	1.664022e+00
1.845110387114200e-01	2.000000e+00	1.663331e+00
1.846641593671799e-01	2.000000e+00	1.662789e+00
1.847271185549808e-01	2.000000e+00	1.662566e+00
1.847692922536359e-01	2.000000e+00	1.662417e+00
1.847823240093631e-01	2.000000e+00	1.662371e+00
1.848030848415651e-01	2.000000e+00	1.662297e+00
1.848266510617252e-01	2.000000e+00	1.662214e+00
1.848480399069612e-01	2.000000e+00	1.662138e+00
1.848854409858270e-01	2.000000e+00	1.662006e+00
1.849216811626240e-01	2.000000e+00	1.661878e+00
1.849941615162181e-01	2.000000e+00	1.661622e+00
1.850000010000000e-01	2.000000e+00	1.661601e+00
1.850000020000000e-01	0.000000e+00	-3.383971e-01
1.850000180000000e-01	0.000000e+00	-3.383977e-01
1.850000340722928e-01	0.000000e+00	-3.383971e-01
1.850000494908735e-01	0.000000e+00	-3.383976e-01
1.850000803280351e-01	0.000000e+00	-3.383975e-01
1.850001294784847e-01	0.000000e+00	-3.383988e-01
1.850001754717783e-01	0.000000e+00	-3.383988e-01
1.850002353193517e-01	0.000000e+00	-3.383998e-01
1.850002991346883e-01	0.000000e+00	-3.383996e-01
1.850004051179747e-01	0.000000e+00	-3.384008e-01
1.850005519209338e-01	0.000000e+00	-3.384006e-01
1.850008271343633e-01	0.000000e+00	-3.384017e-01
1.850013450379113e-01	0.000000e+00	-3.384013e-01
1.850023808450073e-01	0.000000e+00	-3.384019e-01
1.850044524591992e-01	0.000000e+00	-3.384003e-01
1.850085956875830e-01	0.000000e+00	-3.383987e-01
1.850168821443507e-01	0.000000e+00	-3.383926e-01
1.850334550578861e-01	0.000000e+00	-3.383820e-01
1.850666008849569e-01	0.000000e+00	-3.383580e-01
1.851328925390985e-01	0.000000e+00	-3.383116e-01
1.851857013302856e-01	0.000000e+00	-3.382735e-01
1.852291164352256e-01	0.000000e+00	-3.385550e-01
1.852592068828436e-01	0.000000e+00	-3.387477e-01
1.852873103005575e-01	0.000000e+00	-3.387267e-01
1.853167058782076e-01	0.000000e+00	-3.387036e-01
1.853517016240075e-01	0.000000e+00	-3.386773e-01
1.854216931156073e-01	0.000000e+00	-3.386231e-01
1.854882539822030e-01	0.000000e+00	-3.385726e-01
1.855809324008163e-01	0.000000e+00	-3.385010e-01
1.857180517407553e-01	0.000000e+00	-3.383964e-01
1.859133642407552e-01	0.000000e+00	-3.382463e-01
1.861086767407552e-01	0.000000e+00	-3.380974e-01
1.863039892407552e-01	0.000000e+00	-3.379565e-01
1.864993017407552e-01	0.000000e+00	-3.378168e-01
1.866946142407552e-01	0.000000e+00	-3.376671e-01
1.868899267407552e-01	0.000000e+00	-3.375185e-01
1.870852392407552e-01	0.000000e+00	-3.373690e-01
1.872805517407552e-01	0.000000e+00	-3.372205e-01
1.874758642407552e-01	0.000000e+00	-3.370712e-01
1.876410286042872e-01	0.000000e+00	-3.369459e-01
1.878363411042872e-01	0.000000e+00	-3.367968e-01
1.880316536042872e-01	0.000000e+00	-3.366487e-01
1.882269661042872e-01	0.000000e+00	-3.364998e-01
1.884222786042872e-01	0.000000e+00	-3.363519e-01
1.886175911042872e-01	0.000000e+00	-3.362118e-01
1.888129036042872e-01	0.000000e+00	-3.360728e-01
1.890082161042872e-01	0.000000e+00	-3.359329e-01
1.892035286042872e-01	0.000000e+00	-3.357939e-01
1.893988411042871e-01	0.000000e+00	-3.356455e-01
1.895941536042871e-01	0.000000e+00	-3.354982e-01
1.896965384575479e-01	0.000000e+00	-3.354203e-01
1.897364771086031e-01	0.000000e+00	-3.353905e-01
1.897636144277973e-01	0.000000e+00	-3.353695e-01
1.897770988460353e-01	0.000000e+00	-3.353882e-01
1.897978056770198e-01	0.000000e+00	-3.354169e-01
1.898195418365423e-01	0.000000e+00	-3.354023e-01
1.898437205971810e-01	0.000000e+00	-3.353848e-01
1.898778232156288e-01	0.000000e+00	-3.353615e-01
1.899159365596734e-01	0.000000e+00	-3.353342e-01
1.899801478981917e-01	0.000000e+00	-3.352894e-01
1.900000000000000e-01	0.000000e+00	-3.352751e-01
1.900000010000000e-01	2.000000e+00	1.664723e+00
1.900000170000000e-01	2.000000e+00	1.664723e+00
1.900000323654915e-01	2.000000e+00	1.664723e+00
1.900000471065457e-01	2.000000e+00	1.664723e+00
1.900000765886541e-01	2.000000e+00	1.664723e+00
1.900001355528710e-01	2.000000e+00	1.664723e+00
1.900002179655753e-01	2.000000e+00	1.664722e+00
1.900003190854833e-01	2.000000e+00	1.664722e+00
1.900004662253909e-01	2.000000e+00	1.664721e+00
1.900007307900755e-01	2.000000e+00	1.664720e+00
1.900012599194449e-01	2.000000e+00	1.664718e+00
1.900023181781837e-01	2.000000e+00	1.664715e+00
1.900044346956612e-01	2.000000e+00	1.664707e+00
1.900086677306162e-01	2.000000e+00	1.664692e+00
1.900171338005262e-01	2.000000e+00	1.664662e+00
1.900340659403461e-01	2.000000e+00	1.664602e+00
1.900679302199860e-01	2.000000e+00	1.664482e+00
1.901356587792659e-01	2.000000e+00	1.664242e+00
1.901936721144581e-01	2.000000e+00	1.664037e+00
1.902340647536099e-01	2.000000e+00	1.663894e+00
1.902645101212106e-01	2.000000e+00	1.663786e+00
1.902931682908357e-01	2.000000e+00	1.663685e+00
1.903226990821224e-01	2.000000e+00	1.663580e+00
1.903610302726116e-01	2.000000e+00	1.663445e+00
1.904262568724092e-01	2.000000e+00	1.663214e+00
1.904948832157779e-01	2.000000e+00	1.662971e+00
1.905863192196147e-01	2.000000e+00	1.662647e+00
1.907425571267575e-01	2.000000e+00	1.662095e+00
1.909378696267575e-01	2.000000e+00	1.661404e+00
1.911331821267575e-01	2.000000e+00	1.660714e+00
1.913284946267575e-01	2.000000e+00	1.660024e+00
1.915238071267575e-01	2.000000e+00	1.659334e+00
1.917191196267574e-01	2.000000e+00	1.658645e+00
1.919144321267574e-01	2.000000e+00	1.657956e+00
1.920455298317932e-01	2.000000e+00	1.657493e+00
1.921714106763145e-01	2.000000e+00	1.657050e+00
1.922938940032412e-01	2.000000e+00	1.656618e+00
1.923742683816288e-01	2.000000e+00	1.656335e+00
1.924567882590303e-01	2.000000e+00	1.656044e+00
1.925564578490725e-01	2.000000e+00	1.655693e+00
1.926828499289996e-01	2.000000e+00	1.655247e+00
1.927523191380435e-01	2.000000e+00	1.655003e+00
1.928275785745469e-01	2.000000e+00	1.654738e+00
1.929083668349622e-01	2.000000e+00	1.654453e+00
1.930112557172393e-01	2.000000e+00	1.654091e+00
1.930989110792364e-01	2.000000e+00	1.653783e+00
1.931858917484434e-01	2.000000e+00	1.653477e+00
1.932797047493410e-01	2.000000e+00	1.653147e+00
1.934168052839545e-01	2.000000e+00	1.652664e+00
1.936121177839545e-01	2.000000e+00	1.651978e+00
1.938074302839544e-01	2.000000e+00	1.651291e+00
1.940027427839544e-01	2.000000e+00	1.650605e+00
1.941980552839544e-01	2.000000e+00	1.649920e+00
1.943933677839544e-01	2.000000e+00	1.649234e+00
1.945886802839544e-01	2.000000e+00	1.648549e+00
1.946888947199763e-01	2.000000e+00	1.648198e+00
1.947356023831240e-01	2.000000e+00	1.648034e+00
1.947649471902583e-01	2.000000e+00	1.647931e+00
1.947806196113684e-01	2.000000e+00	1.647876e+00
1.947992749399933e-01	2.000000e+00	1.647810e+00
1.948210413349556e-01	2.000000e+00	1.647734e+00
1.948430594449932e-01	2.000000e+00	1.647657e+00
1.948870956650685e-01	2.000000e+00	1.647503e+00
1.949355890169640e-01	2.000000e+00	1.647333e+00
1.950000010000000e-01	2.000000e+00	1.647107e+00
1.950000020000000e-01	0.000000e+00	-3.528913e-01
1.950000180000000e-01	0.000000e+00	-3.528918e-01
1.950000318716402e-01	0.000000e+00	-3.528913e-01
1.950000451146483e-01	0.000000e+00	-3.528917e-01
1.950000716006644e-01	0.000000e+00	-3.528913e-01
1.950001218017400e-01	0.000000e+00	-3.528917e-01
1.950001762870188e-01	0.000000e+00	-3.528917e-01
1.950002511818329e-01	0.000000e+00	-3.528926e-01
1.950003478759640e-01	0.000000e+00	-3.528924e-01
1.950005021113961e-01	0.000000e+00	-3.528934e-01
1.950007637900781e-01	0.000000e+00	-3.528931e-01
1.950012871474422e-01	0.000000e+00	-3.528940e-01
1.950023338621702e-01	0.000000e+00	-3.528931e-01
1.950044272916264e-01	0.000000e+00	-3.528928e-01
1.950086141505387e-01	0.000000e+00	-3.528896e-01
1.950169878683632e-01	0.000000e+00	-3.528845e-01
1.950337353040124e-01	0.000000e+00	-3.528718e-01
1.950672301753106e-01	0.000000e+00	-3.528479e-01
1.951342199179071e-01	0.000000e+00	-3.527974e-01
1.952052634174077e-01	0.000000e+00	-3.527447e-01
1.952482739602379e-01	0.000000e+00	-3.527100e-01
1.952814188552392e-01	0.000000e+00	-3.526841e-01
1.953140840833233e-01	0.000000e+00	-3.526577e-01
1.953468533259827e-01	0.000000e+00	-3.526321e-01
1.954098909568056e-01	0.000000e+00	-3.525815e-01
1.954806035434986e-01	0.000000e+00	-3.525257e-01
1.955657428512921e-01	0.000000e+00	-3.524575e-01
1.956952699072537e-01	0.000000e+00	-3.523550e-01
1.958905824072537e-01	0.000000e+00	-3.521994e-01
1.960858949072536e-01	0.000000e+00	-3.520448e-01
1.962812074072536e-01	0.000000e+00	-3.518979e-01
1.964765199072536e-01	0.000000e+00	-3.517519e-01
1.966718324072536e-01	0.000000e+00	-3.516051e-01
1.968671449072536e-01	0.000000e+00	-3.514592e-01
1.970624574072536e-01	0.000000e+00	-3.513042e-01
1.972577699072536e-01	0.000000e+00	-3.511502e-01
1.974530824072536e-01	0.000000e+00	-3.509954e-01
1.976325573306965e-01	0.000000e+00	-3.508540e-01
1.978278698306964e-01	0.000000e+00	-3.506994e-01
1.980231823306964e-01	0.000000e+00	-3.505458e-01
1.982184948306964e-01	0.000000e+00	-3.503913e-01
1.984138073306964e-01	0.000000e+00	-3.502379e-01
1.986091198306964e-01	0.000000e+00	-3.500917e-01
1.988044323306964e-01	0.000000e+00	-3.499465e-01
1.989997448306964e-01	0.000000e+00	-3.498004e-01
1.991950573306964e-01	0.000000e+00	-3.496553e-01
1.993903698306964e-01	0.000000e+00	-3.495015e-01
1.995856823306963e-01	0.000000e+00	-3.493486e-01
1.996887323555855e-01	0.000000e+00	-3.492673e-01
1.997339723981421e-01	0.000000e+00	-3.492322e-01
1.997648932105376e-01	0.000000e+00	-3.492075e-01
1.997797519132914e-01	0.000000e+00	-3.491963e-01
1.997995170027801e-01	0.000000e+00	-3.491815e-01
1.998213667446073e-01	0.000000e+00	-3.493247e-01
1.998462414600581e-01	0.000000e+00	-3.494868e-01
1.998811546454263e-01	0.000000e+00	-3.494617e-01
1.999314272969442e-01	0.000000e+00	-3.494241e-01
2.000000000000000e-01	-nan	-nan
